date,region,crop_focus,latitude,longitude,rainfall_mm,temp_max,temp_min,wind_speed_kmh,consecutive_dry_days,weather_score,anomaly_type,source
2023-01-01,Andhra Pradesh (Krishna District),Rice,16.5,80.6,0.0,31.9,22.2,27.4,1,0.0,NORMAL,ERA5_PUBLIC_DATASET
2023-01-02,Andhra Pradesh (Krishna District),Rice,16.5,80.6,0.1,30.7,21.5,24.8,2,0.1,NORMAL,ERA5_PUBLIC_DATASET
2023-01-03,Andhra Pradesh (Krishna District),Rice,16.5,80.6,0.0,30.7,21.8,23.0,3,0.0,NORMAL,ERA5_PUBLIC_DATASET
2023-01-04,Andhra Pradesh (Krishna District),Rice,16.5,80.6,0.7,29.7,21.7,29.9,4,0.3,NORMAL,ERA5_PUBLIC_DATASET
2023-01-05,Andhra Pradesh (Krishna District),Rice,16.5,80.6,0.0,29.6,21.9,33.1,5,0.0,NORMAL,ERA5_PUBLIC_DATASET
2023-01-06,Andhra Pradesh (Krishna District),Rice,16.5,80.6,0.0,31.5,21.3,23.8,6,0.0,NORMAL,ERA5_PUBLIC_DATASET
2023-01-07,Andhra Pradesh (Krishna District),Rice,16.5,80.6,0.1,30.9,20.6,22.0,7,0.1,NORMAL,ERA5_PUBLIC_DATASET
2023-01-08,Andhra Pradesh (Krishna District),Rice,16.5,80.6,0.0,29.6,16.7,22.3,8,0.0,NORMAL,ERA5_PUBLIC_DATASET
2023-01-09,Andhra Pradesh (Krishna District),Rice,16.5,80.6,0.0,29.8,17.3,16.6,9,0.0,NORMAL,ERA5_PUBLIC_DATASET
2023-01-10,Andhra Pradesh (Krishna District),Rice,16.5,80.6,0.0,30.5,17.4,23.0,10,0.0,NORMAL,ERA5_PUBLIC_DATASET
2023-01-11,Andhra Pradesh (Krishna District),Rice,16.5,80.6,0.0,31.1,18.2,20.2,11,0.0,NORMAL,ERA5_PUBLIC_DATASET
2023-01-12,Andhra Pradesh (Krishna District),Rice,16.5,80.6,0.0,31.8,19.1,21.2,12,0.0,NORMAL,ERA5_PUBLIC_DATASET
2023-01-13,Andhra Pradesh (Krishna District),Rice,16.5,80.6,0.0,31.6,19.1,23.4,13,0.0,NORMAL,ERA5_PUBLIC_DATASET
2023-01-14,Andhra Pradesh (Krishna District),Rice,16.5,80.6,0.0,31.7,19.5,22.7,14,0.0,NORMAL,ERA5_PUBLIC_DATASET
2023-01-15,Andhra Pradesh (Krishna District),Rice,16.5,80.6,0.0,32.2,19.1,30.6,15,0.0,NORMAL,ERA5_PUBLIC_DATASET
2023-01-16,Andhra Pradesh (Krishna District),Rice,16.5,80.6,0.0,31.7,19.7,29.9,16,0.0,NORMAL,ERA5_PUBLIC_DATASET
2023-01-17,Andhra Pradesh (Krishna District),Rice,16.5,80.6,0.0,31.5,19.5,37.4,17,0.0,NORMAL,ERA5_PUBLIC_DATASET
2023-01-18,Andhra Pradesh (Krishna District),Rice,16.5,80.6,0.0,31.8,19.5,31.3,18,0.0,NORMAL,ERA5_PUBLIC_DATASET
2023-01-19,Andhra Pradesh (Krishna District),Rice,16.5,80.6,0.0,31.3,20.1,25.2,19,0.0,NORMAL,ERA5_PUBLIC_DATASET
2023-01-20,Andhra Pradesh (Krishna District),Rice,16.5,80.6,0.0,31.6,20.7,31.0,20,0.0,NORMAL,ERA5_PUBLIC_DATASET
2023-01-21,Andhra Pradesh (Krishna District),Rice,16.5,80.6,0.0,32.0,20.5,29.5,21,0.0,NORMAL,ERA5_PUBLIC_DATASET
2023-01-22,Andhra Pradesh (Krishna District),Rice,16.5,80.6,0.0,32.4,20.5,31.0,22,0.0,NORMAL,ERA5_PUBLIC_DATASET
2023-01-23,Andhra Pradesh (Krishna District),Rice,16.5,80.6,0.0,31.9,19.8,30.6,23,0.0,NORMAL,ERA5_PUBLIC_DATASET
2023-01-24,Andhra Pradesh (Krishna District),Rice,16.5,80.6,0.0,32.0,19.9,29.2,24,0.0,NORMAL,ERA5_PUBLIC_DATASET
2023-01-25,Andhra Pradesh (Krishna District),Rice,16.5,80.6,0.0,32.0,18.8,29.2,25,0.0,NORMAL,ERA5_PUBLIC_DATASET
2023-01-26,Andhra Pradesh (Krishna District),Rice,16.5,80.6,0.0,31.9,18.4,26.6,26,0.0,NORMAL,ERA5_PUBLIC_DATASET
2023-01-27,Andhra Pradesh (Krishna District),Rice,16.5,80.6,0.0,32.8,19.1,27.7,27,0.0,NORMAL,ERA5_PUBLIC_DATASET
2023-01-28,Andhra Pradesh (Krishna District),Rice,16.5,80.6,0.0,33.8,18.3,30.6,28,0.0,NORMAL,ERA5_PUBLIC_DATASET
2023-01-29,Andhra Pradesh (Krishna District),Rice,16.5,80.6,0.0,33.7,20.1,40.7,29,0.0,NORMAL,ERA5_PUBLIC_DATASET
2023-01-30,Andhra Pradesh (Krishna District),Rice,16.5,80.6,0.1,32.7,21.6,35.6,30,0.1,NORMAL,ERA5_PUBLIC_DATASET
2023-01-31,Andhra Pradesh (Krishna District),Rice,16.5,80.6,0.0,34.9,20.4,30.6,31,0.0,NORMAL,ERA5_PUBLIC_DATASET
2023-02-01,Andhra Pradesh (Krishna District),Rice,16.5,80.6,0.0,34.5,20.6,33.8,32,0.0,NORMAL,ERA5_PUBLIC_DATASET
2023-02-02,Andhra Pradesh (Krishna District),Rice,16.5,80.6,0.0,34.1,20.9,30.6,33,0.0,NORMAL,ERA5_PUBLIC_DATASET
2023-02-03,Andhra Pradesh (Krishna District),Rice,16.5,80.6,0.0,33.6,21.2,29.9,34,0.0,NORMAL,ERA5_PUBLIC_DATASET
2023-02-04,Andhra Pradesh (Krishna District),Rice,16.5,80.6,0.0,34.1,21.3,26.3,35,0.0,NORMAL,ERA5_PUBLIC_DATASET
2023-02-05,Andhra Pradesh (Krishna District),Rice,16.5,80.6,0.0,34.4,20.7,32.0,36,0.0,NORMAL,ERA5_PUBLIC_DATASET
2023-02-06,Andhra Pradesh (Krishna District),Rice,16.5,80.6,0.0,33.3,20.2,25.2,37,0.0,NORMAL,ERA5_PUBLIC_DATASET
2023-02-07,Andhra Pradesh (Krishna District),Rice,16.5,80.6,0.0,34.5,20.7,30.2,38,0.0,NORMAL,ERA5_PUBLIC_DATASET
2023-02-08,Andhra Pradesh (Krishna District),Rice,16.5,80.6,0.0,35.1,21.1,29.5,39,0.0,NORMAL,ERA5_PUBLIC_DATASET
2023-02-09,Andhra Pradesh (Krishna District),Rice,16.5,80.6,0.0,35.0,22.2,37.1,40,0.0,NORMAL,ERA5_PUBLIC_DATASET
2023-02-10,Andhra Pradesh (Krishna District),Rice,16.5,80.6,0.0,35.7,22.5,27.0,41,0.0,NORMAL,ERA5_PUBLIC_DATASET
2023-02-11,Andhra Pradesh (Krishna District),Rice,16.5,80.6,0.0,35.6,21.2,19.4,42,0.0,NORMAL,ERA5_PUBLIC_DATASET
2023-02-12,Andhra Pradesh (Krishna District),Rice,16.5,80.6,0.0,36.7,21.8,20.9,43,0.0,NORMAL,ERA5_PUBLIC_DATASET
2023-02-13,Andhra Pradesh (Krishna District),Rice,16.5,80.6,0.0,36.2,20.6,25.2,44,0.0,NORMAL,ERA5_PUBLIC_DATASET
2023-02-14,Andhra Pradesh (Krishna District),Rice,16.5,80.6,0.0,34.8,20.7,22.7,45,0.0,NORMAL,ERA5_PUBLIC_DATASET
2023-02-15,Andhra Pradesh (Krishna District),Rice,16.5,80.6,0.0,36.5,19.4,24.5,46,0.0,NORMAL,ERA5_PUBLIC_DATASET
2023-02-16,Andhra Pradesh (Krishna District),Rice,16.5,80.6,0.0,36.1,21.3,31.0,47,0.0,NORMAL,ERA5_PUBLIC_DATASET
2023-02-17,Andhra Pradesh (Krishna District),Rice,16.5,80.6,0.0,34.7,21.6,35.3,48,0.0,NORMAL,ERA5_PUBLIC_DATASET
2023-02-18,Andhra Pradesh (Krishna District),Rice,16.5,80.6,0.0,34.3,21.9,36.4,49,0.0,NORMAL,ERA5_PUBLIC_DATASET
2023-02-19,Andhra Pradesh (Krishna District),Rice,16.5,80.6,0.0,34.0,21.5,31.7,50,0.0,NORMAL,ERA5_PUBLIC_DATASET
2023-02-20,Andhra Pradesh (Krishna District),Rice,16.5,80.6,0.0,35.4,21.9,39.6,51,0.0,NORMAL,ERA5_PUBLIC_DATASET
2023-02-21,Andhra Pradesh (Krishna District),Rice,16.5,80.6,0.0,36.2,23.1,39.6,52,0.0,NORMAL,ERA5_PUBLIC_DATASET
2023-02-22,Andhra Pradesh (Krishna District),Rice,16.5,80.6,0.0,36.2,22.7,32.8,53,0.0,NORMAL,ERA5_PUBLIC_DATASET
2023-02-23,Andhra Pradesh (Krishna District),Rice,16.5,80.6,0.0,36.0,22.4,32.8,54,0.0,NORMAL,ERA5_PUBLIC_DATASET
2023-02-24,Andhra Pradesh (Krishna District),Rice,16.5,80.6,0.0,36.5,21.7,34.6,55,0.0,NORMAL,ERA5_PUBLIC_DATASET
2023-02-25,Andhra Pradesh (Krishna District),Rice,16.5,80.6,0.0,36.8,21.8,31.7,56,0.0,NORMAL,ERA5_PUBLIC_DATASET
2023-02-26,Andhra Pradesh (Krishna District),Rice,16.5,80.6,0.0,36.0,22.3,38.2,57,0.0,NORMAL,ERA5_PUBLIC_DATASET
2023-02-27,Andhra Pradesh (Krishna District),Rice,16.5,80.6,0.0,35.4,21.7,35.6,58,0.0,NORMAL,ERA5_PUBLIC_DATASET
2023-02-28,Andhra Pradesh (Krishna District),Rice,16.5,80.6,0.0,35.8,21.1,35.3,59,0.0,NORMAL,ERA5_PUBLIC_DATASET
2023-03-01,Andhra Pradesh (Krishna District),Rice,16.5,80.6,0.0,36.2,21.1,34.2,60,0.0,NORMAL,ERA5_PUBLIC_DATASET
2023-03-02,Andhra Pradesh (Krishna District),Rice,16.5,80.6,0.0,36.5,21.6,33.5,61,0.0,NORMAL,ERA5_PUBLIC_DATASET
2023-03-03,Andhra Pradesh (Krishna District),Rice,16.5,80.6,0.0,37.4,22.2,35.3,62,0.0,NORMAL,ERA5_PUBLIC_DATASET
2023-03-04,Andhra Pradesh (Krishna District),Rice,16.5,80.6,0.0,37.3,21.0,34.6,63,0.0,NORMAL,ERA5_PUBLIC_DATASET
2023-03-05,Andhra Pradesh (Krishna District),Rice,16.5,80.6,0.0,37.2,22.1,28.1,64,0.0,NORMAL,ERA5_PUBLIC_DATASET
2023-03-06,Andhra Pradesh (Krishna District),Rice,16.5,80.6,0.0,37.6,21.0,38.9,65,0.0,NORMAL,ERA5_PUBLIC_DATASET
2023-03-07,Andhra Pradesh (Krishna District),Rice,16.5,80.6,0.0,36.0,22.0,31.7,66,0.0,NORMAL,ERA5_PUBLIC_DATASET
2023-03-08,Andhra Pradesh (Krishna District),Rice,16.5,80.6,0.0,37.0,22.2,34.2,67,0.0,NORMAL,ERA5_PUBLIC_DATASET
2023-03-09,Andhra Pradesh (Krishna District),Rice,16.5,80.6,0.0,35.4,22.0,32.0,68,0.0,NORMAL,ERA5_PUBLIC_DATASET
2023-03-10,Andhra Pradesh (Krishna District),Rice,16.5,80.6,0.0,36.9,22.6,33.5,69,0.0,NORMAL,ERA5_PUBLIC_DATASET
2023-03-11,Andhra Pradesh (Krishna District),Rice,16.5,80.6,0.0,37.7,22.6,43.2,70,0.0,NORMAL,ERA5_PUBLIC_DATASET
2023-03-12,Andhra Pradesh (Krishna District),Rice,16.5,80.6,0.0,36.7,22.1,34.9,71,0.0,NORMAL,ERA5_PUBLIC_DATASET
2023-03-13,Andhra Pradesh (Krishna District),Rice,16.5,80.6,0.0,37.9,20.5,32.0,72,0.0,NORMAL,ERA5_PUBLIC_DATASET
2023-03-14,Andhra Pradesh (Krishna District),Rice,16.5,80.6,0.0,38.0,21.1,46.4,73,70.0,DROUGHT,ERA5_PUBLIC_DATASET
2023-03-15,Andhra Pradesh (Krishna District),Rice,16.5,80.6,0.2,36.8,23.2,40.0,74,0.1,NORMAL,ERA5_PUBLIC_DATASET
2023-03-16,Andhra Pradesh (Krishna District),Rice,16.5,80.6,12.8,33.0,24.9,49.3,0,6.4,NORMAL,ERA5_PUBLIC_DATASET
2023-03-17,Andhra Pradesh (Krishna District),Rice,16.5,80.6,23.8,27.9,21.5,33.5,0,11.9,NORMAL,ERA5_PUBLIC_DATASET
2023-03-18,Andhra Pradesh (Krishna District),Rice,16.5,80.6,31.9,26.9,21.9,30.6,0,15.0,NORMAL,ERA5_PUBLIC_DATASET
2023-03-19,Andhra Pradesh (Krishna District),Rice,16.5,80.6,39.9,28.9,21.0,32.4,0,15.0,NORMAL,ERA5_PUBLIC_DATASET
2023-03-20,Andhra Pradesh (Krishna District),Rice,16.5,80.6,2.5,30.5,22.2,31.7,0,1.2,NORMAL,ERA5_PUBLIC_DATASET
2023-03-21,Andhra Pradesh (Krishna District),Rice,16.5,80.6,2.8,32.0,23.0,31.3,0,1.4,NORMAL,ERA5_PUBLIC_DATASET
2023-03-22,Andhra Pradesh (Krishna District),Rice,16.5,80.6,0.9,32.7,23.3,33.1,1,0.5,NORMAL,ERA5_PUBLIC_DATASET
2023-03-23,Andhra Pradesh (Krishna District),Rice,16.5,80.6,3.6,31.7,24.3,39.6,0,1.8,NORMAL,ERA5_PUBLIC_DATASET
2023-03-24,Andhra Pradesh (Krishna District),Rice,16.5,80.6,0.1,33.9,25.1,25.9,1,0.1,NORMAL,ERA5_PUBLIC_DATASET
2023-03-25,Andhra Pradesh (Krishna District),Rice,16.5,80.6,1.1,33.5,24.7,35.3,0,0.6,NORMAL,ERA5_PUBLIC_DATASET
2023-03-26,Andhra Pradesh (Krishna District),Rice,16.5,80.6,5.5,32.4,24.8,37.4,0,2.8,NORMAL,ERA5_PUBLIC_DATASET
2023-03-27,Andhra Pradesh (Krishna District),Rice,16.5,80.6,3.7,32.4,25.5,25.9,0,1.9,NORMAL,ERA5_PUBLIC_DATASET
2023-03-28,Andhra Pradesh (Krishna District),Rice,16.5,80.6,1.4,34.5,25.7,32.8,0,0.7,NORMAL,ERA5_PUBLIC_DATASET
2023-03-29,Andhra Pradesh (Krishna District),Rice,16.5,80.6,0.0,34.2,25.0,34.9,1,0.0,NORMAL,ERA5_PUBLIC_DATASET
2023-03-30,Andhra Pradesh (Krishna District),Rice,16.5,80.6,0.2,34.4,24.5,31.0,2,0.1,NORMAL,ERA5_PUBLIC_DATASET
2023-03-31,Andhra Pradesh (Krishna District),Rice,16.5,80.6,3.0,35.4,24.8,36.4,0,1.5,NORMAL,ERA5_PUBLIC_DATASET
2023-04-01,Andhra Pradesh (Krishna District),Rice,16.5,80.6,3.2,33.2,25.5,37.4,0,1.6,NORMAL,ERA5_PUBLIC_DATASET
2023-04-02,Andhra Pradesh (Krishna District),Rice,16.5,80.6,3.8,34.3,25.7,31.3,0,1.9,NORMAL,ERA5_PUBLIC_DATASET
2023-04-03,Andhra Pradesh (Krishna District),Rice,16.5,80.6,0.2,35.1,25.7,38.2,1,0.1,NORMAL,ERA5_PUBLIC_DATASET
2023-04-04,Andhra Pradesh (Krishna District),Rice,16.5,80.6,0.7,35.7,26.8,35.3,2,0.3,NORMAL,ERA5_PUBLIC_DATASET
2023-04-05,Andhra Pradesh (Krishna District),Rice,16.5,80.6,0.6,36.9,25.9,37.1,3,0.3,NORMAL,ERA5_PUBLIC_DATASET
2023-04-06,Andhra Pradesh (Krishna District),Rice,16.5,80.6,1.8,36.7,26.1,35.6,0,0.9,NORMAL,ERA5_PUBLIC_DATASET
2023-04-07,Andhra Pradesh (Krishna District),Rice,16.5,80.6,0.3,38.4,26.0,34.2,1,0.1,NORMAL,ERA5_PUBLIC_DATASET
2023-04-08,Andhra Pradesh (Krishna District),Rice,16.5,80.6,0.0,38.7,24.8,39.2,2,0.0,NORMAL,ERA5_PUBLIC_DATASET
2023-04-09,Andhra Pradesh (Krishna District),Rice,16.5,80.6,0.0,38.9,24.0,32.8,3,0.0,NORMAL,ERA5_PUBLIC_DATASET
2023-04-10,Andhra Pradesh (Krishna District),Rice,16.5,80.6,0.0,40.3,23.3,47.5,4,0.0,NORMAL,ERA5_PUBLIC_DATASET
2023-04-11,Andhra Pradesh (Krishna District),Rice,16.5,80.6,0.0,40.6,24.2,43.6,5,0.0,NORMAL,ERA5_PUBLIC_DATASET
2023-04-12,Andhra Pradesh (Krishna District),Rice,16.5,80.6,0.0,41.8,25.4,46.1,6,0.0,NORMAL,ERA5_PUBLIC_DATASET
2023-04-13,Andhra Pradesh (Krishna District),Rice,16.5,80.6,0.0,42.7,26.2,43.2,7,0.0,HEATWAVE,ERA5_PUBLIC_DATASET
2023-04-14,Andhra Pradesh (Krishna District),Rice,16.5,80.6,0.0,42.9,26.3,42.8,8,0.0,HEATWAVE,ERA5_PUBLIC_DATASET
2023-04-15,Andhra Pradesh (Krishna District),Rice,16.5,80.6,0.0,41.6,26.3,30.6,9,0.0,NORMAL,ERA5_PUBLIC_DATASET
2023-04-16,Andhra Pradesh (Krishna District),Rice,16.5,80.6,0.0,42.4,28.0,34.9,10,0.0,HEATWAVE,ERA5_PUBLIC_DATASET
2023-04-17,Andhra Pradesh (Krishna District),Rice,16.5,80.6,0.0,41.8,27.1,38.5,11,0.0,NORMAL,ERA5_PUBLIC_DATASET
2023-04-18,Andhra Pradesh (Krishna District),Rice,16.5,80.6,0.0,42.2,25.5,38.5,12,0.0,HEATWAVE,ERA5_PUBLIC_DATASET
2023-04-19,Andhra Pradesh (Krishna District),Rice,16.5,80.6,0.0,41.8,25.7,34.2,13,0.0,NORMAL,ERA5_PUBLIC_DATASET
2023-04-20,Andhra Pradesh (Krishna District),Rice,16.5,80.6,0.0,41.3,26.4,31.0,14,79.9,DROUGHT,ERA5_PUBLIC_DATASET
2023-04-21,Andhra Pradesh (Krishna District),Rice,16.5,80.6,0.4,40.6,26.8,40.7,15,77.8,DROUGHT,ERA5_PUBLIC_DATASET
2023-04-22,Andhra Pradesh (Krishna District),Rice,16.5,80.6,0.3,35.2,27.6,29.2,16,0.1,NORMAL,ERA5_PUBLIC_DATASET
2023-04-23,Andhra Pradesh (Krishna District),Rice,16.5,80.6,3.5,33.4,27.0,39.6,0,1.8,NORMAL,ERA5_PUBLIC_DATASET
2023-04-24,Andhra Pradesh (Krishna District),Rice,16.5,80.6,8.4,33.2,25.1,30.2,0,4.2,NORMAL,ERA5_PUBLIC_DATASET
2023-04-25,Andhra Pradesh (Krishna District),Rice,16.5,80.6,5.4,35.5,25.2,37.8,0,2.7,NORMAL,ERA5_PUBLIC_DATASET
2023-04-26,Andhra Pradesh (Krishna District),Rice,16.5,80.6,0.0,36.0,25.1,22.3,1,0.0,NORMAL,ERA5_PUBLIC_DATASET
2023-04-27,Andhra Pradesh (Krishna District),Rice,16.5,80.6,0.8,38.4,25.8,31.7,2,0.4,NORMAL,ERA5_PUBLIC_DATASET
2023-04-28,Andhra Pradesh (Krishna District),Rice,16.5,80.6,0.1,37.7,25.9,29.2,3,0.1,NORMAL,ERA5_PUBLIC_DATASET
2023-04-29,Andhra Pradesh (Krishna District),Rice,16.5,80.6,9.9,32.0,24.6,47.5,0,5.0,NORMAL,ERA5_PUBLIC_DATASET
2023-04-30,Andhra Pradesh (Krishna District),Rice,16.5,80.6,12.7,33.8,25.7,43.2,0,6.3,NORMAL,ERA5_PUBLIC_DATASET
2023-05-01,Andhra Pradesh (Krishna District),Rice,16.5,80.6,53.7,28.2,24.1,36.4,0,52.2,NORMAL,ERA5_PUBLIC_DATASET
2023-05-02,Andhra Pradesh (Krishna District),Rice,16.5,80.6,1.6,32.0,24.3,43.9,0,0.8,NORMAL,ERA5_PUBLIC_DATASET
2023-05-03,Andhra Pradesh (Krishna District),Rice,16.5,80.6,13.5,32.8,24.9,31.0,0,6.8,NORMAL,ERA5_PUBLIC_DATASET
2023-05-04,Andhra Pradesh (Krishna District),Rice,16.5,80.6,1.0,34.3,24.3,30.2,0,0.5,NORMAL,ERA5_PUBLIC_DATASET
2023-05-05,Andhra Pradesh (Krishna District),Rice,16.5,80.6,6.8,33.1,26.4,38.9,0,3.4,NORMAL,ERA5_PUBLIC_DATASET
2023-05-06,Andhra Pradesh (Krishna District),Rice,16.5,80.6,3.8,35.0,26.3,24.8,0,1.9,NORMAL,ERA5_PUBLIC_DATASET
2023-05-07,Andhra Pradesh (Krishna District),Rice,16.5,80.6,0.4,35.4,27.0,29.5,1,0.2,NORMAL,ERA5_PUBLIC_DATASET
2023-05-08,Andhra Pradesh (Krishna District),Rice,16.5,80.6,0.0,37.1,27.6,22.7,2,0.0,NORMAL,ERA5_PUBLIC_DATASET
2023-05-09,Andhra Pradesh (Krishna District),Rice,16.5,80.6,16.9,38.2,27.8,46.4,0,8.4,NORMAL,ERA5_PUBLIC_DATASET
2023-05-10,Andhra Pradesh (Krishna District),Rice,16.5,80.6,0.1,40.3,27.9,26.6,1,0.1,NORMAL,ERA5_PUBLIC_DATASET
2023-05-11,Andhra Pradesh (Krishna District),Rice,16.5,80.6,3.9,40.5,28.8,48.2,0,1.9,NORMAL,ERA5_PUBLIC_DATASET
2023-05-12,Andhra Pradesh (Krishna District),Rice,16.5,80.6,0.0,43.0,28.5,34.9,1,0.0,HEATWAVE,ERA5_PUBLIC_DATASET
2023-05-13,Andhra Pradesh (Krishna District),Rice,16.5,80.6,0.0,43.0,27.6,38.9,2,0.0,HEATWAVE,ERA5_PUBLIC_DATASET
2023-05-14,Andhra Pradesh (Krishna District),Rice,16.5,80.6,0.0,44.8,27.0,44.6,3,0.0,HEATWAVE,ERA5_PUBLIC_DATASET
2023-05-15,Andhra Pradesh (Krishna District),Rice,16.5,80.6,0.0,43.7,27.4,49.3,4,0.0,HEATWAVE,ERA5_PUBLIC_DATASET
2023-05-16,Andhra Pradesh (Krishna District),Rice,16.5,80.6,0.0,43.7,30.2,46.1,5,0.0,HEATWAVE,ERA5_PUBLIC_DATASET
2023-05-17,Andhra Pradesh (Krishna District),Rice,16.5,80.6,0.0,43.6,28.9,43.9,6,0.0,HEATWAVE,ERA5_PUBLIC_DATASET
2023-05-18,Andhra Pradesh (Krishna District),Rice,16.5,80.6,9.9,40.7,29.2,49.0,0,5.0,NORMAL,ERA5_PUBLIC_DATASET
2023-05-19,Andhra Pradesh (Krishna District),Rice,16.5,80.6,9.0,40.0,28.2,26.6,0,4.5,NORMAL,ERA5_PUBLIC_DATASET
2023-05-20,Andhra Pradesh (Krishna District),Rice,16.5,80.6,11.6,42.0,28.2,51.1,0,5.8,HEATWAVE,ERA5_PUBLIC_DATASET
2023-05-21,Andhra Pradesh (Krishna District),Rice,16.5,80.6,10.7,39.3,27.7,52.9,0,5.3,NORMAL,ERA5_PUBLIC_DATASET
2023-05-22,Andhra Pradesh (Krishna District),Rice,16.5,80.6,0.8,37.2,28.2,42.5,1,0.4,NORMAL,ERA5_PUBLIC_DATASET
2023-05-23,Andhra Pradesh (Krishna District),Rice,16.5,80.6,0.0,40.9,28.9,32.8,2,0.0,NORMAL,ERA5_PUBLIC_DATASET
2023-05-24,Andhra Pradesh (Krishna District),Rice,16.5,80.6,12.2,40.0,29.3,32.0,0,6.1,NORMAL,ERA5_PUBLIC_DATASET
2023-05-25,Andhra Pradesh (Krishna District),Rice,16.5,80.6,3.3,37.5,29.8,49.3,0,1.6,NORMAL,ERA5_PUBLIC_DATASET
2023-05-26,Andhra Pradesh (Krishna District),Rice,16.5,80.6,4.4,42.0,29.5,47.9,0,2.2,HEATWAVE,ERA5_PUBLIC_DATASET
2023-05-27,Andhra Pradesh (Krishna District),Rice,16.5,80.6,0.0,42.0,28.4,30.6,1,0.0,HEATWAVE,ERA5_PUBLIC_DATASET
2023-05-28,Andhra Pradesh (Krishna District),Rice,16.5,80.6,0.2,40.8,28.3,56.9,2,0.1,NORMAL,ERA5_PUBLIC_DATASET
2023-05-29,Andhra Pradesh (Krishna District),Rice,16.5,80.6,15.9,38.2,28.2,45.4,0,8.0,NORMAL,ERA5_PUBLIC_DATASET
2023-05-30,Andhra Pradesh (Krishna District),Rice,16.5,80.6,21.5,36.5,26.2,51.5,0,10.8,NORMAL,ERA5_PUBLIC_DATASET
2023-05-31,Andhra Pradesh (Krishna District),Rice,16.5,80.6,0.0,38.4,24.9,26.3,1,0.0,NORMAL,ERA5_PUBLIC_DATASET
2023-06-01,Andhra Pradesh (Krishna District),Rice,16.5,80.6,1.6,38.7,28.5,31.3,0,0.8,NORMAL,ERA5_PUBLIC_DATASET
2023-06-02,Andhra Pradesh (Krishna District),Rice,16.5,80.6,0.0,42.7,28.0,34.2,1,0.0,HEATWAVE,ERA5_PUBLIC_DATASET
2023-06-03,Andhra Pradesh (Krishna District),Rice,16.5,80.6,0.0,43.0,27.8,40.3,2,0.0,HEATWAVE,ERA5_PUBLIC_DATASET
2023-06-04,Andhra Pradesh (Krishna District),Rice,16.5,80.6,0.0,41.3,28.8,41.8,3,0.0,NORMAL,ERA5_PUBLIC_DATASET
2023-06-05,Andhra Pradesh (Krishna District),Rice,16.5,80.6,0.0,40.4,29.7,34.6,4,0.0,NORMAL,ERA5_PUBLIC_DATASET
2023-06-06,Andhra Pradesh (Krishna District),Rice,16.5,80.6,0.0,42.8,29.2,51.5,5,0.0,HEATWAVE,ERA5_PUBLIC_DATASET
2023-06-07,Andhra Pradesh (Krishna District),Rice,16.5,80.6,0.0,42.7,30.0,46.1,6,0.0,HEATWAVE,ERA5_PUBLIC_DATASET
2023-06-08,Andhra Pradesh (Krishna District),Rice,16.5,80.6,0.1,42.5,31.4,42.5,7,0.1,HEATWAVE,ERA5_PUBLIC_DATASET
2023-06-09,Andhra Pradesh (Krishna District),Rice,16.5,80.6,0.0,43.3,31.9,52.2,8,0.0,HEATWAVE,ERA5_PUBLIC_DATASET
2023-06-10,Andhra Pradesh (Krishna District),Rice,16.5,80.6,0.9,41.8,32.2,52.2,9,0.5,NORMAL,ERA5_PUBLIC_DATASET
2023-06-11,Andhra Pradesh (Krishna District),Rice,16.5,80.6,0.0,40.3,29.6,47.5,10,0.0,NORMAL,ERA5_PUBLIC_DATASET
2023-06-12,Andhra Pradesh (Krishna District),Rice,16.5,80.6,0.0,41.4,31.3,43.2,11,0.0,NORMAL,ERA5_PUBLIC_DATASET
2023-06-13,Andhra Pradesh (Krishna District),Rice,16.5,80.6,0.0,41.5,30.6,48.6,12,0.0,NORMAL,ERA5_PUBLIC_DATASET
2023-06-14,Andhra Pradesh (Krishna District),Rice,16.5,80.6,0.0,42.1,32.0,50.0,13,0.0,HEATWAVE,ERA5_PUBLIC_DATASET
2023-06-15,Andhra Pradesh (Krishna District),Rice,16.5,80.6,0.0,41.8,32.8,50.4,14,81.4,DROUGHT,ERA5_PUBLIC_DATASET
2023-06-16,Andhra Pradesh (Krishna District),Rice,16.5,80.6,0.0,41.8,31.4,46.1,15,81.4,DROUGHT,ERA5_PUBLIC_DATASET
2023-06-17,Andhra Pradesh (Krishna District),Rice,16.5,80.6,0.2,42.2,31.9,51.5,16,82.6,DROUGHT,ERA5_PUBLIC_DATASET
2023-06-18,Andhra Pradesh (Krishna District),Rice,16.5,80.6,0.1,40.4,30.0,51.1,17,77.2,DROUGHT,ERA5_PUBLIC_DATASET
2023-06-19,Andhra Pradesh (Krishna District),Rice,16.5,80.6,10.4,37.4,25.8,54.7,0,5.2,NORMAL,ERA5_PUBLIC_DATASET
2023-06-20,Andhra Pradesh (Krishna District),Rice,16.5,80.6,1.5,36.8,29.0,42.8,0,0.8,NORMAL,ERA5_PUBLIC_DATASET
2023-06-21,Andhra Pradesh (Krishna District),Rice,16.5,80.6,6.2,38.7,27.4,36.0,0,3.1,NORMAL,ERA5_PUBLIC_DATASET
2023-06-22,Andhra Pradesh (Krishna District),Rice,16.5,80.6,0.5,36.0,27.0,36.7,1,0.2,NORMAL,ERA5_PUBLIC_DATASET
2023-06-23,Andhra Pradesh (Krishna District),Rice,16.5,80.6,9.8,35.2,26.9,41.4,0,4.9,NORMAL,ERA5_PUBLIC_DATASET
2023-06-24,Andhra Pradesh (Krishna District),Rice,16.5,80.6,4.3,33.4,26.3,31.0,0,2.1,NORMAL,ERA5_PUBLIC_DATASET
2023-06-25,Andhra Pradesh (Krishna District),Rice,16.5,80.6,0.9,35.4,28.3,35.3,1,0.5,NORMAL,ERA5_PUBLIC_DATASET
2023-06-26,Andhra Pradesh (Krishna District),Rice,16.5,80.6,0.7,34.7,26.6,49.0,2,0.3,NORMAL,ERA5_PUBLIC_DATASET
2023-06-27,Andhra Pradesh (Krishna District),Rice,16.5,80.6,0.1,36.9,26.7,41.0,3,0.1,NORMAL,ERA5_PUBLIC_DATASET
2023-06-28,Andhra Pradesh (Krishna District),Rice,16.5,80.6,0.0,36.8,27.7,36.4,4,0.0,NORMAL,ERA5_PUBLIC_DATASET
2023-06-29,Andhra Pradesh (Krishna District),Rice,16.5,80.6,0.3,37.5,27.3,35.6,5,0.1,NORMAL,ERA5_PUBLIC_DATASET
2023-06-30,Andhra Pradesh (Krishna District),Rice,16.5,80.6,0.3,37.6,28.0,43.6,6,0.1,NORMAL,ERA5_PUBLIC_DATASET
2023-07-01,Andhra Pradesh (Krishna District),Rice,16.5,80.6,5.9,39.3,27.8,41.0,0,3.0,NORMAL,ERA5_PUBLIC_DATASET
2023-07-02,Andhra Pradesh (Krishna District),Rice,16.5,80.6,6.5,39.0,26.7,51.8,0,3.2,NORMAL,ERA5_PUBLIC_DATASET
2023-07-03,Andhra Pradesh (Krishna District),Rice,16.5,80.6,8.6,37.4,26.7,41.8,0,4.3,NORMAL,ERA5_PUBLIC_DATASET
2023-07-04,Andhra Pradesh (Krishna District),Rice,16.5,80.6,7.1,36.9,26.1,37.1,0,3.5,NORMAL,ERA5_PUBLIC_DATASET
2023-07-05,Andhra Pradesh (Krishna District),Rice,16.5,80.6,19.1,34.5,26.1,32.0,0,9.6,NORMAL,ERA5_PUBLIC_DATASET
2023-07-06,Andhra Pradesh (Krishna District),Rice,16.5,80.6,8.1,30.6,26.1,37.8,0,4.0,NORMAL,ERA5_PUBLIC_DATASET
2023-07-07,Andhra Pradesh (Krishna District),Rice,16.5,80.6,0.9,34.2,27.5,41.8,1,0.5,NORMAL,ERA5_PUBLIC_DATASET
2023-07-08,Andhra Pradesh (Krishna District),Rice,16.5,80.6,2.9,34.7,27.9,36.7,0,1.4,NORMAL,ERA5_PUBLIC_DATASET
2023-07-09,Andhra Pradesh (Krishna District),Rice,16.5,80.6,11.0,36.4,27.0,37.1,0,5.5,NORMAL,ERA5_PUBLIC_DATASET
2023-07-10,Andhra Pradesh (Krishna District),Rice,16.5,80.6,7.6,35.5,26.2,34.2,0,3.8,NORMAL,ERA5_PUBLIC_DATASET
2023-07-11,Andhra Pradesh (Krishna District),Rice,16.5,80.6,2.8,33.1,27.3,46.4,0,1.4,NORMAL,ERA5_PUBLIC_DATASET
2023-07-12,Andhra Pradesh (Krishna District),Rice,16.5,80.6,3.6,29.9,26.9,26.3,0,1.8,NORMAL,ERA5_PUBLIC_DATASET
2023-07-13,Andhra Pradesh (Krishna District),Rice,16.5,80.6,6.8,34.0,26.1,29.5,0,3.4,NORMAL,ERA5_PUBLIC_DATASET
2023-07-14,Andhra Pradesh (Krishna District),Rice,16.5,80.6,2.0,35.0,26.7,30.2,0,1.0,NORMAL,ERA5_PUBLIC_DATASET
2023-07-15,Andhra Pradesh (Krishna District),Rice,16.5,80.6,0.1,34.3,26.9,37.4,1,0.1,NORMAL,ERA5_PUBLIC_DATASET
2023-07-16,Andhra Pradesh (Krishna District),Rice,16.5,80.6,0.8,32.4,26.2,44.6,2,0.4,NORMAL,ERA5_PUBLIC_DATASET
2023-07-17,Andhra Pradesh (Krishna District),Rice,16.5,80.6,0.5,33.9,25.7,51.1,3,0.2,NORMAL,ERA5_PUBLIC_DATASET
2023-07-18,Andhra Pradesh (Krishna District),Rice,16.5,80.6,19.1,29.8,25.4,55.4,0,9.6,NORMAL,ERA5_PUBLIC_DATASET
2023-07-19,Andhra Pradesh (Krishna District),Rice,16.5,80.6,11.6,29.5,24.9,43.9,0,5.8,NORMAL,ERA5_PUBLIC_DATASET
2023-07-20,Andhra Pradesh (Krishna District),Rice,16.5,80.6,8.5,28.2,25.6,44.6,0,4.2,NORMAL,ERA5_PUBLIC_DATASET
2023-07-21,Andhra Pradesh (Krishna District),Rice,16.5,80.6,3.0,31.1,25.6,59.8,0,1.5,NORMAL,ERA5_PUBLIC_DATASET
2023-07-22,Andhra Pradesh (Krishna District),Rice,16.5,80.6,2.0,32.2,26.4,50.4,0,1.0,NORMAL,ERA5_PUBLIC_DATASET
2023-07-23,Andhra Pradesh (Krishna District),Rice,16.5,80.6,24.8,30.5,25.2,42.1,0,12.4,NORMAL,ERA5_PUBLIC_DATASET
2023-07-24,Andhra Pradesh (Krishna District),Rice,16.5,80.6,16.0,28.3,25.5,34.9,0,8.0,NORMAL,ERA5_PUBLIC_DATASET
2023-07-25,Andhra Pradesh (Krishna District),Rice,16.5,80.6,33.9,28.2,25.0,50.0,0,15.0,NORMAL,ERA5_PUBLIC_DATASET
2023-07-26,Andhra Pradesh (Krishna District),Rice,16.5,80.6,63.7,26.8,25.0,41.8,0,58.2,NORMAL,ERA5_PUBLIC_DATASET
2023-07-27,Andhra Pradesh (Krishna District),Rice,16.5,80.6,53.2,31.2,24.9,61.6,0,51.9,EXTREME_WIND,ERA5_PUBLIC_DATASET
2023-07-28,Andhra Pradesh (Krishna District),Rice,16.5,80.6,0.1,33.1,26.6,55.4,1,0.1,NORMAL,ERA5_PUBLIC_DATASET
2023-07-29,Andhra Pradesh (Krishna District),Rice,16.5,80.6,0.9,32.7,27.6,53.6,2,0.5,NORMAL,ERA5_PUBLIC_DATASET
2023-07-30,Andhra Pradesh (Krishna District),Rice,16.5,80.6,0.0,33.1,27.2,56.2,3,0.0,NORMAL,ERA5_PUBLIC_DATASET
2023-07-31,Andhra Pradesh (Krishna District),Rice,16.5,80.6,0.6,31.5,28.0,42.8,4,0.3,NORMAL,ERA5_PUBLIC_DATASET
2023-08-01,Andhra Pradesh (Krishna District),Rice,16.5,80.6,4.5,32.6,28.2,52.9,0,2.2,NORMAL,ERA5_PUBLIC_DATASET
2023-08-02,Andhra Pradesh (Krishna District),Rice,16.5,80.6,0.0,33.3,28.3,58.7,1,0.0,NORMAL,ERA5_PUBLIC_DATASET
2023-08-03,Andhra Pradesh (Krishna District),Rice,16.5,80.6,0.4,34.1,28.1,56.2,2,0.2,NORMAL,ERA5_PUBLIC_DATASET
2023-08-04,Andhra Pradesh (Krishna District),Rice,16.5,80.6,0.5,34.5,27.5,47.5,3,0.2,NORMAL,ERA5_PUBLIC_DATASET
2023-08-05,Andhra Pradesh (Krishna District),Rice,16.5,80.6,0.0,34.6,27.4,38.2,4,0.0,NORMAL,ERA5_PUBLIC_DATASET
2023-08-06,Andhra Pradesh (Krishna District),Rice,16.5,80.6,0.2,34.9,27.8,41.4,5,0.1,NORMAL,ERA5_PUBLIC_DATASET
2023-08-07,Andhra Pradesh (Krishna District),Rice,16.5,80.6,0.4,34.4,28.2,44.3,6,0.2,NORMAL,ERA5_PUBLIC_DATASET
2023-08-08,Andhra Pradesh (Krishna District),Rice,16.5,80.6,0.2,34.8,27.4,39.6,7,0.1,NORMAL,ERA5_PUBLIC_DATASET
2023-08-09,Andhra Pradesh (Krishna District),Rice,16.5,80.6,0.8,34.9,27.1,36.0,8,0.4,NORMAL,ERA5_PUBLIC_DATASET
2023-08-10,Andhra Pradesh (Krishna District),Rice,16.5,80.6,1.9,33.6,26.6,30.2,0,0.9,NORMAL,ERA5_PUBLIC_DATASET
2023-08-11,Andhra Pradesh (Krishna District),Rice,16.5,80.6,0.4,35.6,27.5,24.5,1,0.2,NORMAL,ERA5_PUBLIC_DATASET
2023-08-12,Andhra Pradesh (Krishna District),Rice,16.5,80.6,3.8,35.0,25.8,35.3,0,1.9,NORMAL,ERA5_PUBLIC_DATASET
2023-08-13,Andhra Pradesh (Krishna District),Rice,16.5,80.6,0.5,35.5,27.1,33.8,1,0.2,NORMAL,ERA5_PUBLIC_DATASET
2023-08-14,Andhra Pradesh (Krishna District),Rice,16.5,80.6,2.8,32.2,27.2,34.6,0,1.4,NORMAL,ERA5_PUBLIC_DATASET
2023-08-15,Andhra Pradesh (Krishna District),Rice,16.5,80.6,3.8,34.5,26.5,39.6,0,1.9,NORMAL,ERA5_PUBLIC_DATASET
2023-08-16,Andhra Pradesh (Krishna District),Rice,16.5,80.6,1.2,35.1,27.0,40.0,0,0.6,NORMAL,ERA5_PUBLIC_DATASET
2023-08-17,Andhra Pradesh (Krishna District),Rice,16.5,80.6,1.6,33.6,26.9,40.7,0,0.8,NORMAL,ERA5_PUBLIC_DATASET
2023-08-18,Andhra Pradesh (Krishna District),Rice,16.5,80.6,9.7,30.6,25.0,39.6,0,4.8,NORMAL,ERA5_PUBLIC_DATASET
2023-08-19,Andhra Pradesh (Krishna District),Rice,16.5,80.6,4.1,33.1,25.3,41.4,0,2.0,NORMAL,ERA5_PUBLIC_DATASET
2023-08-20,Andhra Pradesh (Krishna District),Rice,16.5,80.6,0.8,34.3,25.3,30.6,1,0.4,NORMAL,ERA5_PUBLIC_DATASET
2023-08-21,Andhra Pradesh (Krishna District),Rice,16.5,80.6,60.7,33.1,24.3,32.0,0,56.4,NORMAL,ERA5_PUBLIC_DATASET
2023-08-22,Andhra Pradesh (Krishna District),Rice,16.5,80.6,5.8,32.5,26.0,32.4,0,2.9,NORMAL,ERA5_PUBLIC_DATASET
2023-08-23,Andhra Pradesh (Krishna District),Rice,16.5,80.6,0.1,33.4,26.9,40.3,1,0.1,NORMAL,ERA5_PUBLIC_DATASET
2023-08-24,Andhra Pradesh (Krishna District),Rice,16.5,80.6,0.0,33.3,26.5,34.2,2,0.0,NORMAL,ERA5_PUBLIC_DATASET
2023-08-25,Andhra Pradesh (Krishna District),Rice,16.5,80.6,0.1,34.4,25.9,26.6,3,0.1,NORMAL,ERA5_PUBLIC_DATASET
2023-08-26,Andhra Pradesh (Krishna District),Rice,16.5,80.6,1.1,32.7,26.7,30.2,0,0.6,NORMAL,ERA5_PUBLIC_DATASET
2023-08-27,Andhra Pradesh (Krishna District),Rice,16.5,80.6,3.8,33.6,26.1,34.2,0,1.9,NORMAL,ERA5_PUBLIC_DATASET
2023-08-28,Andhra Pradesh (Krishna District),Rice,16.5,80.6,0.5,34.7,26.4,36.4,1,0.2,NORMAL,ERA5_PUBLIC_DATASET
2023-08-29,Andhra Pradesh (Krishna District),Rice,16.5,80.6,0.0,35.2,26.5,31.3,2,0.0,NORMAL,ERA5_PUBLIC_DATASET
2023-08-30,Andhra Pradesh (Krishna District),Rice,16.5,80.6,0.0,35.6,26.4,30.2,3,0.0,NORMAL,ERA5_PUBLIC_DATASET
2023-08-31,Andhra Pradesh (Krishna District),Rice,16.5,80.6,2.2,35.9,26.6,27.0,0,1.1,NORMAL,ERA5_PUBLIC_DATASET
2023-09-01,Andhra Pradesh (Krishna District),Rice,16.5,80.6,0.6,35.8,26.7,23.4,1,0.3,NORMAL,ERA5_PUBLIC_DATASET
2023-09-02,Andhra Pradesh (Krishna District),Rice,16.5,80.6,9.4,33.2,26.7,42.8,0,4.7,NORMAL,ERA5_PUBLIC_DATASET
2023-09-03,Andhra Pradesh (Krishna District),Rice,16.5,80.6,20.5,34.0,25.9,38.9,0,10.2,NORMAL,ERA5_PUBLIC_DATASET
2023-09-04,Andhra Pradesh (Krishna District),Rice,16.5,80.6,27.1,32.9,24.8,42.1,0,13.6,NORMAL,ERA5_PUBLIC_DATASET
2023-09-05,Andhra Pradesh (Krishna District),Rice,16.5,80.6,7.4,30.5,25.7,43.9,0,3.7,NORMAL,ERA5_PUBLIC_DATASET
2023-09-06,Andhra Pradesh (Krishna District),Rice,16.5,80.6,11.7,31.6,25.2,41.0,0,5.8,NORMAL,ERA5_PUBLIC_DATASET
2023-09-07,Andhra Pradesh (Krishna District),Rice,16.5,80.6,0.5,33.7,26.0,37.1,1,0.2,NORMAL,ERA5_PUBLIC_DATASET
2023-09-08,Andhra Pradesh (Krishna District),Rice,16.5,80.6,0.0,32.9,25.5,34.2,2,0.0,NORMAL,ERA5_PUBLIC_DATASET
2023-09-09,Andhra Pradesh (Krishna District),Rice,16.5,80.6,6.1,34.3,26.6,34.9,0,3.0,NORMAL,ERA5_PUBLIC_DATASET
2023-09-10,Andhra Pradesh (Krishna District),Rice,16.5,80.6,1.1,33.4,26.1,34.2,0,0.6,NORMAL,ERA5_PUBLIC_DATASET
2023-09-11,Andhra Pradesh (Krishna District),Rice,16.5,80.6,19.5,30.7,24.9,35.6,0,9.8,NORMAL,ERA5_PUBLIC_DATASET
2023-09-12,Andhra Pradesh (Krishna District),Rice,16.5,80.6,1.1,31.4,25.5,35.6,0,0.6,NORMAL,ERA5_PUBLIC_DATASET
2023-09-13,Andhra Pradesh (Krishna District),Rice,16.5,80.6,5.1,32.8,25.0,37.8,0,2.5,NORMAL,ERA5_PUBLIC_DATASET
2023-09-14,Andhra Pradesh (Krishna District),Rice,16.5,80.6,4.1,31.6,24.9,41.4,0,2.0,NORMAL,ERA5_PUBLIC_DATASET
2023-09-15,Andhra Pradesh (Krishna District),Rice,16.5,80.6,0.2,33.4,26.8,36.7,1,0.1,NORMAL,ERA5_PUBLIC_DATASET
2023-09-16,Andhra Pradesh (Krishna District),Rice,16.5,80.6,0.3,34.1,26.3,31.7,2,0.1,NORMAL,ERA5_PUBLIC_DATASET
2023-09-17,Andhra Pradesh (Krishna District),Rice,16.5,80.6,0.0,34.4,26.2,31.3,3,0.0,NORMAL,ERA5_PUBLIC_DATASET
2023-09-18,Andhra Pradesh (Krishna District),Rice,16.5,80.6,0.2,34.7,25.9,33.1,4,0.1,NORMAL,ERA5_PUBLIC_DATASET
2023-09-19,Andhra Pradesh (Krishna District),Rice,16.5,80.6,0.7,35.0,26.3,33.1,5,0.3,NORMAL,ERA5_PUBLIC_DATASET
2023-09-20,Andhra Pradesh (Krishna District),Rice,16.5,80.6,3.4,34.7,25.1,33.5,0,1.7,NORMAL,ERA5_PUBLIC_DATASET
2023-09-21,Andhra Pradesh (Krishna District),Rice,16.5,80.6,2.8,32.7,25.2,29.5,0,1.4,NORMAL,ERA5_PUBLIC_DATASET
2023-09-22,Andhra Pradesh (Krishna District),Rice,16.5,80.6,21.0,32.3,24.6,23.4,0,10.5,NORMAL,ERA5_PUBLIC_DATASET
2023-09-23,Andhra Pradesh (Krishna District),Rice,16.5,80.6,16.7,33.1,25.4,25.2,0,8.3,NORMAL,ERA5_PUBLIC_DATASET
2023-09-24,Andhra Pradesh (Krishna District),Rice,16.5,80.6,29.2,33.4,25.1,29.2,0,14.6,NORMAL,ERA5_PUBLIC_DATASET
2023-09-25,Andhra Pradesh (Krishna District),Rice,16.5,80.6,3.2,32.5,24.8,29.2,0,1.6,NORMAL,ERA5_PUBLIC_DATASET
2023-09-26,Andhra Pradesh (Krishna District),Rice,16.5,80.6,5.1,33.4,25.1,20.5,0,2.5,NORMAL,ERA5_PUBLIC_DATASET
2023-09-27,Andhra Pradesh (Krishna District),Rice,16.5,80.6,17.0,33.5,24.6,28.4,0,8.5,NORMAL,ERA5_PUBLIC_DATASET
2023-09-28,Andhra Pradesh (Krishna District),Rice,16.5,80.6,11.4,33.5,25.2,22.0,0,5.7,NORMAL,ERA5_PUBLIC_DATASET
2023-09-29,Andhra Pradesh (Krishna District),Rice,16.5,80.6,2.1,33.4,24.9,23.4,0,1.1,NORMAL,ERA5_PUBLIC_DATASET
2023-09-30,Andhra Pradesh (Krishna District),Rice,16.5,80.6,1.2,33.6,25.1,27.7,0,0.6,NORMAL,ERA5_PUBLIC_DATASET
2023-10-01,Andhra Pradesh (Krishna District),Rice,16.5,80.6,0.8,33.5,26.2,31.7,1,0.4,NORMAL,ERA5_PUBLIC_DATASET
2023-10-02,Andhra Pradesh (Krishna District),Rice,16.5,80.6,0.4,32.4,26.5,25.6,2,0.2,NORMAL,ERA5_PUBLIC_DATASET
2023-10-03,Andhra Pradesh (Krishna District),Rice,16.5,80.6,8.7,34.1,26.2,37.1,0,4.3,NORMAL,ERA5_PUBLIC_DATASET
2023-10-04,Andhra Pradesh (Krishna District),Rice,16.5,80.6,0.6,35.3,25.9,27.4,1,0.3,NORMAL,ERA5_PUBLIC_DATASET
2023-10-05,Andhra Pradesh (Krishna District),Rice,16.5,80.6,0.0,34.8,24.6,29.9,2,0.0,NORMAL,ERA5_PUBLIC_DATASET
2023-10-06,Andhra Pradesh (Krishna District),Rice,16.5,80.6,0.0,34.9,22.5,28.1,3,0.0,NORMAL,ERA5_PUBLIC_DATASET
2023-10-07,Andhra Pradesh (Krishna District),Rice,16.5,80.6,0.0,35.5,24.8,25.2,4,0.0,NORMAL,ERA5_PUBLIC_DATASET
2023-10-08,Andhra Pradesh (Krishna District),Rice,16.5,80.6,0.0,35.2,24.9,18.7,5,0.0,NORMAL,ERA5_PUBLIC_DATASET
2023-10-09,Andhra Pradesh (Krishna District),Rice,16.5,80.6,0.0,35.2,25.1,17.3,6,0.0,NORMAL,ERA5_PUBLIC_DATASET
2023-10-10,Andhra Pradesh (Krishna District),Rice,16.5,80.6,0.0,34.5,25.8,21.6,7,0.0,NORMAL,ERA5_PUBLIC_DATASET
2023-10-11,Andhra Pradesh (Krishna District),Rice,16.5,80.6,0.6,34.3,25.3,30.6,8,0.3,NORMAL,ERA5_PUBLIC_DATASET
2023-10-12,Andhra Pradesh (Krishna District),Rice,16.5,80.6,0.1,34.6,24.9,24.1,9,0.1,NORMAL,ERA5_PUBLIC_DATASET
2023-10-13,Andhra Pradesh (Krishna District),Rice,16.5,80.6,0.1,34.1,25.4,31.0,10,0.1,NORMAL,ERA5_PUBLIC_DATASET
2023-10-14,Andhra Pradesh (Krishna District),Rice,16.5,80.6,0.0,34.5,25.2,28.8,11,0.0,NORMAL,ERA5_PUBLIC_DATASET
2023-10-15,Andhra Pradesh (Krishna District),Rice,16.5,80.6,0.6,34.4,25.0,28.1,12,0.3,NORMAL,ERA5_PUBLIC_DATASET
2023-10-16,Andhra Pradesh (Krishna District),Rice,16.5,80.6,0.2,34.3,25.3,31.0,13,0.1,NORMAL,ERA5_PUBLIC_DATASET
2023-10-17,Andhra Pradesh (Krishna District),Rice,16.5,80.6,0.1,33.8,24.3,25.9,14,0.1,NORMAL,ERA5_PUBLIC_DATASET
2023-10-18,Andhra Pradesh (Krishna District),Rice,16.5,80.6,0.0,34.5,24.7,25.6,15,0.0,NORMAL,ERA5_PUBLIC_DATASET
2023-10-19,Andhra Pradesh (Krishna District),Rice,16.5,80.6,0.5,34.3,25.0,31.0,16,0.2,NORMAL,ERA5_PUBLIC_DATASET
2023-10-20,Andhra Pradesh (Krishna District),Rice,16.5,80.6,0.0,33.5,25.4,30.2,17,0.0,NORMAL,ERA5_PUBLIC_DATASET
2023-10-21,Andhra Pradesh (Krishna District),Rice,16.5,80.6,0.0,34.1,25.3,26.6,18,0.0,NORMAL,ERA5_PUBLIC_DATASET
2023-10-22,Andhra Pradesh (Krishna District),Rice,16.5,80.6,0.0,34.7,23.8,30.6,19,0.0,NORMAL,ERA5_PUBLIC_DATASET
2023-10-23,Andhra Pradesh (Krishna District),Rice,16.5,80.6,0.0,33.9,22.0,27.0,20,0.0,NORMAL,ERA5_PUBLIC_DATASET
2023-10-24,Andhra Pradesh (Krishna District),Rice,16.5,80.6,0.0,34.5,22.2,19.8,21,0.0,NORMAL,ERA5_PUBLIC_DATASET
2023-10-25,Andhra Pradesh (Krishna District),Rice,16.5,80.6,0.0,34.3,21.6,20.9,22,0.0,NORMAL,ERA5_PUBLIC_DATASET
2023-10-26,Andhra Pradesh (Krishna District),Rice,16.5,80.6,0.0,34.6,21.9,20.9,23,0.0,NORMAL,ERA5_PUBLIC_DATASET
2023-10-27,Andhra Pradesh (Krishna District),Rice,16.5,80.6,0.8,34.0,24.0,29.2,24,0.4,NORMAL,ERA5_PUBLIC_DATASET
2023-10-28,Andhra Pradesh (Krishna District),Rice,16.5,80.6,4.0,31.6,24.8,30.2,0,2.0,NORMAL,ERA5_PUBLIC_DATASET
2023-10-29,Andhra Pradesh (Krishna District),Rice,16.5,80.6,1.2,32.9,24.0,25.9,0,0.6,NORMAL,ERA5_PUBLIC_DATASET
2023-10-30,Andhra Pradesh (Krishna District),Rice,16.5,80.6,0.6,32.1,24.3,21.6,1,0.3,NORMAL,ERA5_PUBLIC_DATASET
2023-10-31,Andhra Pradesh (Krishna District),Rice,16.5,80.6,0.0,33.5,23.6,30.6,2,0.0,NORMAL,ERA5_PUBLIC_DATASET
2023-11-01,Andhra Pradesh (Krishna District),Rice,16.5,80.6,0.1,34.2,23.1,40.0,3,0.1,NORMAL,ERA5_PUBLIC_DATASET
2023-11-02,Andhra Pradesh (Krishna District),Rice,16.5,80.6,1.0,32.5,24.2,40.7,0,0.5,NORMAL,ERA5_PUBLIC_DATASET
2023-11-03,Andhra Pradesh (Krishna District),Rice,16.5,80.6,1.9,32.0,24.0,28.4,0,0.9,NORMAL,ERA5_PUBLIC_DATASET
2023-11-04,Andhra Pradesh (Krishna District),Rice,16.5,80.6,1.3,32.6,23.5,38.9,0,0.7,NORMAL,ERA5_PUBLIC_DATASET
2023-11-05,Andhra Pradesh (Krishna District),Rice,16.5,80.6,2.6,31.0,23.9,31.3,0,1.3,NORMAL,ERA5_PUBLIC_DATASET
2023-11-06,Andhra Pradesh (Krishna District),Rice,16.5,80.6,3.1,30.0,24.3,35.3,0,1.6,NORMAL,ERA5_PUBLIC_DATASET
2023-11-07,Andhra Pradesh (Krishna District),Rice,16.5,80.6,9.0,31.1,24.0,30.2,0,4.5,NORMAL,ERA5_PUBLIC_DATASET
2023-11-08,Andhra Pradesh (Krishna District),Rice,16.5,80.6,5.8,31.4,24.3,40.7,0,2.9,NORMAL,ERA5_PUBLIC_DATASET
2023-11-09,Andhra Pradesh (Krishna District),Rice,16.5,80.6,0.1,32.6,24.0,22.0,1,0.1,NORMAL,ERA5_PUBLIC_DATASET
2023-11-10,Andhra Pradesh (Krishna District),Rice,16.5,80.6,0.0,32.6,22.8,23.4,2,0.0,NORMAL,ERA5_PUBLIC_DATASET
2023-11-11,Andhra Pradesh (Krishna District),Rice,16.5,80.6,0.0,33.0,21.3,23.4,3,0.0,NORMAL,ERA5_PUBLIC_DATASET
2023-11-12,Andhra Pradesh (Krishna District),Rice,16.5,80.6,0.0,33.8,22.0,22.7,4,0.0,NORMAL,ERA5_PUBLIC_DATASET
2023-11-13,Andhra Pradesh (Krishna District),Rice,16.5,80.6,0.0,33.7,22.1,32.4,5,0.0,NORMAL,ERA5_PUBLIC_DATASET
2023-11-14,Andhra Pradesh (Krishna District),Rice,16.5,80.6,0.0,32.5,23.5,31.3,6,0.0,NORMAL,ERA5_PUBLIC_DATASET
2023-11-15,Andhra Pradesh (Krishna District),Rice,16.5,80.6,0.0,31.6,24.0,23.8,7,0.0,NORMAL,ERA5_PUBLIC_DATASET
2023-11-16,Andhra Pradesh (Krishna District),Rice,16.5,80.6,0.0,33.9,22.8,26.3,8,0.0,NORMAL,ERA5_PUBLIC_DATASET
2023-11-17,Andhra Pradesh (Krishna District),Rice,16.5,80.6,0.0,33.8,23.1,19.8,9,0.0,NORMAL,ERA5_PUBLIC_DATASET
2023-11-18,Andhra Pradesh (Krishna District),Rice,16.5,80.6,0.0,34.7,23.1,28.1,10,0.0,NORMAL,ERA5_PUBLIC_DATASET
2023-11-19,Andhra Pradesh (Krishna District),Rice,16.5,80.6,0.1,33.9,23.3,32.0,11,0.1,NORMAL,ERA5_PUBLIC_DATASET
2023-11-20,Andhra Pradesh (Krishna District),Rice,16.5,80.6,1.6,34.2,24.1,40.7,0,0.8,NORMAL,ERA5_PUBLIC_DATASET
2023-11-21,Andhra Pradesh (Krishna District),Rice,16.5,80.6,0.5,30.8,23.9,39.2,1,0.2,NORMAL,ERA5_PUBLIC_DATASET
2023-11-22,Andhra Pradesh (Krishna District),Rice,16.5,80.6,3.0,31.4,23.8,37.8,0,1.5,NORMAL,ERA5_PUBLIC_DATASET
2023-11-23,Andhra Pradesh (Krishna District),Rice,16.5,80.6,3.8,31.8,23.4,31.7,0,1.9,NORMAL,ERA5_PUBLIC_DATASET
2023-11-24,Andhra Pradesh (Krishna District),Rice,16.5,80.6,0.2,32.1,23.3,33.1,1,0.1,NORMAL,ERA5_PUBLIC_DATASET
2023-11-25,Andhra Pradesh (Krishna District),Rice,16.5,80.6,0.4,32.7,22.8,29.5,2,0.2,NORMAL,ERA5_PUBLIC_DATASET
2023-11-26,Andhra Pradesh (Krishna District),Rice,16.5,80.6,0.5,32.7,23.5,31.3,3,0.2,NORMAL,ERA5_PUBLIC_DATASET
2023-11-27,Andhra Pradesh (Krishna District),Rice,16.5,80.6,0.0,32.7,23.9,34.9,4,0.0,NORMAL,ERA5_PUBLIC_DATASET
2023-11-28,Andhra Pradesh (Krishna District),Rice,16.5,80.6,0.0,33.1,22.4,32.0,5,0.0,NORMAL,ERA5_PUBLIC_DATASET
2023-11-29,Andhra Pradesh (Krishna District),Rice,16.5,80.6,0.9,33.3,22.8,33.8,6,0.5,NORMAL,ERA5_PUBLIC_DATASET
2023-11-30,Andhra Pradesh (Krishna District),Rice,16.5,80.6,0.0,33.6,22.3,29.2,7,0.0,NORMAL,ERA5_PUBLIC_DATASET
2023-12-01,Andhra Pradesh (Krishna District),Rice,16.5,80.6,0.0,32.9,22.3,32.0,8,0.0,NORMAL,ERA5_PUBLIC_DATASET
2023-12-02,Andhra Pradesh (Krishna District),Rice,16.5,80.6,0.2,33.7,22.8,39.6,9,0.1,NORMAL,ERA5_PUBLIC_DATASET
2023-12-03,Andhra Pradesh (Krishna District),Rice,16.5,80.6,1.7,31.6,25.3,49.3,0,0.8,NORMAL,ERA5_PUBLIC_DATASET
2023-12-04,Andhra Pradesh (Krishna District),Rice,16.5,80.6,32.4,27.2,24.0,51.5,0,15.0,NORMAL,ERA5_PUBLIC_DATASET
2023-12-05,Andhra Pradesh (Krishna District),Rice,16.5,80.6,57.7,24.5,22.3,62.6,0,54.6,EXTREME_WIND,ERA5_PUBLIC_DATASET
2023-12-06,Andhra Pradesh (Krishna District),Rice,16.5,80.6,2.6,28.6,22.8,42.1,0,1.3,NORMAL,ERA5_PUBLIC_DATASET
2023-12-07,Andhra Pradesh (Krishna District),Rice,16.5,80.6,0.0,29.9,21.6,18.0,1,0.0,NORMAL,ERA5_PUBLIC_DATASET
2023-12-08,Andhra Pradesh (Krishna District),Rice,16.5,80.6,0.0,30.4,21.0,16.9,2,0.0,NORMAL,ERA5_PUBLIC_DATASET
2023-12-09,Andhra Pradesh (Krishna District),Rice,16.5,80.6,0.1,30.7,21.5,21.2,3,0.1,NORMAL,ERA5_PUBLIC_DATASET
2023-12-10,Andhra Pradesh (Krishna District),Rice,16.5,80.6,0.2,29.5,20.8,18.7,4,0.1,NORMAL,ERA5_PUBLIC_DATASET
2023-12-11,Andhra Pradesh (Krishna District),Rice,16.5,80.6,0.0,29.3,20.6,22.7,5,0.0,NORMAL,ERA5_PUBLIC_DATASET
2023-12-12,Andhra Pradesh (Krishna District),Rice,16.5,80.6,0.2,29.1,20.2,19.4,6,0.1,NORMAL,ERA5_PUBLIC_DATASET
2023-12-13,Andhra Pradesh (Krishna District),Rice,16.5,80.6,0.0,28.9,20.3,19.4,7,0.0,NORMAL,ERA5_PUBLIC_DATASET
2023-12-14,Andhra Pradesh (Krishna District),Rice,16.5,80.6,0.0,28.7,19.7,22.3,8,0.0,NORMAL,ERA5_PUBLIC_DATASET
2023-12-15,Andhra Pradesh (Krishna District),Rice,16.5,80.6,0.0,28.3,19.5,27.7,9,0.0,NORMAL,ERA5_PUBLIC_DATASET
2023-12-16,Andhra Pradesh (Krishna District),Rice,16.5,80.6,0.0,27.9,21.4,23.4,10,0.0,NORMAL,ERA5_PUBLIC_DATASET
2023-12-17,Andhra Pradesh (Krishna District),Rice,16.5,80.6,0.0,29.3,21.2,27.7,11,0.0,NORMAL,ERA5_PUBLIC_DATASET
2023-12-18,Andhra Pradesh (Krishna District),Rice,16.5,80.6,0.0,29.3,20.7,25.9,12,0.0,NORMAL,ERA5_PUBLIC_DATASET
2023-12-19,Andhra Pradesh (Krishna District),Rice,16.5,80.6,0.0,29.0,19.9,24.5,13,0.0,NORMAL,ERA5_PUBLIC_DATASET
2023-12-20,Andhra Pradesh (Krishna District),Rice,16.5,80.6,0.0,29.4,19.7,23.0,14,0.0,NORMAL,ERA5_PUBLIC_DATASET
2023-12-21,Andhra Pradesh (Krishna District),Rice,16.5,80.6,0.0,29.0,18.9,21.2,15,0.0,NORMAL,ERA5_PUBLIC_DATASET
2023-12-22,Andhra Pradesh (Krishna District),Rice,16.5,80.6,0.0,28.5,18.1,15.5,16,0.0,NORMAL,ERA5_PUBLIC_DATASET
2023-12-23,Andhra Pradesh (Krishna District),Rice,16.5,80.6,0.0,29.9,19.1,22.7,17,0.0,NORMAL,ERA5_PUBLIC_DATASET
2023-12-24,Andhra Pradesh (Krishna District),Rice,16.5,80.6,0.0,29.7,19.2,24.5,18,0.0,NORMAL,ERA5_PUBLIC_DATASET
2023-12-25,Andhra Pradesh (Krishna District),Rice,16.5,80.6,0.0,30.0,19.3,27.0,19,0.0,NORMAL,ERA5_PUBLIC_DATASET
2023-12-26,Andhra Pradesh (Krishna District),Rice,16.5,80.6,0.0,30.2,19.5,22.3,20,0.0,NORMAL,ERA5_PUBLIC_DATASET
2023-12-27,Andhra Pradesh (Krishna District),Rice,16.5,80.6,0.0,30.4,20.4,27.7,21,0.0,NORMAL,ERA5_PUBLIC_DATASET
2023-12-28,Andhra Pradesh (Krishna District),Rice,16.5,80.6,0.0,30.5,19.7,26.3,22,0.0,NORMAL,ERA5_PUBLIC_DATASET
2023-12-29,Andhra Pradesh (Krishna District),Rice,16.5,80.6,0.0,30.5,18.3,28.1,23,0.0,NORMAL,ERA5_PUBLIC_DATASET
2023-12-30,Andhra Pradesh (Krishna District),Rice,16.5,80.6,0.0,30.1,19.1,21.2,24,0.0,NORMAL,ERA5_PUBLIC_DATASET
2023-12-31,Andhra Pradesh (Krishna District),Rice,16.5,80.6,0.0,30.6,18.7,20.9,25,0.0,NORMAL,ERA5_PUBLIC_DATASET
2024-01-01,Andhra Pradesh (Krishna District),Rice,16.5,80.6,0.0,30.4,19.3,20.9,26,0.0,NORMAL,ERA5_PUBLIC_DATASET
2024-01-02,Andhra Pradesh (Krishna District),Rice,16.5,80.6,0.0,29.6,19.0,26.3,27,0.0,NORMAL,ERA5_PUBLIC_DATASET
2024-01-03,Andhra Pradesh (Krishna District),Rice,16.5,80.6,0.0,30.2,20.0,33.5,28,0.0,NORMAL,ERA5_PUBLIC_DATASET
2024-01-04,Andhra Pradesh (Krishna District),Rice,16.5,80.6,0.0,30.6,19.9,32.4,29,0.0,NORMAL,ERA5_PUBLIC_DATASET
2024-01-05,Andhra Pradesh (Krishna District),Rice,16.5,80.6,0.0,30.8,20.2,31.7,30,0.0,NORMAL,ERA5_PUBLIC_DATASET
2024-01-06,Andhra Pradesh (Krishna District),Rice,16.5,80.6,0.0,30.9,19.5,35.3,31,0.0,NORMAL,ERA5_PUBLIC_DATASET
2024-01-07,Andhra Pradesh (Krishna District),Rice,16.5,80.6,0.0,30.7,19.9,36.4,32,0.0,NORMAL,ERA5_PUBLIC_DATASET
2024-01-08,Andhra Pradesh (Krishna District),Rice,16.5,80.6,0.0,29.2,20.2,28.8,33,0.0,NORMAL,ERA5_PUBLIC_DATASET
2024-01-09,Andhra Pradesh (Krishna District),Rice,16.5,80.6,0.0,31.6,21.6,32.4,34,0.0,NORMAL,ERA5_PUBLIC_DATASET
2024-01-10,Andhra Pradesh (Krishna District),Rice,16.5,80.6,0.0,32.1,19.6,21.2,35,0.0,NORMAL,ERA5_PUBLIC_DATASET
2024-01-11,Andhra Pradesh (Krishna District),Rice,16.5,80.6,0.0,32.3,22.4,22.7,36,0.0,NORMAL,ERA5_PUBLIC_DATASET
2024-01-12,Andhra Pradesh (Krishna District),Rice,16.5,80.6,0.1,32.4,21.0,23.0,37,0.1,NORMAL,ERA5_PUBLIC_DATASET
2024-01-13,Andhra Pradesh (Krishna District),Rice,16.5,80.6,0.0,32.3,22.1,21.2,38,0.0,NORMAL,ERA5_PUBLIC_DATASET
2024-01-14,Andhra Pradesh (Krishna District),Rice,16.5,80.6,0.1,32.6,21.7,23.4,39,0.1,NORMAL,ERA5_PUBLIC_DATASET
2024-01-15,Andhra Pradesh (Krishna District),Rice,16.5,80.6,0.7,30.3,21.2,27.0,40,0.3,NORMAL,ERA5_PUBLIC_DATASET
2024-01-16,Andhra Pradesh (Krishna District),Rice,16.5,80.6,0.1,31.5,21.0,26.6,41,0.1,NORMAL,ERA5_PUBLIC_DATASET
2024-01-17,Andhra Pradesh (Krishna District),Rice,16.5,80.6,0.0,31.8,20.6,29.5,42,0.0,NORMAL,ERA5_PUBLIC_DATASET
2024-01-18,Andhra Pradesh (Krishna District),Rice,16.5,80.6,0.0,31.6,19.0,28.1,43,0.0,NORMAL,ERA5_PUBLIC_DATASET
2024-01-19,Andhra Pradesh (Krishna District),Rice,16.5,80.6,0.0,33.0,20.3,27.4,44,0.0,NORMAL,ERA5_PUBLIC_DATASET
2024-01-20,Andhra Pradesh (Krishna District),Rice,16.5,80.6,0.1,32.0,20.7,31.7,45,0.1,NORMAL,ERA5_PUBLIC_DATASET
2024-01-21,Andhra Pradesh (Krishna District),Rice,16.5,80.6,0.0,32.9,21.1,27.7,46,0.0,NORMAL,ERA5_PUBLIC_DATASET
2024-01-22,Andhra Pradesh (Krishna District),Rice,16.5,80.6,0.0,32.8,20.8,33.5,47,0.0,NORMAL,ERA5_PUBLIC_DATASET
2024-01-23,Andhra Pradesh (Krishna District),Rice,16.5,80.6,0.2,31.3,22.3,33.1,48,0.1,NORMAL,ERA5_PUBLIC_DATASET
2024-01-24,Andhra Pradesh (Krishna District),Rice,16.5,80.6,0.4,31.3,22.1,35.6,49,0.2,NORMAL,ERA5_PUBLIC_DATASET
2024-01-25,Andhra Pradesh (Krishna District),Rice,16.5,80.6,1.4,30.2,21.6,26.6,0,0.7,NORMAL,ERA5_PUBLIC_DATASET
2024-01-26,Andhra Pradesh (Krishna District),Rice,16.5,80.6,14.4,29.8,21.8,27.4,0,7.2,NORMAL,ERA5_PUBLIC_DATASET
2024-01-27,Andhra Pradesh (Krishna District),Rice,16.5,80.6,0.0,32.5,21.3,23.4,1,0.0,NORMAL,ERA5_PUBLIC_DATASET
2024-01-28,Andhra Pradesh (Krishna District),Rice,16.5,80.6,0.0,32.0,22.2,27.0,2,0.0,NORMAL,ERA5_PUBLIC_DATASET
2024-01-29,Andhra Pradesh (Krishna District),Rice,16.5,80.6,0.0,31.5,19.8,22.3,3,0.0,NORMAL,ERA5_PUBLIC_DATASET
2024-01-30,Andhra Pradesh (Krishna District),Rice,16.5,80.6,0.0,32.0,18.8,23.4,4,0.0,NORMAL,ERA5_PUBLIC_DATASET
2024-01-31,Andhra Pradesh (Krishna District),Rice,16.5,80.6,0.0,32.4,18.7,32.4,5,0.0,NORMAL,ERA5_PUBLIC_DATASET
2024-02-01,Andhra Pradesh (Krishna District),Rice,16.5,80.6,1.3,33.2,21.2,25.9,0,0.7,NORMAL,ERA5_PUBLIC_DATASET
2024-02-02,Andhra Pradesh (Krishna District),Rice,16.5,80.6,0.8,32.3,21.4,28.1,1,0.4,NORMAL,ERA5_PUBLIC_DATASET
2024-02-03,Andhra Pradesh (Krishna District),Rice,16.5,80.6,0.3,32.4,22.7,21.2,2,0.1,NORMAL,ERA5_PUBLIC_DATASET
2024-02-04,Andhra Pradesh (Krishna District),Rice,16.5,80.6,0.3,33.0,22.1,29.9,3,0.1,NORMAL,ERA5_PUBLIC_DATASET
2024-02-05,Andhra Pradesh (Krishna District),Rice,16.5,80.6,0.2,34.0,22.1,33.5,4,0.1,NORMAL,ERA5_PUBLIC_DATASET
2024-02-06,Andhra Pradesh (Krishna District),Rice,16.5,80.6,0.1,35.3,22.5,31.3,5,0.1,NORMAL,ERA5_PUBLIC_DATASET
2024-02-07,Andhra Pradesh (Krishna District),Rice,16.5,80.6,0.0,36.1,23.4,28.4,6,0.0,NORMAL,ERA5_PUBLIC_DATASET
2024-02-08,Andhra Pradesh (Krishna District),Rice,16.5,80.6,0.0,36.6,23.1,26.3,7,0.0,NORMAL,ERA5_PUBLIC_DATASET
2024-02-09,Andhra Pradesh (Krishna District),Rice,16.5,80.6,1.1,33.3,23.6,27.7,0,0.6,NORMAL,ERA5_PUBLIC_DATASET
2024-02-10,Andhra Pradesh (Krishna District),Rice,16.5,80.6,1.4,33.4,23.3,35.6,0,0.7,NORMAL,ERA5_PUBLIC_DATASET
2024-02-11,Andhra Pradesh (Krishna District),Rice,16.5,80.6,0.0,33.7,22.0,36.0,1,0.0,NORMAL,ERA5_PUBLIC_DATASET
2024-02-12,Andhra Pradesh (Krishna District),Rice,16.5,80.6,0.0,33.3,20.2,34.2,2,0.0,NORMAL,ERA5_PUBLIC_DATASET
2024-02-13,Andhra Pradesh (Krishna District),Rice,16.5,80.6,0.0,33.8,20.3,28.4,3,0.0,NORMAL,ERA5_PUBLIC_DATASET
2024-02-14,Andhra Pradesh (Krishna District),Rice,16.5,80.6,0.1,34.1,20.3,28.8,4,0.1,NORMAL,ERA5_PUBLIC_DATASET
2024-02-15,Andhra Pradesh (Krishna District),Rice,16.5,80.6,0.2,34.4,20.7,28.1,5,0.1,NORMAL,ERA5_PUBLIC_DATASET
2024-02-16,Andhra Pradesh (Krishna District),Rice,16.5,80.6,0.0,35.1,18.8,29.9,6,0.0,NORMAL,ERA5_PUBLIC_DATASET
2024-02-17,Andhra Pradesh (Krishna District),Rice,16.5,80.6,0.0,34.7,18.7,20.2,7,0.0,NORMAL,ERA5_PUBLIC_DATASET
2024-02-18,Andhra Pradesh (Krishna District),Rice,16.5,80.6,0.1,35.5,20.3,35.3,8,0.1,NORMAL,ERA5_PUBLIC_DATASET
2024-02-19,Andhra Pradesh (Krishna District),Rice,16.5,80.6,0.0,35.3,21.1,33.8,9,0.0,NORMAL,ERA5_PUBLIC_DATASET
2024-02-20,Andhra Pradesh (Krishna District),Rice,16.5,80.6,0.0,36.4,21.7,43.9,10,0.0,NORMAL,ERA5_PUBLIC_DATASET
2024-02-21,Andhra Pradesh (Krishna District),Rice,16.5,80.6,0.0,36.2,22.1,33.8,11,0.0,NORMAL,ERA5_PUBLIC_DATASET
2024-02-22,Andhra Pradesh (Krishna District),Rice,16.5,80.6,0.0,36.3,22.4,37.4,12,0.0,NORMAL,ERA5_PUBLIC_DATASET
2024-02-23,Andhra Pradesh (Krishna District),Rice,16.5,80.6,1.0,35.0,24.7,33.8,0,0.5,NORMAL,ERA5_PUBLIC_DATASET
2024-02-24,Andhra Pradesh (Krishna District),Rice,16.5,80.6,1.2,34.3,23.8,40.3,0,0.6,NORMAL,ERA5_PUBLIC_DATASET
2024-02-25,Andhra Pradesh (Krishna District),Rice,16.5,80.6,0.0,34.2,24.2,36.7,1,0.0,NORMAL,ERA5_PUBLIC_DATASET
2024-02-26,Andhra Pradesh (Krishna District),Rice,16.5,80.6,0.7,34.2,24.0,39.6,2,0.3,NORMAL,ERA5_PUBLIC_DATASET
2024-02-27,Andhra Pradesh (Krishna District),Rice,16.5,80.6,0.0,35.6,22.0,31.7,3,0.0,NORMAL,ERA5_PUBLIC_DATASET
2024-02-28,Andhra Pradesh (Krishna District),Rice,16.5,80.6,0.0,35.6,22.7,29.2,4,0.0,NORMAL,ERA5_PUBLIC_DATASET
2024-02-29,Andhra Pradesh (Krishna District),Rice,16.5,80.6,0.0,36.1,22.5,28.4,5,0.0,NORMAL,ERA5_PUBLIC_DATASET
2024-03-01,Andhra Pradesh (Krishna District),Rice,16.5,80.6,0.2,36.7,23.4,34.9,6,0.1,NORMAL,ERA5_PUBLIC_DATASET
2024-03-02,Andhra Pradesh (Krishna District),Rice,16.5,80.6,0.0,37.1,24.4,32.8,7,0.0,NORMAL,ERA5_PUBLIC_DATASET
2024-03-03,Andhra Pradesh (Krishna District),Rice,16.5,80.6,0.0,36.7,23.4,30.6,8,0.0,NORMAL,ERA5_PUBLIC_DATASET
2024-03-04,Andhra Pradesh (Krishna District),Rice,16.5,80.6,0.0,36.0,22.7,36.7,9,0.0,NORMAL,ERA5_PUBLIC_DATASET
2024-03-05,Andhra Pradesh (Krishna District),Rice,16.5,80.6,0.0,36.6,22.4,29.9,10,0.0,NORMAL,ERA5_PUBLIC_DATASET
2024-03-06,Andhra Pradesh (Krishna District),Rice,16.5,80.6,0.0,36.8,23.4,31.3,11,0.0,NORMAL,ERA5_PUBLIC_DATASET
2024-03-07,Andhra Pradesh (Krishna District),Rice,16.5,80.6,0.0,36.9,23.1,31.3,12,0.0,NORMAL,ERA5_PUBLIC_DATASET
2024-03-08,Andhra Pradesh (Krishna District),Rice,16.5,80.6,0.3,37.1,24.0,33.8,13,0.1,NORMAL,ERA5_PUBLIC_DATASET
2024-03-09,Andhra Pradesh (Krishna District),Rice,16.5,80.6,0.6,37.4,23.6,31.7,14,0.3,NORMAL,ERA5_PUBLIC_DATASET
2024-03-10,Andhra Pradesh (Krishna District),Rice,16.5,80.6,0.3,36.0,25.6,34.9,15,0.1,NORMAL,ERA5_PUBLIC_DATASET
2024-03-11,Andhra Pradesh (Krishna District),Rice,16.5,80.6,0.3,36.6,24.1,33.5,16,0.1,NORMAL,ERA5_PUBLIC_DATASET
2024-03-12,Andhra Pradesh (Krishna District),Rice,16.5,80.6,0.0,38.3,23.9,38.2,17,70.9,DROUGHT,ERA5_PUBLIC_DATASET
2024-03-13,Andhra Pradesh (Krishna District),Rice,16.5,80.6,0.2,37.6,25.1,38.9,18,0.1,NORMAL,ERA5_PUBLIC_DATASET
2024-03-14,Andhra Pradesh (Krishna District),Rice,16.5,80.6,0.0,38.6,25.1,33.8,19,71.8,DROUGHT,ERA5_PUBLIC_DATASET
2024-03-15,Andhra Pradesh (Krishna District),Rice,16.5,80.6,0.0,36.6,24.6,39.6,20,0.0,NORMAL,ERA5_PUBLIC_DATASET
2024-03-16,Andhra Pradesh (Krishna District),Rice,16.5,80.6,0.1,36.4,25.4,36.4,21,0.1,NORMAL,ERA5_PUBLIC_DATASET
2024-03-17,Andhra Pradesh (Krishna District),Rice,16.5,80.6,0.3,37.5,25.2,36.7,22,0.1,NORMAL,ERA5_PUBLIC_DATASET
2024-03-18,Andhra Pradesh (Krishna District),Rice,16.5,80.6,0.3,37.6,23.1,32.0,23,0.1,NORMAL,ERA5_PUBLIC_DATASET
2024-03-19,Andhra Pradesh (Krishna District),Rice,16.5,80.6,0.1,36.8,26.2,32.8,24,0.1,NORMAL,ERA5_PUBLIC_DATASET
2024-03-20,Andhra Pradesh (Krishna District),Rice,16.5,80.6,7.4,31.1,23.4,35.6,0,3.7,NORMAL,ERA5_PUBLIC_DATASET
2024-03-21,Andhra Pradesh (Krishna District),Rice,16.5,80.6,0.0,37.1,23.5,47.2,1,0.0,NORMAL,ERA5_PUBLIC_DATASET
2024-03-22,Andhra Pradesh (Krishna District),Rice,16.5,80.6,0.0,37.8,24.5,47.2,2,0.0,NORMAL,ERA5_PUBLIC_DATASET
2024-03-23,Andhra Pradesh (Krishna District),Rice,16.5,80.6,0.2,38.5,24.7,39.6,3,0.1,NORMAL,ERA5_PUBLIC_DATASET
2024-03-24,Andhra Pradesh (Krishna District),Rice,16.5,80.6,0.0,37.9,25.4,33.5,4,0.0,NORMAL,ERA5_PUBLIC_DATASET
2024-03-25,Andhra Pradesh (Krishna District),Rice,16.5,80.6,0.2,38.3,24.6,31.0,5,0.1,NORMAL,ERA5_PUBLIC_DATASET
2024-03-26,Andhra Pradesh (Krishna District),Rice,16.5,80.6,0.0,38.3,23.6,36.0,6,0.0,NORMAL,ERA5_PUBLIC_DATASET
2024-03-27,Andhra Pradesh (Krishna District),Rice,16.5,80.6,0.0,37.6,24.2,36.7,7,0.0,NORMAL,ERA5_PUBLIC_DATASET
2024-03-28,Andhra Pradesh (Krishna District),Rice,16.5,80.6,0.0,38.9,24.7,37.1,8,0.0,NORMAL,ERA5_PUBLIC_DATASET
2024-03-29,Andhra Pradesh (Krishna District),Rice,16.5,80.6,0.1,39.5,25.5,40.3,9,0.1,NORMAL,ERA5_PUBLIC_DATASET
2024-03-30,Andhra Pradesh (Krishna District),Rice,16.5,80.6,0.0,39.9,25.2,33.8,10,0.0,NORMAL,ERA5_PUBLIC_DATASET
2024-03-31,Andhra Pradesh (Krishna District),Rice,16.5,80.6,0.0,39.5,25.1,29.9,11,0.0,NORMAL,ERA5_PUBLIC_DATASET
2024-04-01,Andhra Pradesh (Krishna District),Rice,16.5,80.6,0.0,39.3,25.6,34.2,12,0.0,NORMAL,ERA5_PUBLIC_DATASET
2024-04-02,Andhra Pradesh (Krishna District),Rice,16.5,80.6,0.0,39.7,25.9,34.9,13,0.0,NORMAL,ERA5_PUBLIC_DATASET
2024-04-03,Andhra Pradesh (Krishna District),Rice,16.5,80.6,0.0,39.0,25.4,39.2,14,73.0,DROUGHT,ERA5_PUBLIC_DATASET
2024-04-04,Andhra Pradesh (Krishna District),Rice,16.5,80.6,0.0,39.4,25.8,43.2,15,74.2,DROUGHT,ERA5_PUBLIC_DATASET
2024-04-05,Andhra Pradesh (Krishna District),Rice,16.5,80.6,0.0,41.6,25.9,38.5,16,80.8,DROUGHT,ERA5_PUBLIC_DATASET
2024-04-06,Andhra Pradesh (Krishna District),Rice,16.5,80.6,0.0,42.9,24.9,41.0,17,84.7,DROUGHT,ERA5_PUBLIC_DATASET
2024-04-07,Andhra Pradesh (Krishna District),Rice,16.5,80.6,0.0,42.2,26.4,46.4,18,82.6,DROUGHT,ERA5_PUBLIC_DATASET
2024-04-08,Andhra Pradesh (Krishna District),Rice,16.5,80.6,0.0,38.6,26.3,44.3,19,71.8,DROUGHT,ERA5_PUBLIC_DATASET
2024-04-09,Andhra Pradesh (Krishna District),Rice,16.5,80.6,0.2,39.0,26.8,36.4,20,73.0,DROUGHT,ERA5_PUBLIC_DATASET
2024-04-10,Andhra Pradesh (Krishna District),Rice,16.5,80.6,0.0,39.5,24.7,40.3,21,74.5,DROUGHT,ERA5_PUBLIC_DATASET
2024-04-11,Andhra Pradesh (Krishna District),Rice,16.5,80.6,0.3,39.8,26.3,35.6,22,75.4,DROUGHT,ERA5_PUBLIC_DATASET
2024-04-12,Andhra Pradesh (Krishna District),Rice,16.5,80.6,1.3,37.7,26.5,37.4,0,0.7,NORMAL,ERA5_PUBLIC_DATASET
2024-04-13,Andhra Pradesh (Krishna District),Rice,16.5,80.6,1.2,40.2,26.0,36.4,0,0.6,NORMAL,ERA5_PUBLIC_DATASET
2024-04-14,Andhra Pradesh (Krishna District),Rice,16.5,80.6,0.2,39.9,26.3,36.0,1,0.1,NORMAL,ERA5_PUBLIC_DATASET
2024-04-15,Andhra Pradesh (Krishna District),Rice,16.5,80.6,0.0,40.8,25.2,38.2,2,0.0,NORMAL,ERA5_PUBLIC_DATASET
2024-04-16,Andhra Pradesh (Krishna District),Rice,16.5,80.6,0.0,41.8,26.8,42.5,3,0.0,NORMAL,ERA5_PUBLIC_DATASET
2024-04-17,Andhra Pradesh (Krishna District),Rice,16.5,80.6,0.0,42.5,27.4,36.0,4,0.0,HEATWAVE,ERA5_PUBLIC_DATASET
2024-04-18,Andhra Pradesh (Krishna District),Rice,16.5,80.6,0.0,43.2,27.7,38.9,5,0.0,HEATWAVE,ERA5_PUBLIC_DATASET
2024-04-19,Andhra Pradesh (Krishna District),Rice,16.5,80.6,0.0,41.6,27.9,35.6,6,0.0,NORMAL,ERA5_PUBLIC_DATASET
2024-04-20,Andhra Pradesh (Krishna District),Rice,16.5,80.6,0.0,40.9,28.3,34.6,7,0.0,NORMAL,ERA5_PUBLIC_DATASET
2024-04-21,Andhra Pradesh (Krishna District),Rice,16.5,80.6,0.0,42.0,29.1,40.0,8,0.0,HEATWAVE,ERA5_PUBLIC_DATASET
2024-04-22,Andhra Pradesh (Krishna District),Rice,16.5,80.6,0.0,41.9,27.0,36.0,9,0.0,NORMAL,ERA5_PUBLIC_DATASET
2024-04-23,Andhra Pradesh (Krishna District),Rice,16.5,80.6,0.0,41.6,26.1,36.4,10,0.0,NORMAL,ERA5_PUBLIC_DATASET
2024-04-24,Andhra Pradesh (Krishna District),Rice,16.5,80.6,0.0,42.3,25.8,40.0,11,0.0,HEATWAVE,ERA5_PUBLIC_DATASET
2024-04-25,Andhra Pradesh (Krishna District),Rice,16.5,80.6,0.0,42.6,27.1,38.5,12,0.0,HEATWAVE,ERA5_PUBLIC_DATASET
2024-04-26,Andhra Pradesh (Krishna District),Rice,16.5,80.6,0.0,41.7,27.0,36.0,13,0.0,NORMAL,ERA5_PUBLIC_DATASET
2024-04-27,Andhra Pradesh (Krishna District),Rice,16.5,80.6,0.0,42.3,27.4,35.3,14,82.9,DROUGHT,ERA5_PUBLIC_DATASET
2024-04-28,Andhra Pradesh (Krishna District),Rice,16.5,80.6,0.0,42.9,27.5,38.5,15,84.7,DROUGHT,ERA5_PUBLIC_DATASET
2024-04-29,Andhra Pradesh (Krishna District),Rice,16.5,80.6,0.0,41.6,27.7,38.2,16,80.8,DROUGHT,ERA5_PUBLIC_DATASET
2024-04-30,Andhra Pradesh (Krishna District),Rice,16.5,80.6,0.0,41.3,26.8,41.8,17,79.9,DROUGHT,ERA5_PUBLIC_DATASET
2024-05-01,Andhra Pradesh (Krishna District),Rice,16.5,80.6,0.0,44.4,28.9,36.7,18,89.2,DROUGHT,ERA5_PUBLIC_DATASET
2024-05-02,Andhra Pradesh (Krishna District),Rice,16.5,80.6,0.0,43.1,29.9,43.9,19,85.3,DROUGHT,ERA5_PUBLIC_DATASET
2024-05-03,Andhra Pradesh (Krishna District),Rice,16.5,80.6,0.0,43.4,30.2,44.6,20,86.2,DROUGHT,ERA5_PUBLIC_DATASET
2024-05-04,Andhra Pradesh (Krishna District),Rice,16.5,80.6,3.7,42.7,29.8,37.8,0,1.9,HEATWAVE,ERA5_PUBLIC_DATASET
2024-05-05,Andhra Pradesh (Krishna District),Rice,16.5,80.6,22.4,41.2,27.8,47.2,0,11.2,NORMAL,ERA5_PUBLIC_DATASET
2024-05-06,Andhra Pradesh (Krishna District),Rice,16.5,80.6,0.0,43.2,29.7,40.7,1,0.0,HEATWAVE,ERA5_PUBLIC_DATASET
2024-05-07,Andhra Pradesh (Krishna District),Rice,16.5,80.6,62.6,32.3,26.1,42.5,0,57.6,NORMAL,ERA5_PUBLIC_DATASET
2024-05-08,Andhra Pradesh (Krishna District),Rice,16.5,80.6,0.1,37.3,27.3,35.3,1,0.1,NORMAL,ERA5_PUBLIC_DATASET
2024-05-09,Andhra Pradesh (Krishna District),Rice,16.5,80.6,4.5,34.5,28.1,33.8,0,2.2,NORMAL,ERA5_PUBLIC_DATASET
2024-05-10,Andhra Pradesh (Krishna District),Rice,16.5,80.6,0.3,35.8,25.8,29.2,1,0.1,NORMAL,ERA5_PUBLIC_DATASET
2024-05-11,Andhra Pradesh (Krishna District),Rice,16.5,80.6,0.1,37.3,27.7,35.6,2,0.1,NORMAL,ERA5_PUBLIC_DATASET
2024-05-12,Andhra Pradesh (Krishna District),Rice,16.5,80.6,0.6,38.3,28.4,31.0,3,0.3,NORMAL,ERA5_PUBLIC_DATASET
2024-05-13,Andhra Pradesh (Krishna District),Rice,16.5,80.6,4.5,37.5,28.1,36.7,0,2.2,NORMAL,ERA5_PUBLIC_DATASET
2024-05-14,Andhra Pradesh (Krishna District),Rice,16.5,80.6,1.2,36.0,27.6,42.1,0,0.6,NORMAL,ERA5_PUBLIC_DATASET
2024-05-15,Andhra Pradesh (Krishna District),Rice,16.5,80.6,6.1,36.5,25.8,38.9,0,3.0,NORMAL,ERA5_PUBLIC_DATASET
2024-05-16,Andhra Pradesh (Krishna District),Rice,16.5,80.6,53.4,29.4,25.5,32.0,0,52.0,NORMAL,ERA5_PUBLIC_DATASET
2024-05-17,Andhra Pradesh (Krishna District),Rice,16.5,80.6,24.9,32.0,25.3,31.7,0,12.4,NORMAL,ERA5_PUBLIC_DATASET
2024-05-18,Andhra Pradesh (Krishna District),Rice,16.5,80.6,11.4,32.3,25.4,26.6,0,5.7,NORMAL,ERA5_PUBLIC_DATASET
2024-05-19,Andhra Pradesh (Krishna District),Rice,16.5,80.6,30.8,35.1,25.8,27.4,0,15.0,NORMAL,ERA5_PUBLIC_DATASET
2024-05-20,Andhra Pradesh (Krishna District),Rice,16.5,80.6,36.9,34.4,25.4,34.6,0,15.0,NORMAL,ERA5_PUBLIC_DATASET
2024-05-21,Andhra Pradesh (Krishna District),Rice,16.5,80.6,9.2,34.6,26.5,30.6,0,4.6,NORMAL,ERA5_PUBLIC_DATASET
2024-05-22,Andhra Pradesh (Krishna District),Rice,16.5,80.6,9.3,36.9,27.6,59.4,0,4.7,NORMAL,ERA5_PUBLIC_DATASET
2024-05-23,Andhra Pradesh (Krishna District),Rice,16.5,80.6,1.7,39.2,27.7,47.5,0,0.8,NORMAL,ERA5_PUBLIC_DATASET
2024-05-24,Andhra Pradesh (Krishna District),Rice,16.5,80.6,7.2,38.7,28.5,48.2,0,3.6,NORMAL,ERA5_PUBLIC_DATASET
2024-05-25,Andhra Pradesh (Krishna District),Rice,16.5,80.6,6.9,32.9,26.6,36.0,0,3.5,NORMAL,ERA5_PUBLIC_DATASET
2024-05-26,Andhra Pradesh (Krishna District),Rice,16.5,80.6,0.0,41.9,29.6,33.8,1,0.0,NORMAL,ERA5_PUBLIC_DATASET
2024-05-27,Andhra Pradesh (Krishna District),Rice,16.5,80.6,0.1,42.7,31.8,41.4,2,0.1,HEATWAVE,ERA5_PUBLIC_DATASET
2024-05-28,Andhra Pradesh (Krishna District),Rice,16.5,80.6,0.7,42.3,29.8,48.6,3,0.3,HEATWAVE,ERA5_PUBLIC_DATASET
2024-05-29,Andhra Pradesh (Krishna District),Rice,16.5,80.6,0.0,42.8,31.6,41.8,4,0.0,HEATWAVE,ERA5_PUBLIC_DATASET
2024-05-30,Andhra Pradesh (Krishna District),Rice,16.5,80.6,0.0,44.3,30.6,33.1,5,0.0,HEATWAVE,ERA5_PUBLIC_DATASET
2024-05-31,Andhra Pradesh (Krishna District),Rice,16.5,80.6,0.0,44.3,30.6,30.2,6,0.0,HEATWAVE,ERA5_PUBLIC_DATASET
2024-06-01,Andhra Pradesh (Krishna District),Rice,16.5,80.6,0.2,42.2,31.1,44.3,7,0.1,HEATWAVE,ERA5_PUBLIC_DATASET
2024-06-02,Andhra Pradesh (Krishna District),Rice,16.5,80.6,30.6,34.9,27.9,33.1,0,15.0,NORMAL,ERA5_PUBLIC_DATASET
2024-06-03,Andhra Pradesh (Krishna District),Rice,16.5,80.6,6.2,33.9,26.7,24.8,0,3.1,NORMAL,ERA5_PUBLIC_DATASET
2024-06-04,Andhra Pradesh (Krishna District),Rice,16.5,80.6,9.1,37.3,28.1,34.2,0,4.5,NORMAL,ERA5_PUBLIC_DATASET
2024-06-05,Andhra Pradesh (Krishna District),Rice,16.5,80.6,40.5,34.5,27.3,40.0,0,15.0,NORMAL,ERA5_PUBLIC_DATASET
2024-06-06,Andhra Pradesh (Krishna District),Rice,16.5,80.6,19.3,33.1,26.6,29.5,0,9.7,NORMAL,ERA5_PUBLIC_DATASET
2024-06-07,Andhra Pradesh (Krishna District),Rice,16.5,80.6,15.3,34.2,26.1,29.9,0,7.7,NORMAL,ERA5_PUBLIC_DATASET
2024-06-08,Andhra Pradesh (Krishna District),Rice,16.5,80.6,2.2,32.9,26.0,28.8,0,1.1,NORMAL,ERA5_PUBLIC_DATASET
2024-06-09,Andhra Pradesh (Krishna District),Rice,16.5,80.6,1.3,35.2,26.0,34.9,0,0.7,NORMAL,ERA5_PUBLIC_DATASET
2024-06-10,Andhra Pradesh (Krishna District),Rice,16.5,80.6,2.2,33.6,26.9,36.7,0,1.1,NORMAL,ERA5_PUBLIC_DATASET
2024-06-11,Andhra Pradesh (Krishna District),Rice,16.5,80.6,0.1,34.6,28.1,40.3,1,0.1,NORMAL,ERA5_PUBLIC_DATASET
2024-06-12,Andhra Pradesh (Krishna District),Rice,16.5,80.6,7.2,35.9,26.0,41.4,0,3.6,NORMAL,ERA5_PUBLIC_DATASET
2024-06-13,Andhra Pradesh (Krishna District),Rice,16.5,80.6,12.5,36.0,26.2,32.0,0,6.2,NORMAL,ERA5_PUBLIC_DATASET
2024-06-14,Andhra Pradesh (Krishna District),Rice,16.5,80.6,6.4,36.6,27.4,41.8,0,3.2,NORMAL,ERA5_PUBLIC_DATASET
2024-06-15,Andhra Pradesh (Krishna District),Rice,16.5,80.6,3.6,37.1,27.6,35.6,0,1.8,NORMAL,ERA5_PUBLIC_DATASET
2024-06-16,Andhra Pradesh (Krishna District),Rice,16.5,80.6,0.7,36.7,28.5,45.0,1,0.3,NORMAL,ERA5_PUBLIC_DATASET
2024-06-17,Andhra Pradesh (Krishna District),Rice,16.5,80.6,1.0,39.0,27.3,38.5,0,0.5,NORMAL,ERA5_PUBLIC_DATASET
2024-06-18,Andhra Pradesh (Krishna District),Rice,16.5,80.6,9.7,40.0,27.4,39.6,0,4.8,NORMAL,ERA5_PUBLIC_DATASET
2024-06-19,Andhra Pradesh (Krishna District),Rice,16.5,80.6,0.9,37.1,26.9,41.8,1,0.5,NORMAL,ERA5_PUBLIC_DATASET
2024-06-20,Andhra Pradesh (Krishna District),Rice,16.5,80.6,0.0,37.5,28.1,43.6,2,0.0,NORMAL,ERA5_PUBLIC_DATASET
2024-06-21,Andhra Pradesh (Krishna District),Rice,16.5,80.6,2.4,37.2,27.7,42.8,0,1.2,NORMAL,ERA5_PUBLIC_DATASET
2024-06-22,Andhra Pradesh (Krishna District),Rice,16.5,80.6,4.0,33.9,26.0,41.0,0,2.0,NORMAL,ERA5_PUBLIC_DATASET
2024-06-23,Andhra Pradesh (Krishna District),Rice,16.5,80.6,3.7,36.4,26.6,30.6,0,1.9,NORMAL,ERA5_PUBLIC_DATASET
2024-06-24,Andhra Pradesh (Krishna District),Rice,16.5,80.6,0.3,38.1,28.6,29.9,1,0.1,NORMAL,ERA5_PUBLIC_DATASET
2024-06-25,Andhra Pradesh (Krishna District),Rice,16.5,80.6,8.9,38.8,26.8,33.8,0,4.5,NORMAL,ERA5_PUBLIC_DATASET
2024-06-26,Andhra Pradesh (Krishna District),Rice,16.5,80.6,14.3,33.9,26.4,36.0,0,7.2,NORMAL,ERA5_PUBLIC_DATASET
2024-06-27,Andhra Pradesh (Krishna District),Rice,16.5,80.6,22.4,27.4,26.0,28.1,0,11.2,NORMAL,ERA5_PUBLIC_DATASET
2024-06-28,Andhra Pradesh (Krishna District),Rice,16.5,80.6,9.8,33.0,25.8,39.2,0,4.9,NORMAL,ERA5_PUBLIC_DATASET
2024-06-29,Andhra Pradesh (Krishna District),Rice,16.5,80.6,0.3,34.1,26.9,35.6,1,0.1,NORMAL,ERA5_PUBLIC_DATASET
2024-06-30,Andhra Pradesh (Krishna District),Rice,16.5,80.6,2.3,32.5,26.9,25.9,0,1.1,NORMAL,ERA5_PUBLIC_DATASET
2024-07-01,Andhra Pradesh (Krishna District),Rice,16.5,80.6,9.3,32.6,25.8,32.8,0,4.7,NORMAL,ERA5_PUBLIC_DATASET
2024-07-02,Andhra Pradesh (Krishna District),Rice,16.5,80.6,0.0,34.0,26.6,43.2,1,0.0,NORMAL,ERA5_PUBLIC_DATASET
2024-07-03,Andhra Pradesh (Krishna District),Rice,16.5,80.6,0.6,34.9,26.3,38.2,2,0.3,NORMAL,ERA5_PUBLIC_DATASET
2024-07-04,Andhra Pradesh (Krishna District),Rice,16.5,80.6,0.2,34.5,27.1,35.6,3,0.1,NORMAL,ERA5_PUBLIC_DATASET
2024-07-05,Andhra Pradesh (Krishna District),Rice,16.5,80.6,2.0,34.9,26.4,35.6,0,1.0,NORMAL,ERA5_PUBLIC_DATASET
2024-07-06,Andhra Pradesh (Krishna District),Rice,16.5,80.6,14.9,31.3,25.4,49.0,0,7.5,NORMAL,ERA5_PUBLIC_DATASET
2024-07-07,Andhra Pradesh (Krishna District),Rice,16.5,80.6,9.8,30.3,25.1,28.8,0,4.9,NORMAL,ERA5_PUBLIC_DATASET
2024-07-08,Andhra Pradesh (Krishna District),Rice,16.5,80.6,8.1,31.3,25.6,31.0,0,4.0,NORMAL,ERA5_PUBLIC_DATASET
2024-07-09,Andhra Pradesh (Krishna District),Rice,16.5,80.6,24.4,29.9,25.7,22.0,0,12.2,NORMAL,ERA5_PUBLIC_DATASET
2024-07-10,Andhra Pradesh (Krishna District),Rice,16.5,80.6,1.8,33.6,26.0,27.0,0,0.9,NORMAL,ERA5_PUBLIC_DATASET
2024-07-11,Andhra Pradesh (Krishna District),Rice,16.5,80.6,1.3,33.1,26.9,38.5,0,0.7,NORMAL,ERA5_PUBLIC_DATASET
2024-07-12,Andhra Pradesh (Krishna District),Rice,16.5,80.6,4.3,33.8,26.0,36.4,0,2.1,NORMAL,ERA5_PUBLIC_DATASET
2024-07-13,Andhra Pradesh (Krishna District),Rice,16.5,80.6,47.5,28.1,25.5,35.6,0,15.0,NORMAL,ERA5_PUBLIC_DATASET
2024-07-14,Andhra Pradesh (Krishna District),Rice,16.5,80.6,14.5,27.6,25.8,34.6,0,7.2,NORMAL,ERA5_PUBLIC_DATASET
2024-07-15,Andhra Pradesh (Krishna District),Rice,16.5,80.6,16.7,29.8,25.2,41.0,0,8.3,NORMAL,ERA5_PUBLIC_DATASET
2024-07-16,Andhra Pradesh (Krishna District),Rice,16.5,80.6,8.4,32.2,25.0,32.0,0,4.2,NORMAL,ERA5_PUBLIC_DATASET
2024-07-17,Andhra Pradesh (Krishna District),Rice,16.5,80.6,12.7,30.2,25.3,34.6,0,6.3,NORMAL,ERA5_PUBLIC_DATASET
2024-07-18,Andhra Pradesh (Krishna District),Rice,16.5,80.6,19.8,29.8,26.1,44.3,0,9.9,NORMAL,ERA5_PUBLIC_DATASET
2024-07-19,Andhra Pradesh (Krishna District),Rice,16.5,80.6,59.5,26.2,25.0,42.8,0,55.7,NORMAL,ERA5_PUBLIC_DATASET
2024-07-20,Andhra Pradesh (Krishna District),Rice,16.5,80.6,27.3,26.7,24.9,43.6,0,13.7,NORMAL,ERA5_PUBLIC_DATASET
2024-07-21,Andhra Pradesh (Krishna District),Rice,16.5,80.6,23.8,31.1,24.5,40.0,0,11.9,NORMAL,ERA5_PUBLIC_DATASET
2024-07-22,Andhra Pradesh (Krishna District),Rice,16.5,80.6,8.5,30.8,24.8,35.6,0,4.2,NORMAL,ERA5_PUBLIC_DATASET
2024-07-23,Andhra Pradesh (Krishna District),Rice,16.5,80.6,4.8,29.9,25.7,43.9,0,2.4,NORMAL,ERA5_PUBLIC_DATASET
2024-07-24,Andhra Pradesh (Krishna District),Rice,16.5,80.6,5.2,29.1,25.5,39.6,0,2.6,NORMAL,ERA5_PUBLIC_DATASET
2024-07-25,Andhra Pradesh (Krishna District),Rice,16.5,80.6,3.5,30.6,24.9,51.1,0,1.8,NORMAL,ERA5_PUBLIC_DATASET
2024-07-26,Andhra Pradesh (Krishna District),Rice,16.5,80.6,3.4,30.1,25.1,48.6,0,1.7,NORMAL,ERA5_PUBLIC_DATASET
2024-07-27,Andhra Pradesh (Krishna District),Rice,16.5,80.6,7.8,31.0,25.3,51.5,0,3.9,NORMAL,ERA5_PUBLIC_DATASET
2024-07-28,Andhra Pradesh (Krishna District),Rice,16.5,80.6,0.6,33.3,25.2,53.6,1,0.3,NORMAL,ERA5_PUBLIC_DATASET
2024-07-29,Andhra Pradesh (Krishna District),Rice,16.5,80.6,2.0,33.5,27.0,39.6,0,1.0,NORMAL,ERA5_PUBLIC_DATASET
2024-07-30,Andhra Pradesh (Krishna District),Rice,16.5,80.6,17.7,32.9,25.4,34.6,0,8.8,NORMAL,ERA5_PUBLIC_DATASET
2024-07-31,Andhra Pradesh (Krishna District),Rice,16.5,80.6,1.2,32.8,25.8,41.0,0,0.6,NORMAL,ERA5_PUBLIC_DATASET
2024-08-01,Andhra Pradesh (Krishna District),Rice,16.5,80.6,0.0,32.4,26.5,33.8,1,0.0,NORMAL,ERA5_PUBLIC_DATASET
2024-08-02,Andhra Pradesh (Krishna District),Rice,16.5,80.6,5.6,31.2,26.0,41.8,0,2.8,NORMAL,ERA5_PUBLIC_DATASET
2024-08-03,Andhra Pradesh (Krishna District),Rice,16.5,80.6,0.5,32.7,26.6,42.8,1,0.2,NORMAL,ERA5_PUBLIC_DATASET
2024-08-04,Andhra Pradesh (Krishna District),Rice,16.5,80.6,0.4,34.0,26.2,37.1,2,0.2,NORMAL,ERA5_PUBLIC_DATASET
2024-08-05,Andhra Pradesh (Krishna District),Rice,16.5,80.6,0.1,33.0,26.2,25.2,3,0.1,NORMAL,ERA5_PUBLIC_DATASET
2024-08-06,Andhra Pradesh (Krishna District),Rice,16.5,80.6,4.5,30.3,26.4,25.9,0,2.2,NORMAL,ERA5_PUBLIC_DATASET
2024-08-07,Andhra Pradesh (Krishna District),Rice,16.5,80.6,10.2,29.1,25.5,36.4,0,5.1,NORMAL,ERA5_PUBLIC_DATASET
2024-08-08,Andhra Pradesh (Krishna District),Rice,16.5,80.6,7.7,32.0,25.0,29.9,0,3.9,NORMAL,ERA5_PUBLIC_DATASET
2024-08-09,Andhra Pradesh (Krishna District),Rice,16.5,80.6,0.0,33.2,25.2,32.4,1,0.0,NORMAL,ERA5_PUBLIC_DATASET
2024-08-10,Andhra Pradesh (Krishna District),Rice,16.5,80.6,0.0,33.7,25.7,27.7,2,0.0,NORMAL,ERA5_PUBLIC_DATASET
2024-08-11,Andhra Pradesh (Krishna District),Rice,16.5,80.6,0.2,33.8,26.0,26.3,3,0.1,NORMAL,ERA5_PUBLIC_DATASET
2024-08-12,Andhra Pradesh (Krishna District),Rice,16.5,80.6,1.9,34.0,26.4,28.4,0,0.9,NORMAL,ERA5_PUBLIC_DATASET
2024-08-13,Andhra Pradesh (Krishna District),Rice,16.5,80.6,0.5,34.0,26.2,30.6,1,0.2,NORMAL,ERA5_PUBLIC_DATASET
2024-08-14,Andhra Pradesh (Krishna District),Rice,16.5,80.6,0.9,33.5,26.9,23.0,2,0.5,NORMAL,ERA5_PUBLIC_DATASET
2024-08-15,Andhra Pradesh (Krishna District),Rice,16.5,80.6,0.7,34.6,26.7,27.4,3,0.3,NORMAL,ERA5_PUBLIC_DATASET
2024-08-16,Andhra Pradesh (Krishna District),Rice,16.5,80.6,1.8,33.8,26.8,24.1,0,0.9,NORMAL,ERA5_PUBLIC_DATASET
2024-08-17,Andhra Pradesh (Krishna District),Rice,16.5,80.6,0.7,34.9,26.7,23.4,1,0.3,NORMAL,ERA5_PUBLIC_DATASET
2024-08-18,Andhra Pradesh (Krishna District),Rice,16.5,80.6,1.8,35.2,26.7,20.9,0,0.9,NORMAL,ERA5_PUBLIC_DATASET
2024-08-19,Andhra Pradesh (Krishna District),Rice,16.5,80.6,19.2,32.5,26.1,24.8,0,9.6,NORMAL,ERA5_PUBLIC_DATASET
2024-08-20,Andhra Pradesh (Krishna District),Rice,16.5,80.6,1.1,34.4,26.2,27.4,0,0.6,NORMAL,ERA5_PUBLIC_DATASET
2024-08-21,Andhra Pradesh (Krishna District),Rice,16.5,80.6,0.4,34.0,26.7,40.7,1,0.2,NORMAL,ERA5_PUBLIC_DATASET
2024-08-22,Andhra Pradesh (Krishna District),Rice,16.5,80.6,20.2,31.3,27.0,29.2,0,10.1,NORMAL,ERA5_PUBLIC_DATASET
2024-08-23,Andhra Pradesh (Krishna District),Rice,16.5,80.6,2.9,33.5,26.0,26.6,0,1.4,NORMAL,ERA5_PUBLIC_DATASET
2024-08-24,Andhra Pradesh (Krishna District),Rice,16.5,80.6,2.0,32.6,26.3,40.0,0,1.0,NORMAL,ERA5_PUBLIC_DATASET
2024-08-25,Andhra Pradesh (Krishna District),Rice,16.5,80.6,1.6,32.9,25.4,41.8,0,0.8,NORMAL,ERA5_PUBLIC_DATASET
2024-08-26,Andhra Pradesh (Krishna District),Rice,16.5,80.6,0.3,33.8,26.9,41.0,1,0.1,NORMAL,ERA5_PUBLIC_DATASET
2024-08-27,Andhra Pradesh (Krishna District),Rice,16.5,80.6,0.3,34.3,26.8,40.0,2,0.1,NORMAL,ERA5_PUBLIC_DATASET
2024-08-28,Andhra Pradesh (Krishna District),Rice,16.5,80.6,1.1,32.5,26.6,41.8,0,0.6,NORMAL,ERA5_PUBLIC_DATASET
2024-08-29,Andhra Pradesh (Krishna District),Rice,16.5,80.6,2.2,31.1,26.4,35.6,0,1.1,NORMAL,ERA5_PUBLIC_DATASET
2024-08-30,Andhra Pradesh (Krishna District),Rice,16.5,80.6,43.4,27.1,25.2,42.8,0,15.0,NORMAL,ERA5_PUBLIC_DATASET
2024-08-31,Andhra Pradesh (Krishna District),Rice,16.5,80.6,152.9,25.6,24.7,49.3,0,100.0,EXCESSIVE_RAINFALL,ERA5_PUBLIC_DATASET
2024-09-01,Andhra Pradesh (Krishna District),Rice,16.5,80.6,80.5,27.6,24.8,60.5,0,68.3,EXCESSIVE_RAINFALL,ERA5_PUBLIC_DATASET
2024-09-02,Andhra Pradesh (Krishna District),Rice,16.5,80.6,0.2,30.4,24.7,30.2,1,0.1,NORMAL,ERA5_PUBLIC_DATASET
2024-09-03,Andhra Pradesh (Krishna District),Rice,16.5,80.6,40.0,31.0,24.8,30.6,0,15.0,NORMAL,ERA5_PUBLIC_DATASET
2024-09-04,Andhra Pradesh (Krishna District),Rice,16.5,80.6,20.3,28.9,24.9,41.0,0,10.2,NORMAL,ERA5_PUBLIC_DATASET
2024-09-05,Andhra Pradesh (Krishna District),Rice,16.5,80.6,5.6,29.9,25.0,43.6,0,2.8,NORMAL,ERA5_PUBLIC_DATASET
2024-09-06,Andhra Pradesh (Krishna District),Rice,16.5,80.6,12.0,32.2,26.1,41.0,0,6.0,NORMAL,ERA5_PUBLIC_DATASET
2024-09-07,Andhra Pradesh (Krishna District),Rice,16.5,80.6,21.6,30.3,25.8,47.9,0,10.8,NORMAL,ERA5_PUBLIC_DATASET
2024-09-08,Andhra Pradesh (Krishna District),Rice,16.5,80.6,39.0,27.0,25.1,38.2,0,15.0,NORMAL,ERA5_PUBLIC_DATASET
2024-09-09,Andhra Pradesh (Krishna District),Rice,16.5,80.6,16.3,27.9,25.1,40.7,0,8.2,NORMAL,ERA5_PUBLIC_DATASET
2024-09-10,Andhra Pradesh (Krishna District),Rice,16.5,80.6,0.1,32.2,25.1,46.8,1,0.1,NORMAL,ERA5_PUBLIC_DATASET
2024-09-11,Andhra Pradesh (Krishna District),Rice,16.5,80.6,0.0,32.6,25.7,40.7,2,0.0,NORMAL,ERA5_PUBLIC_DATASET
2024-09-12,Andhra Pradesh (Krishna District),Rice,16.5,80.6,0.0,32.0,25.3,39.2,3,0.0,NORMAL,ERA5_PUBLIC_DATASET
2024-09-13,Andhra Pradesh (Krishna District),Rice,16.5,80.6,0.0,32.1,25.1,34.9,4,0.0,NORMAL,ERA5_PUBLIC_DATASET
2024-09-14,Andhra Pradesh (Krishna District),Rice,16.5,80.6,0.0,32.4,24.8,40.3,5,0.0,NORMAL,ERA5_PUBLIC_DATASET
2024-09-15,Andhra Pradesh (Krishna District),Rice,16.5,80.6,0.0,33.2,25.2,37.8,6,0.0,NORMAL,ERA5_PUBLIC_DATASET
2024-09-16,Andhra Pradesh (Krishna District),Rice,16.5,80.6,0.0,31.5,25.8,39.6,7,0.0,NORMAL,ERA5_PUBLIC_DATASET
2024-09-17,Andhra Pradesh (Krishna District),Rice,16.5,80.6,0.0,33.2,25.5,39.2,8,0.0,NORMAL,ERA5_PUBLIC_DATASET
2024-09-18,Andhra Pradesh (Krishna District),Rice,16.5,80.6,0.0,32.9,24.5,26.3,9,0.0,NORMAL,ERA5_PUBLIC_DATASET
2024-09-19,Andhra Pradesh (Krishna District),Rice,16.5,80.6,0.0,34.1,24.7,23.4,10,0.0,NORMAL,ERA5_PUBLIC_DATASET
2024-09-20,Andhra Pradesh (Krishna District),Rice,16.5,80.6,9.8,33.1,25.9,31.7,0,4.9,NORMAL,ERA5_PUBLIC_DATASET
2024-09-21,Andhra Pradesh (Krishna District),Rice,16.5,80.6,31.1,32.6,24.7,32.4,0,15.0,NORMAL,ERA5_PUBLIC_DATASET
2024-09-22,Andhra Pradesh (Krishna District),Rice,16.5,80.6,6.8,31.8,25.0,35.6,0,3.4,NORMAL,ERA5_PUBLIC_DATASET
2024-09-23,Andhra Pradesh (Krishna District),Rice,16.5,80.6,14.0,31.4,24.5,26.6,0,7.0,NORMAL,ERA5_PUBLIC_DATASET
2024-09-24,Andhra Pradesh (Krishna District),Rice,16.5,80.6,10.3,31.1,25.0,29.5,0,5.2,NORMAL,ERA5_PUBLIC_DATASET
2024-09-25,Andhra Pradesh (Krishna District),Rice,16.5,80.6,12.4,31.3,24.7,23.4,0,6.2,NORMAL,ERA5_PUBLIC_DATASET
2024-09-26,Andhra Pradesh (Krishna District),Rice,16.5,80.6,5.2,31.6,25.4,34.6,0,2.6,NORMAL,ERA5_PUBLIC_DATASET
2024-09-27,Andhra Pradesh (Krishna District),Rice,16.5,80.6,23.7,31.9,25.1,28.4,0,11.8,NORMAL,ERA5_PUBLIC_DATASET
2024-09-28,Andhra Pradesh (Krishna District),Rice,16.5,80.6,3.3,31.8,25.3,25.9,0,1.6,NORMAL,ERA5_PUBLIC_DATASET
2024-09-29,Andhra Pradesh (Krishna District),Rice,16.5,80.6,1.7,31.8,25.5,24.1,0,0.8,NORMAL,ERA5_PUBLIC_DATASET
2024-09-30,Andhra Pradesh (Krishna District),Rice,16.5,80.6,0.1,32.7,25.3,22.0,1,0.1,NORMAL,ERA5_PUBLIC_DATASET
2024-10-01,Andhra Pradesh (Krishna District),Rice,16.5,80.6,0.6,33.3,25.4,22.7,2,0.3,NORMAL,ERA5_PUBLIC_DATASET
2024-10-02,Andhra Pradesh (Krishna District),Rice,16.5,80.6,0.0,34.5,25.1,21.2,3,0.0,NORMAL,ERA5_PUBLIC_DATASET
2024-10-03,Andhra Pradesh (Krishna District),Rice,16.5,80.6,0.4,34.5,26.0,29.2,4,0.2,NORMAL,ERA5_PUBLIC_DATASET
2024-10-04,Andhra Pradesh (Krishna District),Rice,16.5,80.6,0.0,34.7,26.1,26.3,5,0.0,NORMAL,ERA5_PUBLIC_DATASET
2024-10-05,Andhra Pradesh (Krishna District),Rice,16.5,80.6,0.0,34.4,25.8,30.6,6,0.0,NORMAL,ERA5_PUBLIC_DATASET
2024-10-06,Andhra Pradesh (Krishna District),Rice,16.5,80.6,0.3,34.3,26.0,30.6,7,0.1,NORMAL,ERA5_PUBLIC_DATASET
2024-10-07,Andhra Pradesh (Krishna District),Rice,16.5,80.6,3.6,32.7,24.7,39.2,0,1.8,NORMAL,ERA5_PUBLIC_DATASET
2024-10-08,Andhra Pradesh (Krishna District),Rice,16.5,80.6,7.8,30.8,25.1,32.8,0,3.9,NORMAL,ERA5_PUBLIC_DATASET
2024-10-09,Andhra Pradesh (Krishna District),Rice,16.5,80.6,8.6,31.7,24.7,38.2,0,4.3,NORMAL,ERA5_PUBLIC_DATASET
2024-10-10,Andhra Pradesh (Krishna District),Rice,16.5,80.6,16.8,31.0,24.3,33.1,0,8.4,NORMAL,ERA5_PUBLIC_DATASET
2024-10-11,Andhra Pradesh (Krishna District),Rice,16.5,80.6,2.9,30.0,24.1,27.7,0,1.4,NORMAL,ERA5_PUBLIC_DATASET
2024-10-12,Andhra Pradesh (Krishna District),Rice,16.5,80.6,6.2,31.1,24.3,27.0,0,3.1,NORMAL,ERA5_PUBLIC_DATASET
2024-10-13,Andhra Pradesh (Krishna District),Rice,16.5,80.6,1.0,32.2,24.3,28.1,0,0.5,NORMAL,ERA5_PUBLIC_DATASET
2024-10-14,Andhra Pradesh (Krishna District),Rice,16.5,80.6,7.1,28.3,24.6,31.7,0,3.5,NORMAL,ERA5_PUBLIC_DATASET
2024-10-15,Andhra Pradesh (Krishna District),Rice,16.5,80.6,5.5,30.6,24.8,30.6,0,2.8,NORMAL,ERA5_PUBLIC_DATASET
2024-10-16,Andhra Pradesh (Krishna District),Rice,16.5,80.6,2.6,29.7,24.5,37.4,0,1.3,NORMAL,ERA5_PUBLIC_DATASET
2024-10-17,Andhra Pradesh (Krishna District),Rice,16.5,80.6,9.0,30.6,25.0,34.6,0,4.5,NORMAL,ERA5_PUBLIC_DATASET
2024-10-18,Andhra Pradesh (Krishna District),Rice,16.5,80.6,2.9,29.9,24.8,33.5,0,1.4,NORMAL,ERA5_PUBLIC_DATASET
2024-10-19,Andhra Pradesh (Krishna District),Rice,16.5,80.6,6.9,30.7,24.5,32.8,0,3.5,NORMAL,ERA5_PUBLIC_DATASET
2024-10-20,Andhra Pradesh (Krishna District),Rice,16.5,80.6,7.6,31.4,25.0,26.3,0,3.8,NORMAL,ERA5_PUBLIC_DATASET
2024-10-21,Andhra Pradesh (Krishna District),Rice,16.5,80.6,3.2,31.8,23.6,27.7,0,1.6,NORMAL,ERA5_PUBLIC_DATASET
2024-10-22,Andhra Pradesh (Krishna District),Rice,16.5,80.6,0.4,32.3,24.1,16.6,1,0.2,NORMAL,ERA5_PUBLIC_DATASET
2024-10-23,Andhra Pradesh (Krishna District),Rice,16.5,80.6,0.0,33.3,24.2,27.7,2,0.0,NORMAL,ERA5_PUBLIC_DATASET
2024-10-24,Andhra Pradesh (Krishna District),Rice,16.5,80.6,0.0,32.7,23.1,32.0,3,0.0,NORMAL,ERA5_PUBLIC_DATASET
2024-10-25,Andhra Pradesh (Krishna District),Rice,16.5,80.6,0.4,32.9,22.4,32.4,4,0.2,NORMAL,ERA5_PUBLIC_DATASET
2024-10-26,Andhra Pradesh (Krishna District),Rice,16.5,80.6,0.0,33.4,24.4,36.7,5,0.0,NORMAL,ERA5_PUBLIC_DATASET
2024-10-27,Andhra Pradesh (Krishna District),Rice,16.5,80.6,0.0,33.4,24.0,24.8,6,0.0,NORMAL,ERA5_PUBLIC_DATASET
2024-10-28,Andhra Pradesh (Krishna District),Rice,16.5,80.6,0.0,33.3,23.7,19.1,7,0.0,NORMAL,ERA5_PUBLIC_DATASET
2024-10-29,Andhra Pradesh (Krishna District),Rice,16.5,80.6,1.4,32.5,24.0,19.4,0,0.7,NORMAL,ERA5_PUBLIC_DATASET
2024-10-30,Andhra Pradesh (Krishna District),Rice,16.5,80.6,5.0,31.2,24.6,31.3,0,2.5,NORMAL,ERA5_PUBLIC_DATASET
2024-10-31,Andhra Pradesh (Krishna District),Rice,16.5,80.6,3.0,31.6,23.5,18.7,0,1.5,NORMAL,ERA5_PUBLIC_DATASET
2023-01-01,Punjab (Ludhiana District),Wheat,30.9,75.8,0.0,17.1,6.4,12.6,1,0.0,NORMAL,ERA5_PUBLIC_DATASET
2023-01-02,Punjab (Ludhiana District),Wheat,30.9,75.8,0.0,15.6,4.0,13.7,2,0.0,NORMAL,ERA5_PUBLIC_DATASET
2023-01-03,Punjab (Ludhiana District),Wheat,30.9,75.8,0.0,15.2,5.2,19.8,3,0.0,NORMAL,ERA5_PUBLIC_DATASET
2023-01-04,Punjab (Ludhiana District),Wheat,30.9,75.8,0.0,16.0,5.6,21.2,4,0.0,NORMAL,ERA5_PUBLIC_DATASET
2023-01-05,Punjab (Ludhiana District),Wheat,30.9,75.8,0.0,14.6,5.7,16.9,5,0.0,NORMAL,ERA5_PUBLIC_DATASET
2023-01-06,Punjab (Ludhiana District),Wheat,30.9,75.8,0.0,12.5,4.5,16.2,6,0.0,NORMAL,ERA5_PUBLIC_DATASET
2023-01-07,Punjab (Ludhiana District),Wheat,30.9,75.8,0.0,15.2,6.0,23.4,7,0.0,NORMAL,ERA5_PUBLIC_DATASET
2023-01-08,Punjab (Ludhiana District),Wheat,30.9,75.8,0.0,16.0,6.6,24.5,8,0.0,NORMAL,ERA5_PUBLIC_DATASET
2023-01-09,Punjab (Ludhiana District),Wheat,30.9,75.8,0.0,15.4,6.5,14.0,9,0.0,NORMAL,ERA5_PUBLIC_DATASET
2023-01-10,Punjab (Ludhiana District),Wheat,30.9,75.8,0.0,16.1,7.8,24.5,10,0.0,NORMAL,ERA5_PUBLIC_DATASET
2023-01-11,Punjab (Ludhiana District),Wheat,30.9,75.8,0.7,15.8,8.3,18.4,11,0.3,NORMAL,ERA5_PUBLIC_DATASET
2023-01-12,Punjab (Ludhiana District),Wheat,30.9,75.8,1.4,18.6,6.9,26.6,0,0.7,NORMAL,ERA5_PUBLIC_DATASET
2023-01-13,Punjab (Ludhiana District),Wheat,30.9,75.8,7.5,16.1,9.5,31.3,0,3.8,NORMAL,ERA5_PUBLIC_DATASET
2023-01-14,Punjab (Ludhiana District),Wheat,30.9,75.8,0.0,14.6,7.3,27.4,1,0.0,NORMAL,ERA5_PUBLIC_DATASET
2023-01-15,Punjab (Ludhiana District),Wheat,30.9,75.8,0.0,14.7,3.8,23.4,2,0.0,NORMAL,ERA5_PUBLIC_DATASET
2023-01-16,Punjab (Ludhiana District),Wheat,30.9,75.8,0.0,15.2,2.3,23.4,3,0.0,NORMAL,ERA5_PUBLIC_DATASET
2023-01-17,Punjab (Ludhiana District),Wheat,30.9,75.8,0.0,15.1,1.8,19.1,4,0.0,NORMAL,ERA5_PUBLIC_DATASET
2023-01-18,Punjab (Ludhiana District),Wheat,30.9,75.8,0.0,15.6,2.1,23.4,5,0.0,NORMAL,ERA5_PUBLIC_DATASET
2023-01-19,Punjab (Ludhiana District),Wheat,30.9,75.8,0.0,18.5,6.5,20.5,6,0.0,NORMAL,ERA5_PUBLIC_DATASET
2023-01-20,Punjab (Ludhiana District),Wheat,30.9,75.8,1.0,15.3,7.9,19.4,0,0.5,NORMAL,ERA5_PUBLIC_DATASET
2023-01-21,Punjab (Ludhiana District),Wheat,30.9,75.8,0.0,18.8,8.5,18.7,1,0.0,NORMAL,ERA5_PUBLIC_DATASET
2023-01-22,Punjab (Ludhiana District),Wheat,30.9,75.8,0.0,19.2,5.1,18.7,2,0.0,NORMAL,ERA5_PUBLIC_DATASET
2023-01-23,Punjab (Ludhiana District),Wheat,30.9,75.8,0.0,20.3,6.9,16.9,3,0.0,NORMAL,ERA5_PUBLIC_DATASET
2023-01-24,Punjab (Ludhiana District),Wheat,30.9,75.8,15.0,18.2,6.5,32.8,0,7.5,NORMAL,ERA5_PUBLIC_DATASET
2023-01-25,Punjab (Ludhiana District),Wheat,30.9,75.8,7.1,18.4,10.8,25.6,0,3.5,NORMAL,ERA5_PUBLIC_DATASET
2023-01-26,Punjab (Ludhiana District),Wheat,30.9,75.8,0.0,16.3,9.8,28.1,1,0.0,NORMAL,ERA5_PUBLIC_DATASET
2023-01-27,Punjab (Ludhiana District),Wheat,30.9,75.8,0.0,17.7,5.6,29.2,2,0.0,NORMAL,ERA5_PUBLIC_DATASET
2023-01-28,Punjab (Ludhiana District),Wheat,30.9,75.8,0.0,19.3,6.0,22.3,3,0.0,NORMAL,ERA5_PUBLIC_DATASET
2023-01-29,Punjab (Ludhiana District),Wheat,30.9,75.8,1.4,17.8,5.1,30.6,0,0.7,NORMAL,ERA5_PUBLIC_DATASET
2023-01-30,Punjab (Ludhiana District),Wheat,30.9,75.8,14.9,17.8,10.1,32.4,0,7.5,NORMAL,ERA5_PUBLIC_DATASET
2023-01-31,Punjab (Ludhiana District),Wheat,30.9,75.8,0.0,18.4,9.3,31.0,1,0.0,NORMAL,ERA5_PUBLIC_DATASET
2023-02-01,Punjab (Ludhiana District),Wheat,30.9,75.8,0.0,18.5,6.9,25.6,2,0.0,NORMAL,ERA5_PUBLIC_DATASET
2023-02-02,Punjab (Ludhiana District),Wheat,30.9,75.8,0.0,19.5,7.1,28.1,3,0.0,NORMAL,ERA5_PUBLIC_DATASET
2023-02-03,Punjab (Ludhiana District),Wheat,30.9,75.8,0.0,20.9,7.0,20.5,4,0.0,NORMAL,ERA5_PUBLIC_DATASET
2023-02-04,Punjab (Ludhiana District),Wheat,30.9,75.8,0.0,21.4,7.7,25.6,5,0.0,NORMAL,ERA5_PUBLIC_DATASET
2023-02-05,Punjab (Ludhiana District),Wheat,30.9,75.8,0.0,21.6,8.3,18.4,6,0.0,NORMAL,ERA5_PUBLIC_DATASET
2023-02-06,Punjab (Ludhiana District),Wheat,30.9,75.8,0.4,22.2,9.4,32.0,7,0.2,NORMAL,ERA5_PUBLIC_DATASET
2023-02-07,Punjab (Ludhiana District),Wheat,30.9,75.8,0.0,21.5,9.3,26.6,8,0.0,NORMAL,ERA5_PUBLIC_DATASET
2023-02-08,Punjab (Ludhiana District),Wheat,30.9,75.8,0.0,21.6,7.1,25.2,9,0.0,NORMAL,ERA5_PUBLIC_DATASET
2023-02-09,Punjab (Ludhiana District),Wheat,30.9,75.8,0.0,21.7,7.7,26.3,10,0.0,NORMAL,ERA5_PUBLIC_DATASET
2023-02-10,Punjab (Ludhiana District),Wheat,30.9,75.8,1.3,23.8,14.3,48.6,0,0.7,NORMAL,ERA5_PUBLIC_DATASET
2023-02-11,Punjab (Ludhiana District),Wheat,30.9,75.8,0.0,22.3,10.5,25.2,1,0.0,NORMAL,ERA5_PUBLIC_DATASET
2023-02-12,Punjab (Ludhiana District),Wheat,30.9,75.8,0.0,19.6,6.8,35.3,2,0.0,NORMAL,ERA5_PUBLIC_DATASET
2023-02-13,Punjab (Ludhiana District),Wheat,30.9,75.8,0.0,18.9,5.9,31.0,3,0.0,NORMAL,ERA5_PUBLIC_DATASET
2023-02-14,Punjab (Ludhiana District),Wheat,30.9,75.8,0.0,22.0,8.2,23.8,4,0.0,NORMAL,ERA5_PUBLIC_DATASET
2023-02-15,Punjab (Ludhiana District),Wheat,30.9,75.8,0.0,24.6,9.5,29.5,5,0.0,NORMAL,ERA5_PUBLIC_DATASET
2023-02-16,Punjab (Ludhiana District),Wheat,30.9,75.8,0.0,26.5,10.9,14.0,6,0.0,NORMAL,ERA5_PUBLIC_DATASET
2023-02-17,Punjab (Ludhiana District),Wheat,30.9,75.8,0.0,26.0,10.5,16.6,7,0.0,NORMAL,ERA5_PUBLIC_DATASET
2023-02-18,Punjab (Ludhiana District),Wheat,30.9,75.8,0.0,26.1,12.0,18.0,8,0.0,NORMAL,ERA5_PUBLIC_DATASET
2023-02-19,Punjab (Ludhiana District),Wheat,30.9,75.8,0.0,26.5,12.1,16.2,9,0.0,NORMAL,ERA5_PUBLIC_DATASET
2023-02-20,Punjab (Ludhiana District),Wheat,30.9,75.8,0.0,28.8,14.8,30.6,10,0.0,NORMAL,ERA5_PUBLIC_DATASET
2023-02-21,Punjab (Ludhiana District),Wheat,30.9,75.8,0.0,27.1,13.9,28.8,11,0.0,NORMAL,ERA5_PUBLIC_DATASET
2023-02-22,Punjab (Ludhiana District),Wheat,30.9,75.8,0.0,26.4,11.1,24.1,12,0.0,NORMAL,ERA5_PUBLIC_DATASET
2023-02-23,Punjab (Ludhiana District),Wheat,30.9,75.8,0.0,26.2,11.2,29.9,13,0.0,NORMAL,ERA5_PUBLIC_DATASET
2023-02-24,Punjab (Ludhiana District),Wheat,30.9,75.8,0.0,26.7,9.5,24.1,14,0.0,NORMAL,ERA5_PUBLIC_DATASET
2023-02-25,Punjab (Ludhiana District),Wheat,30.9,75.8,0.0,27.1,11.3,21.2,15,0.0,NORMAL,ERA5_PUBLIC_DATASET
2023-02-26,Punjab (Ludhiana District),Wheat,30.9,75.8,0.0,26.7,10.9,34.2,16,0.0,NORMAL,ERA5_PUBLIC_DATASET
2023-02-27,Punjab (Ludhiana District),Wheat,30.9,75.8,0.0,27.3,12.4,23.0,17,0.0,NORMAL,ERA5_PUBLIC_DATASET
2023-02-28,Punjab (Ludhiana District),Wheat,30.9,75.8,2.4,20.1,12.7,40.0,0,1.2,NORMAL,ERA5_PUBLIC_DATASET
2023-03-01,Punjab (Ludhiana District),Wheat,30.9,75.8,2.6,26.1,13.8,26.6,0,1.3,NORMAL,ERA5_PUBLIC_DATASET
2023-03-02,Punjab (Ludhiana District),Wheat,30.9,75.8,0.0,27.5,13.3,18.7,1,0.0,NORMAL,ERA5_PUBLIC_DATASET
2023-03-03,Punjab (Ludhiana District),Wheat,30.9,75.8,0.0,27.0,14.6,26.6,2,0.0,NORMAL,ERA5_PUBLIC_DATASET
2023-03-04,Punjab (Ludhiana District),Wheat,30.9,75.8,0.0,26.5,13.3,23.4,3,0.0,NORMAL,ERA5_PUBLIC_DATASET
2023-03-05,Punjab (Ludhiana District),Wheat,30.9,75.8,0.0,27.0,13.9,34.6,4,0.0,NORMAL,ERA5_PUBLIC_DATASET
2023-03-06,Punjab (Ludhiana District),Wheat,30.9,75.8,0.0,27.7,12.4,30.2,5,0.0,NORMAL,ERA5_PUBLIC_DATASET
2023-03-07,Punjab (Ludhiana District),Wheat,30.9,75.8,0.0,27.9,11.5,25.9,6,0.0,NORMAL,ERA5_PUBLIC_DATASET
2023-03-08,Punjab (Ludhiana District),Wheat,30.9,75.8,0.0,27.6,12.7,18.7,7,0.0,NORMAL,ERA5_PUBLIC_DATASET
2023-03-09,Punjab (Ludhiana District),Wheat,30.9,75.8,0.0,27.7,12.6,19.8,8,0.0,NORMAL,ERA5_PUBLIC_DATASET
2023-03-10,Punjab (Ludhiana District),Wheat,30.9,75.8,0.0,28.5,14.6,25.2,9,0.0,NORMAL,ERA5_PUBLIC_DATASET
2023-03-11,Punjab (Ludhiana District),Wheat,30.9,75.8,0.0,29.3,14.4,15.1,10,0.0,NORMAL,ERA5_PUBLIC_DATASET
2023-03-12,Punjab (Ludhiana District),Wheat,30.9,75.8,0.0,29.6,15.0,24.5,11,0.0,NORMAL,ERA5_PUBLIC_DATASET
2023-03-13,Punjab (Ludhiana District),Wheat,30.9,75.8,0.0,29.8,16.8,34.6,12,0.0,NORMAL,ERA5_PUBLIC_DATASET
2023-03-14,Punjab (Ludhiana District),Wheat,30.9,75.8,0.0,29.7,15.8,27.4,13,0.0,NORMAL,ERA5_PUBLIC_DATASET
2023-03-15,Punjab (Ludhiana District),Wheat,30.9,75.8,0.0,30.4,15.4,20.2,14,0.0,NORMAL,ERA5_PUBLIC_DATASET
2023-03-16,Punjab (Ludhiana District),Wheat,30.9,75.8,0.1,29.4,16.3,32.8,15,0.1,NORMAL,ERA5_PUBLIC_DATASET
2023-03-17,Punjab (Ludhiana District),Wheat,30.9,75.8,0.4,26.9,16.2,31.7,16,0.2,NORMAL,ERA5_PUBLIC_DATASET
2023-03-18,Punjab (Ludhiana District),Wheat,30.9,75.8,12.8,23.7,15.4,31.7,0,6.4,NORMAL,ERA5_PUBLIC_DATASET
2023-03-19,Punjab (Ludhiana District),Wheat,30.9,75.8,4.7,25.1,12.4,29.2,0,2.4,NORMAL,ERA5_PUBLIC_DATASET
2023-03-20,Punjab (Ludhiana District),Wheat,30.9,75.8,16.4,22.6,14.5,25.2,0,8.2,NORMAL,ERA5_PUBLIC_DATASET
2023-03-21,Punjab (Ludhiana District),Wheat,30.9,75.8,0.2,23.9,13.8,19.8,1,0.1,NORMAL,ERA5_PUBLIC_DATASET
2023-03-22,Punjab (Ludhiana District),Wheat,30.9,75.8,0.0,25.2,12.4,21.2,2,0.0,NORMAL,ERA5_PUBLIC_DATASET
2023-03-23,Punjab (Ludhiana District),Wheat,30.9,75.8,0.7,26.2,15.5,31.0,3,0.3,NORMAL,ERA5_PUBLIC_DATASET
2023-03-24,Punjab (Ludhiana District),Wheat,30.9,75.8,10.4,24.7,14.0,29.9,0,5.2,NORMAL,ERA5_PUBLIC_DATASET
2023-03-25,Punjab (Ludhiana District),Wheat,30.9,75.8,19.9,24.7,14.9,40.7,0,9.9,NORMAL,ERA5_PUBLIC_DATASET
2023-03-26,Punjab (Ludhiana District),Wheat,30.9,75.8,1.4,24.9,12.0,20.2,0,0.7,NORMAL,ERA5_PUBLIC_DATASET
2023-03-27,Punjab (Ludhiana District),Wheat,30.9,75.8,0.0,25.0,13.3,21.6,1,0.0,NORMAL,ERA5_PUBLIC_DATASET
2023-03-28,Punjab (Ludhiana District),Wheat,30.9,75.8,0.0,26.6,13.2,20.2,2,0.0,NORMAL,ERA5_PUBLIC_DATASET
2023-03-29,Punjab (Ludhiana District),Wheat,30.9,75.8,0.0,28.1,13.6,15.8,3,0.0,NORMAL,ERA5_PUBLIC_DATASET
2023-03-30,Punjab (Ludhiana District),Wheat,30.9,75.8,4.2,28.6,16.0,36.7,0,2.1,NORMAL,ERA5_PUBLIC_DATASET
2023-03-31,Punjab (Ludhiana District),Wheat,30.9,75.8,7.2,21.8,16.2,35.3,0,3.6,NORMAL,ERA5_PUBLIC_DATASET
2023-04-01,Punjab (Ludhiana District),Wheat,30.9,75.8,11.3,23.7,14.9,28.1,0,5.7,NORMAL,ERA5_PUBLIC_DATASET
2023-04-02,Punjab (Ludhiana District),Wheat,30.9,75.8,0.0,25.7,13.4,23.4,1,0.0,NORMAL,ERA5_PUBLIC_DATASET
2023-04-03,Punjab (Ludhiana District),Wheat,30.9,75.8,4.0,25.3,14.5,42.5,0,2.0,NORMAL,ERA5_PUBLIC_DATASET
2023-04-04,Punjab (Ludhiana District),Wheat,30.9,75.8,3.1,26.5,14.5,46.8,0,1.6,NORMAL,ERA5_PUBLIC_DATASET
2023-04-05,Punjab (Ludhiana District),Wheat,30.9,75.8,0.0,27.4,12.5,24.1,1,0.0,NORMAL,ERA5_PUBLIC_DATASET
2023-04-06,Punjab (Ludhiana District),Wheat,30.9,75.8,0.0,28.3,15.1,27.4,2,0.0,NORMAL,ERA5_PUBLIC_DATASET
2023-04-07,Punjab (Ludhiana District),Wheat,30.9,75.8,0.0,28.8,13.4,30.6,3,0.0,NORMAL,ERA5_PUBLIC_DATASET
2023-04-08,Punjab (Ludhiana District),Wheat,30.9,75.8,0.0,30.4,13.7,26.3,4,0.0,NORMAL,ERA5_PUBLIC_DATASET
2023-04-09,Punjab (Ludhiana District),Wheat,30.9,75.8,0.0,31.4,16.1,20.9,5,0.0,NORMAL,ERA5_PUBLIC_DATASET
2023-04-10,Punjab (Ludhiana District),Wheat,30.9,75.8,0.0,32.8,14.9,31.3,6,0.0,NORMAL,ERA5_PUBLIC_DATASET
2023-04-11,Punjab (Ludhiana District),Wheat,30.9,75.8,0.0,34.0,15.9,40.3,7,0.0,NORMAL,ERA5_PUBLIC_DATASET
2023-04-12,Punjab (Ludhiana District),Wheat,30.9,75.8,0.0,35.2,19.1,32.4,8,0.0,NORMAL,ERA5_PUBLIC_DATASET
2023-04-13,Punjab (Ludhiana District),Wheat,30.9,75.8,0.0,35.2,17.4,34.9,9,0.0,NORMAL,ERA5_PUBLIC_DATASET
2023-04-14,Punjab (Ludhiana District),Wheat,30.9,75.8,0.0,36.8,19.6,31.3,10,0.0,NORMAL,ERA5_PUBLIC_DATASET
2023-04-15,Punjab (Ludhiana District),Wheat,30.9,75.8,0.0,37.9,18.8,29.5,11,0.0,NORMAL,ERA5_PUBLIC_DATASET
2023-04-16,Punjab (Ludhiana District),Wheat,30.9,75.8,0.0,37.8,20.2,29.2,12,0.0,NORMAL,ERA5_PUBLIC_DATASET
2023-04-17,Punjab (Ludhiana District),Wheat,30.9,75.8,0.0,38.5,19.7,20.2,13,0.0,NORMAL,ERA5_PUBLIC_DATASET
2023-04-18,Punjab (Ludhiana District),Wheat,30.9,75.8,0.0,36.7,22.5,37.1,14,0.0,NORMAL,ERA5_PUBLIC_DATASET
2023-04-19,Punjab (Ludhiana District),Wheat,30.9,75.8,2.7,32.3,21.7,41.8,0,1.4,NORMAL,ERA5_PUBLIC_DATASET
2023-04-20,Punjab (Ludhiana District),Wheat,30.9,75.8,0.5,30.4,20.0,30.6,1,0.2,NORMAL,ERA5_PUBLIC_DATASET
2023-04-21,Punjab (Ludhiana District),Wheat,30.9,75.8,0.9,31.3,17.9,37.1,2,0.5,NORMAL,ERA5_PUBLIC_DATASET
2023-04-22,Punjab (Ludhiana District),Wheat,30.9,75.8,0.0,31.2,16.7,36.7,3,0.0,NORMAL,ERA5_PUBLIC_DATASET
2023-04-23,Punjab (Ludhiana District),Wheat,30.9,75.8,0.0,31.2,16.4,23.4,4,0.0,NORMAL,ERA5_PUBLIC_DATASET
2023-04-24,Punjab (Ludhiana District),Wheat,30.9,75.8,0.0,33.3,17.6,27.7,5,0.0,NORMAL,ERA5_PUBLIC_DATASET
2023-04-25,Punjab (Ludhiana District),Wheat,30.9,75.8,0.0,33.7,19.9,37.4,6,0.0,NORMAL,ERA5_PUBLIC_DATASET
2023-04-26,Punjab (Ludhiana District),Wheat,30.9,75.8,0.3,34.7,18.5,35.6,7,0.1,NORMAL,ERA5_PUBLIC_DATASET
2023-04-27,Punjab (Ludhiana District),Wheat,30.9,75.8,0.4,32.0,20.7,45.7,8,0.2,NORMAL,ERA5_PUBLIC_DATASET
2023-04-28,Punjab (Ludhiana District),Wheat,30.9,75.8,1.4,34.3,17.8,35.3,0,0.7,NORMAL,ERA5_PUBLIC_DATASET
2023-04-29,Punjab (Ludhiana District),Wheat,30.9,75.8,0.0,34.7,20.7,29.2,1,0.0,NORMAL,ERA5_PUBLIC_DATASET
2023-04-30,Punjab (Ludhiana District),Wheat,30.9,75.8,1.2,31.0,20.6,25.9,0,0.6,NORMAL,ERA5_PUBLIC_DATASET
2023-05-01,Punjab (Ludhiana District),Wheat,30.9,75.8,4.3,25.1,18.9,40.0,0,2.1,NORMAL,ERA5_PUBLIC_DATASET
2023-05-02,Punjab (Ludhiana District),Wheat,30.9,75.8,5.9,26.7,18.1,34.6,0,3.0,NORMAL,ERA5_PUBLIC_DATASET
2023-05-03,Punjab (Ludhiana District),Wheat,30.9,75.8,15.2,28.3,17.7,34.6,0,7.6,NORMAL,ERA5_PUBLIC_DATASET
2023-05-04,Punjab (Ludhiana District),Wheat,30.9,75.8,1.4,29.1,16.9,19.1,0,0.7,NORMAL,ERA5_PUBLIC_DATASET
2023-05-05,Punjab (Ludhiana District),Wheat,30.9,75.8,0.0,31.1,19.3,25.9,1,0.0,NORMAL,ERA5_PUBLIC_DATASET
2023-05-06,Punjab (Ludhiana District),Wheat,30.9,75.8,0.0,33.0,18.5,38.2,2,0.0,NORMAL,ERA5_PUBLIC_DATASET
2023-05-07,Punjab (Ludhiana District),Wheat,30.9,75.8,0.0,34.4,17.9,34.9,3,0.0,NORMAL,ERA5_PUBLIC_DATASET
2023-05-08,Punjab (Ludhiana District),Wheat,30.9,75.8,0.2,34.6,18.4,44.3,4,0.1,NORMAL,ERA5_PUBLIC_DATASET
2023-05-09,Punjab (Ludhiana District),Wheat,30.9,75.8,0.0,33.5,18.3,34.9,5,0.0,NORMAL,ERA5_PUBLIC_DATASET
2023-05-10,Punjab (Ludhiana District),Wheat,30.9,75.8,0.0,34.3,18.2,33.1,6,0.0,NORMAL,ERA5_PUBLIC_DATASET
2023-05-11,Punjab (Ludhiana District),Wheat,30.9,75.8,0.0,37.1,18.9,18.0,7,0.0,NORMAL,ERA5_PUBLIC_DATASET
2023-05-12,Punjab (Ludhiana District),Wheat,30.9,75.8,0.0,38.0,21.1,18.0,8,0.0,NORMAL,ERA5_PUBLIC_DATASET
2023-05-13,Punjab (Ludhiana District),Wheat,30.9,75.8,0.0,38.8,20.5,30.6,9,0.0,NORMAL,ERA5_PUBLIC_DATASET
2023-05-14,Punjab (Ludhiana District),Wheat,30.9,75.8,0.0,38.7,22.2,54.7,10,0.0,NORMAL,ERA5_PUBLIC_DATASET
2023-05-15,Punjab (Ludhiana District),Wheat,30.9,75.8,0.0,38.7,23.0,26.3,11,0.0,NORMAL,ERA5_PUBLIC_DATASET
2023-05-16,Punjab (Ludhiana District),Wheat,30.9,75.8,0.0,38.5,22.6,29.9,12,0.0,NORMAL,ERA5_PUBLIC_DATASET
2023-05-17,Punjab (Ludhiana District),Wheat,30.9,75.8,0.0,38.9,22.5,35.3,13,0.0,NORMAL,ERA5_PUBLIC_DATASET
2023-05-18,Punjab (Ludhiana District),Wheat,30.9,75.8,2.5,32.8,19.9,28.8,0,1.2,NORMAL,ERA5_PUBLIC_DATASET
2023-05-19,Punjab (Ludhiana District),Wheat,30.9,75.8,0.0,35.7,21.7,32.0,1,0.0,NORMAL,ERA5_PUBLIC_DATASET
2023-05-20,Punjab (Ludhiana District),Wheat,30.9,75.8,0.0,38.5,22.1,33.5,2,0.0,NORMAL,ERA5_PUBLIC_DATASET
2023-05-21,Punjab (Ludhiana District),Wheat,30.9,75.8,0.0,41.2,22.3,27.0,3,0.0,NORMAL,ERA5_PUBLIC_DATASET
2023-05-22,Punjab (Ludhiana District),Wheat,30.9,75.8,0.0,42.4,23.9,37.1,4,0.0,HEATWAVE,ERA5_PUBLIC_DATASET
2023-05-23,Punjab (Ludhiana District),Wheat,30.9,75.8,0.6,40.7,25.5,54.0,5,0.3,NORMAL,ERA5_PUBLIC_DATASET
2023-05-24,Punjab (Ludhiana District),Wheat,30.9,75.8,14.8,31.3,22.5,46.8,0,7.4,NORMAL,ERA5_PUBLIC_DATASET
2023-05-25,Punjab (Ludhiana District),Wheat,30.9,75.8,1.4,33.7,21.4,27.7,0,0.7,NORMAL,ERA5_PUBLIC_DATASET
2023-05-26,Punjab (Ludhiana District),Wheat,30.9,75.8,2.5,31.5,20.5,28.4,0,1.2,NORMAL,ERA5_PUBLIC_DATASET
2023-05-27,Punjab (Ludhiana District),Wheat,30.9,75.8,0.1,32.8,20.6,26.6,1,0.1,NORMAL,ERA5_PUBLIC_DATASET
2023-05-28,Punjab (Ludhiana District),Wheat,30.9,75.8,0.0,34.6,21.1,19.1,2,0.0,NORMAL,ERA5_PUBLIC_DATASET
2023-05-29,Punjab (Ludhiana District),Wheat,30.9,75.8,0.9,33.6,22.1,51.1,3,0.5,NORMAL,ERA5_PUBLIC_DATASET
2023-05-30,Punjab (Ludhiana District),Wheat,30.9,75.8,0.3,32.6,22.4,24.8,4,0.1,NORMAL,ERA5_PUBLIC_DATASET
2023-05-31,Punjab (Ludhiana District),Wheat,30.9,75.8,63.0,25.7,19.9,33.8,0,57.8,NORMAL,ERA5_PUBLIC_DATASET
2023-06-01,Punjab (Ludhiana District),Wheat,30.9,75.8,0.1,30.2,18.3,31.3,1,0.1,NORMAL,ERA5_PUBLIC_DATASET
2023-06-02,Punjab (Ludhiana District),Wheat,30.9,75.8,1.5,29.0,19.3,32.0,0,0.8,NORMAL,ERA5_PUBLIC_DATASET
2023-06-03,Punjab (Ludhiana District),Wheat,30.9,75.8,0.0,32.6,20.4,19.1,1,0.0,NORMAL,ERA5_PUBLIC_DATASET
2023-06-04,Punjab (Ludhiana District),Wheat,30.9,75.8,0.0,34.3,21.7,16.9,2,0.0,NORMAL,ERA5_PUBLIC_DATASET
2023-06-05,Punjab (Ludhiana District),Wheat,30.9,75.8,0.0,36.0,22.6,41.8,3,0.0,NORMAL,ERA5_PUBLIC_DATASET
2023-06-06,Punjab (Ludhiana District),Wheat,30.9,75.8,0.6,35.3,22.1,50.4,4,0.3,NORMAL,ERA5_PUBLIC_DATASET
2023-06-07,Punjab (Ludhiana District),Wheat,30.9,75.8,0.4,33.5,22.6,58.0,5,0.2,NORMAL,ERA5_PUBLIC_DATASET
2023-06-08,Punjab (Ludhiana District),Wheat,30.9,75.8,0.0,36.8,23.9,30.2,6,0.0,NORMAL,ERA5_PUBLIC_DATASET
2023-06-09,Punjab (Ludhiana District),Wheat,30.9,75.8,0.2,38.7,23.9,33.5,7,0.1,NORMAL,ERA5_PUBLIC_DATASET
2023-06-10,Punjab (Ludhiana District),Wheat,30.9,75.8,0.1,39.2,24.1,36.0,8,0.1,NORMAL,ERA5_PUBLIC_DATASET
2023-06-11,Punjab (Ludhiana District),Wheat,30.9,75.8,0.0,37.3,25.1,36.0,9,0.0,NORMAL,ERA5_PUBLIC_DATASET
2023-06-12,Punjab (Ludhiana District),Wheat,30.9,75.8,0.0,38.3,24.9,29.5,10,0.0,NORMAL,ERA5_PUBLIC_DATASET
2023-06-13,Punjab (Ludhiana District),Wheat,30.9,75.8,0.0,39.9,26.9,56.2,11,0.0,NORMAL,ERA5_PUBLIC_DATASET
2023-06-14,Punjab (Ludhiana District),Wheat,30.9,75.8,1.2,37.2,27.0,36.0,0,0.6,NORMAL,ERA5_PUBLIC_DATASET
2023-06-15,Punjab (Ludhiana District),Wheat,30.9,75.8,3.1,34.2,24.6,27.0,0,1.6,NORMAL,ERA5_PUBLIC_DATASET
2023-06-16,Punjab (Ludhiana District),Wheat,30.9,75.8,0.9,35.9,24.8,35.3,1,0.5,NORMAL,ERA5_PUBLIC_DATASET
2023-06-17,Punjab (Ludhiana District),Wheat,30.9,75.8,0.0,37.3,25.4,16.6,2,0.0,NORMAL,ERA5_PUBLIC_DATASET
2023-06-18,Punjab (Ludhiana District),Wheat,30.9,75.8,1.5,34.9,27.1,31.3,0,0.8,NORMAL,ERA5_PUBLIC_DATASET
2023-06-19,Punjab (Ludhiana District),Wheat,30.9,75.8,0.0,37.5,26.3,20.2,1,0.0,NORMAL,ERA5_PUBLIC_DATASET
2023-06-20,Punjab (Ludhiana District),Wheat,30.9,75.8,0.0,38.6,26.8,20.5,2,0.0,NORMAL,ERA5_PUBLIC_DATASET
2023-06-21,Punjab (Ludhiana District),Wheat,30.9,75.8,0.0,38.7,27.8,33.8,3,0.0,NORMAL,ERA5_PUBLIC_DATASET
2023-06-22,Punjab (Ludhiana District),Wheat,30.9,75.8,8.2,38.0,28.2,38.2,0,4.1,NORMAL,ERA5_PUBLIC_DATASET
2023-06-23,Punjab (Ludhiana District),Wheat,30.9,75.8,1.2,37.8,27.3,37.4,0,0.6,NORMAL,ERA5_PUBLIC_DATASET
2023-06-24,Punjab (Ludhiana District),Wheat,30.9,75.8,0.7,38.4,27.4,42.1,1,0.3,NORMAL,ERA5_PUBLIC_DATASET
2023-06-25,Punjab (Ludhiana District),Wheat,30.9,75.8,7.4,36.3,26.5,44.6,0,3.7,NORMAL,ERA5_PUBLIC_DATASET
2023-06-26,Punjab (Ludhiana District),Wheat,30.9,75.8,2.9,33.2,25.4,32.4,0,1.4,NORMAL,ERA5_PUBLIC_DATASET
2023-06-27,Punjab (Ludhiana District),Wheat,30.9,75.8,11.0,34.0,24.3,27.0,0,5.5,NORMAL,ERA5_PUBLIC_DATASET
2023-06-28,Punjab (Ludhiana District),Wheat,30.9,75.8,0.4,34.5,26.1,31.0,1,0.2,NORMAL,ERA5_PUBLIC_DATASET
2023-06-29,Punjab (Ludhiana District),Wheat,30.9,75.8,8.6,32.8,26.4,31.3,0,4.3,NORMAL,ERA5_PUBLIC_DATASET
2023-06-30,Punjab (Ludhiana District),Wheat,30.9,75.8,1.6,34.2,24.4,32.8,0,0.8,NORMAL,ERA5_PUBLIC_DATASET
2023-07-01,Punjab (Ludhiana District),Wheat,30.9,75.8,2.6,34.7,24.9,36.4,0,1.3,NORMAL,ERA5_PUBLIC_DATASET
2023-07-02,Punjab (Ludhiana District),Wheat,30.9,75.8,2.7,35.4,25.1,28.4,0,1.4,NORMAL,ERA5_PUBLIC_DATASET
2023-07-03,Punjab (Ludhiana District),Wheat,30.9,75.8,0.0,36.6,27.7,24.5,1,0.0,NORMAL,ERA5_PUBLIC_DATASET
2023-07-04,Punjab (Ludhiana District),Wheat,30.9,75.8,21.6,36.3,26.6,42.8,0,10.8,NORMAL,ERA5_PUBLIC_DATASET
2023-07-05,Punjab (Ludhiana District),Wheat,30.9,75.8,7.2,31.3,26.0,36.0,0,3.6,NORMAL,ERA5_PUBLIC_DATASET
2023-07-06,Punjab (Ludhiana District),Wheat,30.9,75.8,0.8,33.5,24.4,24.1,1,0.4,NORMAL,ERA5_PUBLIC_DATASET
2023-07-07,Punjab (Ludhiana District),Wheat,30.9,75.8,7.2,31.7,25.4,31.7,0,3.6,NORMAL,ERA5_PUBLIC_DATASET
2023-07-08,Punjab (Ludhiana District),Wheat,30.9,75.8,21.8,27.4,24.1,32.4,0,10.9,NORMAL,ERA5_PUBLIC_DATASET
2023-07-09,Punjab (Ludhiana District),Wheat,30.9,75.8,55.5,29.3,23.9,33.5,0,53.3,NORMAL,ERA5_PUBLIC_DATASET
2023-07-10,Punjab (Ludhiana District),Wheat,30.9,75.8,0.8,28.9,24.2,29.9,1,0.4,NORMAL,ERA5_PUBLIC_DATASET
2023-07-11,Punjab (Ludhiana District),Wheat,30.9,75.8,0.7,32.6,23.6,21.2,2,0.3,NORMAL,ERA5_PUBLIC_DATASET
2023-07-12,Punjab (Ludhiana District),Wheat,30.9,75.8,0.1,34.2,24.9,23.0,3,0.1,NORMAL,ERA5_PUBLIC_DATASET
2023-07-13,Punjab (Ludhiana District),Wheat,30.9,75.8,1.2,33.1,23.8,31.7,0,0.6,NORMAL,ERA5_PUBLIC_DATASET
2023-07-14,Punjab (Ludhiana District),Wheat,30.9,75.8,0.8,33.1,25.8,22.7,1,0.4,NORMAL,ERA5_PUBLIC_DATASET
2023-07-15,Punjab (Ludhiana District),Wheat,30.9,75.8,3.1,33.8,25.7,23.8,0,1.6,NORMAL,ERA5_PUBLIC_DATASET
2023-07-16,Punjab (Ludhiana District),Wheat,30.9,75.8,21.2,32.0,25.8,30.6,0,10.6,NORMAL,ERA5_PUBLIC_DATASET
2023-07-17,Punjab (Ludhiana District),Wheat,30.9,75.8,4.7,33.5,26.0,22.7,0,2.4,NORMAL,ERA5_PUBLIC_DATASET
2023-07-18,Punjab (Ludhiana District),Wheat,30.9,75.8,0.9,32.0,26.5,31.0,1,0.5,NORMAL,ERA5_PUBLIC_DATASET
2023-07-19,Punjab (Ludhiana District),Wheat,30.9,75.8,3.9,32.3,26.2,30.6,0,1.9,NORMAL,ERA5_PUBLIC_DATASET
2023-07-20,Punjab (Ludhiana District),Wheat,30.9,75.8,0.2,35.0,26.4,16.6,1,0.1,NORMAL,ERA5_PUBLIC_DATASET
2023-07-21,Punjab (Ludhiana District),Wheat,30.9,75.8,0.7,35.0,27.3,20.9,2,0.3,NORMAL,ERA5_PUBLIC_DATASET
2023-07-22,Punjab (Ludhiana District),Wheat,30.9,75.8,5.7,31.6,26.3,35.3,0,2.9,NORMAL,ERA5_PUBLIC_DATASET
2023-07-23,Punjab (Ludhiana District),Wheat,30.9,75.8,0.6,33.3,25.9,26.6,1,0.3,NORMAL,ERA5_PUBLIC_DATASET
2023-07-24,Punjab (Ludhiana District),Wheat,30.9,75.8,2.8,33.4,26.7,26.3,0,1.4,NORMAL,ERA5_PUBLIC_DATASET
2023-07-25,Punjab (Ludhiana District),Wheat,30.9,75.8,7.9,33.5,26.2,29.9,0,4.0,NORMAL,ERA5_PUBLIC_DATASET
2023-07-26,Punjab (Ludhiana District),Wheat,30.9,75.8,8.1,31.4,25.1,24.8,0,4.0,NORMAL,ERA5_PUBLIC_DATASET
2023-07-27,Punjab (Ludhiana District),Wheat,30.9,75.8,3.0,32.2,25.7,22.3,0,1.5,NORMAL,ERA5_PUBLIC_DATASET
2023-07-28,Punjab (Ludhiana District),Wheat,30.9,75.8,21.8,30.4,25.3,19.1,0,10.9,NORMAL,ERA5_PUBLIC_DATASET
2023-07-29,Punjab (Ludhiana District),Wheat,30.9,75.8,4.0,32.6,25.5,22.3,0,2.0,NORMAL,ERA5_PUBLIC_DATASET
2023-07-30,Punjab (Ludhiana District),Wheat,30.9,75.8,0.2,33.0,24.9,14.0,1,0.1,NORMAL,ERA5_PUBLIC_DATASET
2023-07-31,Punjab (Ludhiana District),Wheat,30.9,75.8,0.1,33.7,26.0,23.0,2,0.1,NORMAL,ERA5_PUBLIC_DATASET
2023-08-01,Punjab (Ludhiana District),Wheat,30.9,75.8,0.0,34.3,26.2,20.9,3,0.0,NORMAL,ERA5_PUBLIC_DATASET
2023-08-02,Punjab (Ludhiana District),Wheat,30.9,75.8,1.2,34.6,27.3,27.4,0,0.6,NORMAL,ERA5_PUBLIC_DATASET
2023-08-03,Punjab (Ludhiana District),Wheat,30.9,75.8,2.8,33.6,25.1,24.1,0,1.4,NORMAL,ERA5_PUBLIC_DATASET
2023-08-04,Punjab (Ludhiana District),Wheat,30.9,75.8,7.6,33.4,25.9,23.8,0,3.8,NORMAL,ERA5_PUBLIC_DATASET
2023-08-05,Punjab (Ludhiana District),Wheat,30.9,75.8,3.7,32.8,26.4,29.5,0,1.9,NORMAL,ERA5_PUBLIC_DATASET
2023-08-06,Punjab (Ludhiana District),Wheat,30.9,75.8,10.1,32.9,25.8,32.8,0,5.0,NORMAL,ERA5_PUBLIC_DATASET
2023-08-07,Punjab (Ludhiana District),Wheat,30.9,75.8,7.7,33.3,24.4,28.1,0,3.9,NORMAL,ERA5_PUBLIC_DATASET
2023-08-08,Punjab (Ludhiana District),Wheat,30.9,75.8,0.3,33.9,25.6,20.9,1,0.1,NORMAL,ERA5_PUBLIC_DATASET
2023-08-09,Punjab (Ludhiana District),Wheat,30.9,75.8,2.2,34.0,26.7,21.2,0,1.1,NORMAL,ERA5_PUBLIC_DATASET
2023-08-10,Punjab (Ludhiana District),Wheat,30.9,75.8,6.1,32.7,25.6,23.4,0,3.0,NORMAL,ERA5_PUBLIC_DATASET
2023-08-11,Punjab (Ludhiana District),Wheat,30.9,75.8,8.0,32.9,26.4,20.5,0,4.0,NORMAL,ERA5_PUBLIC_DATASET
2023-08-12,Punjab (Ludhiana District),Wheat,30.9,75.8,0.0,34.0,26.2,24.1,1,0.0,NORMAL,ERA5_PUBLIC_DATASET
2023-08-13,Punjab (Ludhiana District),Wheat,30.9,75.8,1.9,34.3,25.6,37.1,0,0.9,NORMAL,ERA5_PUBLIC_DATASET
2023-08-14,Punjab (Ludhiana District),Wheat,30.9,75.8,9.9,32.3,25.0,34.2,0,5.0,NORMAL,ERA5_PUBLIC_DATASET
2023-08-15,Punjab (Ludhiana District),Wheat,30.9,75.8,4.7,33.0,24.6,29.9,0,2.4,NORMAL,ERA5_PUBLIC_DATASET
2023-08-16,Punjab (Ludhiana District),Wheat,30.9,75.8,0.0,33.8,25.4,20.5,1,0.0,NORMAL,ERA5_PUBLIC_DATASET
2023-08-17,Punjab (Ludhiana District),Wheat,30.9,75.8,1.9,33.8,26.0,24.1,0,0.9,NORMAL,ERA5_PUBLIC_DATASET
2023-08-18,Punjab (Ludhiana District),Wheat,30.9,75.8,0.0,34.6,26.1,14.4,1,0.0,NORMAL,ERA5_PUBLIC_DATASET
2023-08-19,Punjab (Ludhiana District),Wheat,30.9,75.8,3.5,33.7,27.2,24.5,0,1.8,NORMAL,ERA5_PUBLIC_DATASET
2023-08-20,Punjab (Ludhiana District),Wheat,30.9,75.8,0.9,34.0,26.5,28.1,1,0.5,NORMAL,ERA5_PUBLIC_DATASET
2023-08-21,Punjab (Ludhiana District),Wheat,30.9,75.8,2.8,34.5,26.6,21.2,0,1.4,NORMAL,ERA5_PUBLIC_DATASET
2023-08-22,Punjab (Ludhiana District),Wheat,30.9,75.8,0.5,35.9,26.7,22.3,1,0.2,NORMAL,ERA5_PUBLIC_DATASET
2023-08-23,Punjab (Ludhiana District),Wheat,30.9,75.8,1.5,33.1,25.7,38.5,0,0.8,NORMAL,ERA5_PUBLIC_DATASET
2023-08-24,Punjab (Ludhiana District),Wheat,30.9,75.8,0.5,33.3,25.0,22.3,1,0.2,NORMAL,ERA5_PUBLIC_DATASET
2023-08-25,Punjab (Ludhiana District),Wheat,30.9,75.8,1.3,33.4,23.9,29.9,0,0.7,NORMAL,ERA5_PUBLIC_DATASET
2023-08-26,Punjab (Ludhiana District),Wheat,30.9,75.8,9.7,31.3,23.9,36.4,0,4.8,NORMAL,ERA5_PUBLIC_DATASET
2023-08-27,Punjab (Ludhiana District),Wheat,30.9,75.8,0.0,33.1,25.0,22.7,1,0.0,NORMAL,ERA5_PUBLIC_DATASET
2023-08-28,Punjab (Ludhiana District),Wheat,30.9,75.8,4.0,32.2,22.5,44.6,0,2.0,NORMAL,ERA5_PUBLIC_DATASET
2023-08-29,Punjab (Ludhiana District),Wheat,30.9,75.8,0.0,33.7,24.6,25.2,1,0.0,NORMAL,ERA5_PUBLIC_DATASET
2023-08-30,Punjab (Ludhiana District),Wheat,30.9,75.8,0.0,34.2,24.9,22.3,2,0.0,NORMAL,ERA5_PUBLIC_DATASET
2023-08-31,Punjab (Ludhiana District),Wheat,30.9,75.8,0.0,34.5,24.7,20.9,3,0.0,NORMAL,ERA5_PUBLIC_DATASET
2023-09-01,Punjab (Ludhiana District),Wheat,30.9,75.8,0.0,36.1,26.5,19.8,4,0.0,NORMAL,ERA5_PUBLIC_DATASET
2023-09-02,Punjab (Ludhiana District),Wheat,30.9,75.8,0.0,36.0,25.4,24.5,5,0.0,NORMAL,ERA5_PUBLIC_DATASET
2023-09-03,Punjab (Ludhiana District),Wheat,30.9,75.8,0.0,35.3,25.5,22.7,6,0.0,NORMAL,ERA5_PUBLIC_DATASET
2023-09-04,Punjab (Ludhiana District),Wheat,30.9,75.8,0.0,35.8,25.1,18.4,7,0.0,NORMAL,ERA5_PUBLIC_DATASET
2023-09-05,Punjab (Ludhiana District),Wheat,30.9,75.8,0.0,35.0,24.8,25.2,8,0.0,NORMAL,ERA5_PUBLIC_DATASET
2023-09-06,Punjab (Ludhiana District),Wheat,30.9,75.8,0.0,35.5,24.4,18.0,9,0.0,NORMAL,ERA5_PUBLIC_DATASET
2023-09-07,Punjab (Ludhiana District),Wheat,30.9,75.8,0.0,36.5,25.0,15.8,10,0.0,NORMAL,ERA5_PUBLIC_DATASET
2023-09-08,Punjab (Ludhiana District),Wheat,30.9,75.8,0.1,34.9,25.5,19.4,11,0.1,NORMAL,ERA5_PUBLIC_DATASET
2023-09-09,Punjab (Ludhiana District),Wheat,30.9,75.8,7.8,32.7,24.2,36.0,0,3.9,NORMAL,ERA5_PUBLIC_DATASET
2023-09-10,Punjab (Ludhiana District),Wheat,30.9,75.8,1.8,32.7,25.0,19.8,0,0.9,NORMAL,ERA5_PUBLIC_DATASET
2023-09-11,Punjab (Ludhiana District),Wheat,30.9,75.8,0.0,34.0,24.4,20.5,1,0.0,NORMAL,ERA5_PUBLIC_DATASET
2023-09-12,Punjab (Ludhiana District),Wheat,30.9,75.8,0.0,34.5,25.9,24.1,2,0.0,NORMAL,ERA5_PUBLIC_DATASET
2023-09-13,Punjab (Ludhiana District),Wheat,30.9,75.8,2.2,33.6,25.8,26.3,0,1.1,NORMAL,ERA5_PUBLIC_DATASET
2023-09-14,Punjab (Ludhiana District),Wheat,30.9,75.8,2.4,34.0,26.5,25.6,0,1.2,NORMAL,ERA5_PUBLIC_DATASET
2023-09-15,Punjab (Ludhiana District),Wheat,30.9,75.8,8.6,32.3,25.4,29.2,0,4.3,NORMAL,ERA5_PUBLIC_DATASET
2023-09-16,Punjab (Ludhiana District),Wheat,30.9,75.8,0.6,33.4,24.2,17.6,1,0.3,NORMAL,ERA5_PUBLIC_DATASET
2023-09-17,Punjab (Ludhiana District),Wheat,30.9,75.8,15.6,30.0,24.4,23.8,0,7.8,NORMAL,ERA5_PUBLIC_DATASET
2023-09-18,Punjab (Ludhiana District),Wheat,30.9,75.8,17.2,31.5,23.8,34.9,0,8.6,NORMAL,ERA5_PUBLIC_DATASET
2023-09-19,Punjab (Ludhiana District),Wheat,30.9,75.8,21.4,31.9,24.7,26.3,0,10.7,NORMAL,ERA5_PUBLIC_DATASET
2023-09-20,Punjab (Ludhiana District),Wheat,30.9,75.8,0.8,33.1,24.6,25.6,1,0.4,NORMAL,ERA5_PUBLIC_DATASET
2023-09-21,Punjab (Ludhiana District),Wheat,30.9,75.8,0.0,33.5,25.3,20.9,2,0.0,NORMAL,ERA5_PUBLIC_DATASET
2023-09-22,Punjab (Ludhiana District),Wheat,30.9,75.8,0.0,33.3,24.8,31.3,3,0.0,NORMAL,ERA5_PUBLIC_DATASET
2023-09-23,Punjab (Ludhiana District),Wheat,30.9,75.8,0.2,32.2,24.9,18.4,4,0.1,NORMAL,ERA5_PUBLIC_DATASET
2023-09-24,Punjab (Ludhiana District),Wheat,30.9,75.8,0.0,31.7,23.2,22.7,5,0.0,NORMAL,ERA5_PUBLIC_DATASET
2023-09-25,Punjab (Ludhiana District),Wheat,30.9,75.8,1.7,31.2,22.7,37.8,0,0.8,NORMAL,ERA5_PUBLIC_DATASET
2023-09-26,Punjab (Ludhiana District),Wheat,30.9,75.8,0.0,32.2,22.0,19.8,1,0.0,NORMAL,ERA5_PUBLIC_DATASET
2023-09-27,Punjab (Ludhiana District),Wheat,30.9,75.8,0.0,32.3,22.1,27.7,2,0.0,NORMAL,ERA5_PUBLIC_DATASET
2023-09-28,Punjab (Ludhiana District),Wheat,30.9,75.8,0.0,32.7,20.8,22.0,3,0.0,NORMAL,ERA5_PUBLIC_DATASET
2023-09-29,Punjab (Ludhiana District),Wheat,30.9,75.8,0.0,33.2,20.5,15.5,4,0.0,NORMAL,ERA5_PUBLIC_DATASET
2023-09-30,Punjab (Ludhiana District),Wheat,30.9,75.8,0.0,33.2,20.8,25.9,5,0.0,NORMAL,ERA5_PUBLIC_DATASET
2023-10-01,Punjab (Ludhiana District),Wheat,30.9,75.8,0.0,32.8,19.7,18.0,6,0.0,NORMAL,ERA5_PUBLIC_DATASET
2023-10-02,Punjab (Ludhiana District),Wheat,30.9,75.8,0.0,32.2,20.4,28.4,7,0.0,NORMAL,ERA5_PUBLIC_DATASET
2023-10-03,Punjab (Ludhiana District),Wheat,30.9,75.8,0.0,32.8,18.0,29.9,8,0.0,NORMAL,ERA5_PUBLIC_DATASET
2023-10-04,Punjab (Ludhiana District),Wheat,30.9,75.8,0.0,33.2,20.0,28.4,9,0.0,NORMAL,ERA5_PUBLIC_DATASET
2023-10-05,Punjab (Ludhiana District),Wheat,30.9,75.8,0.0,33.3,20.8,24.8,10,0.0,NORMAL,ERA5_PUBLIC_DATASET
2023-10-06,Punjab (Ludhiana District),Wheat,30.9,75.8,0.0,34.1,19.0,17.3,11,0.0,NORMAL,ERA5_PUBLIC_DATASET
2023-10-07,Punjab (Ludhiana District),Wheat,30.9,75.8,0.0,34.4,19.5,16.6,12,0.0,NORMAL,ERA5_PUBLIC_DATASET
2023-10-08,Punjab (Ludhiana District),Wheat,30.9,75.8,0.0,34.1,22.2,18.0,13,0.0,NORMAL,ERA5_PUBLIC_DATASET
2023-10-09,Punjab (Ludhiana District),Wheat,30.9,75.8,0.0,34.5,22.1,18.7,14,0.0,NORMAL,ERA5_PUBLIC_DATASET
2023-10-10,Punjab (Ludhiana District),Wheat,30.9,75.8,0.0,33.1,21.6,27.7,15,0.0,NORMAL,ERA5_PUBLIC_DATASET
2023-10-11,Punjab (Ludhiana District),Wheat,30.9,75.8,0.0,31.5,19.0,23.4,16,0.0,NORMAL,ERA5_PUBLIC_DATASET
2023-10-12,Punjab (Ludhiana District),Wheat,30.9,75.8,0.0,31.6,18.6,18.4,17,0.0,NORMAL,ERA5_PUBLIC_DATASET
2023-10-13,Punjab (Ludhiana District),Wheat,30.9,75.8,0.0,32.2,18.7,16.9,18,0.0,NORMAL,ERA5_PUBLIC_DATASET
2023-10-14,Punjab (Ludhiana District),Wheat,30.9,75.8,0.0,31.8,20.1,41.8,19,0.0,NORMAL,ERA5_PUBLIC_DATASET
2023-10-15,Punjab (Ludhiana District),Wheat,30.9,75.8,0.7,31.7,19.4,47.2,20,0.3,NORMAL,ERA5_PUBLIC_DATASET
2023-10-16,Punjab (Ludhiana District),Wheat,30.9,75.8,17.8,26.8,18.3,37.1,0,8.9,NORMAL,ERA5_PUBLIC_DATASET
2023-10-17,Punjab (Ludhiana District),Wheat,30.9,75.8,0.0,26.3,16.4,21.6,1,0.0,NORMAL,ERA5_PUBLIC_DATASET
2023-10-18,Punjab (Ludhiana District),Wheat,30.9,75.8,0.0,26.8,15.0,23.8,2,0.0,NORMAL,ERA5_PUBLIC_DATASET
2023-10-19,Punjab (Ludhiana District),Wheat,30.9,75.8,0.0,27.3,15.1,20.9,3,0.0,NORMAL,ERA5_PUBLIC_DATASET
2023-10-20,Punjab (Ludhiana District),Wheat,30.9,75.8,0.0,29.0,15.7,16.6,4,0.0,NORMAL,ERA5_PUBLIC_DATASET
2023-10-21,Punjab (Ludhiana District),Wheat,30.9,75.8,0.0,29.3,16.0,22.7,5,0.0,NORMAL,ERA5_PUBLIC_DATASET
2023-10-22,Punjab (Ludhiana District),Wheat,30.9,75.8,0.0,27.6,16.6,21.6,6,0.0,NORMAL,ERA5_PUBLIC_DATASET
2023-10-23,Punjab (Ludhiana District),Wheat,30.9,75.8,0.0,29.3,17.5,22.7,7,0.0,NORMAL,ERA5_PUBLIC_DATASET
2023-10-24,Punjab (Ludhiana District),Wheat,30.9,75.8,0.0,29.5,16.4,23.8,8,0.0,NORMAL,ERA5_PUBLIC_DATASET
2023-10-25,Punjab (Ludhiana District),Wheat,30.9,75.8,0.0,29.7,15.9,21.6,9,0.0,NORMAL,ERA5_PUBLIC_DATASET
2023-10-26,Punjab (Ludhiana District),Wheat,30.9,75.8,0.0,29.8,16.1,24.8,10,0.0,NORMAL,ERA5_PUBLIC_DATASET
2023-10-27,Punjab (Ludhiana District),Wheat,30.9,75.8,0.0,30.1,14.8,18.7,11,0.0,NORMAL,ERA5_PUBLIC_DATASET
2023-10-28,Punjab (Ludhiana District),Wheat,30.9,75.8,0.0,29.9,16.8,19.1,12,0.0,NORMAL,ERA5_PUBLIC_DATASET
2023-10-29,Punjab (Ludhiana District),Wheat,30.9,75.8,0.0,30.0,16.8,14.0,13,0.0,NORMAL,ERA5_PUBLIC_DATASET
2023-10-30,Punjab (Ludhiana District),Wheat,30.9,75.8,0.0,30.0,17.2,16.9,14,0.0,NORMAL,ERA5_PUBLIC_DATASET
2023-10-31,Punjab (Ludhiana District),Wheat,30.9,75.8,0.0,30.2,17.6,15.8,15,0.0,NORMAL,ERA5_PUBLIC_DATASET
2023-11-01,Punjab (Ludhiana District),Wheat,30.9,75.8,0.0,29.7,15.9,16.9,16,0.0,NORMAL,ERA5_PUBLIC_DATASET
2023-11-02,Punjab (Ludhiana District),Wheat,30.9,75.8,0.0,29.7,16.3,21.6,17,0.0,NORMAL,ERA5_PUBLIC_DATASET
2023-11-03,Punjab (Ludhiana District),Wheat,30.9,75.8,0.1,28.6,16.7,24.1,18,0.1,NORMAL,ERA5_PUBLIC_DATASET
2023-11-04,Punjab (Ludhiana District),Wheat,30.9,75.8,0.0,29.5,14.3,22.7,19,0.0,NORMAL,ERA5_PUBLIC_DATASET
2023-11-05,Punjab (Ludhiana District),Wheat,30.9,75.8,0.0,29.4,15.3,21.6,20,0.0,NORMAL,ERA5_PUBLIC_DATASET
2023-11-06,Punjab (Ludhiana District),Wheat,30.9,75.8,0.0,28.7,14.2,14.8,21,0.0,NORMAL,ERA5_PUBLIC_DATASET
2023-11-07,Punjab (Ludhiana District),Wheat,30.9,75.8,0.0,28.8,15.3,19.1,22,0.0,NORMAL,ERA5_PUBLIC_DATASET
2023-11-08,Punjab (Ludhiana District),Wheat,30.9,75.8,0.1,29.3,16.6,25.6,23,0.1,NORMAL,ERA5_PUBLIC_DATASET
2023-11-09,Punjab (Ludhiana District),Wheat,30.9,75.8,0.0,28.5,15.2,16.6,24,0.0,NORMAL,ERA5_PUBLIC_DATASET
2023-11-10,Punjab (Ludhiana District),Wheat,30.9,75.8,5.6,21.6,14.9,37.4,0,2.8,NORMAL,ERA5_PUBLIC_DATASET
2023-11-11,Punjab (Ludhiana District),Wheat,30.9,75.8,0.0,24.5,13.7,23.4,1,0.0,NORMAL,ERA5_PUBLIC_DATASET
2023-11-12,Punjab (Ludhiana District),Wheat,30.9,75.8,0.0,25.1,13.1,27.0,2,0.0,NORMAL,ERA5_PUBLIC_DATASET
2023-11-13,Punjab (Ludhiana District),Wheat,30.9,75.8,0.0,25.4,11.7,16.2,3,0.0,NORMAL,ERA5_PUBLIC_DATASET
2023-11-14,Punjab (Ludhiana District),Wheat,30.9,75.8,0.0,25.5,12.3,20.2,4,0.0,NORMAL,ERA5_PUBLIC_DATASET
2023-11-15,Punjab (Ludhiana District),Wheat,30.9,75.8,0.0,26.4,13.5,19.8,5,0.0,NORMAL,ERA5_PUBLIC_DATASET
2023-11-16,Punjab (Ludhiana District),Wheat,30.9,75.8,0.0,26.2,13.1,20.2,6,0.0,NORMAL,ERA5_PUBLIC_DATASET
2023-11-17,Punjab (Ludhiana District),Wheat,30.9,75.8,0.0,27.3,13.2,20.5,7,0.0,NORMAL,ERA5_PUBLIC_DATASET
2023-11-18,Punjab (Ludhiana District),Wheat,30.9,75.8,0.0,27.0,12.8,14.0,8,0.0,NORMAL,ERA5_PUBLIC_DATASET
2023-11-19,Punjab (Ludhiana District),Wheat,30.9,75.8,0.0,26.9,11.9,23.8,9,0.0,NORMAL,ERA5_PUBLIC_DATASET
2023-11-20,Punjab (Ludhiana District),Wheat,30.9,75.8,0.0,25.8,13.3,15.5,10,0.0,NORMAL,ERA5_PUBLIC_DATASET
2023-11-21,Punjab (Ludhiana District),Wheat,30.9,75.8,0.0,25.0,12.5,32.0,11,0.0,NORMAL,ERA5_PUBLIC_DATASET
2023-11-22,Punjab (Ludhiana District),Wheat,30.9,75.8,0.0,25.2,11.8,28.1,12,0.0,NORMAL,ERA5_PUBLIC_DATASET
2023-11-23,Punjab (Ludhiana District),Wheat,30.9,75.8,0.0,24.8,10.6,19.4,13,0.0,NORMAL,ERA5_PUBLIC_DATASET
2023-11-24,Punjab (Ludhiana District),Wheat,30.9,75.8,0.0,25.4,12.7,22.3,14,0.0,NORMAL,ERA5_PUBLIC_DATASET
2023-11-25,Punjab (Ludhiana District),Wheat,30.9,75.8,0.0,24.9,11.2,15.8,15,0.0,NORMAL,ERA5_PUBLIC_DATASET
2023-11-26,Punjab (Ludhiana District),Wheat,30.9,75.8,0.0,25.0,12.4,18.7,16,0.0,NORMAL,ERA5_PUBLIC_DATASET
2023-11-27,Punjab (Ludhiana District),Wheat,30.9,75.8,0.7,22.1,14.2,33.5,17,0.3,NORMAL,ERA5_PUBLIC_DATASET
2023-11-28,Punjab (Ludhiana District),Wheat,30.9,75.8,0.0,24.8,11.7,27.0,18,0.0,NORMAL,ERA5_PUBLIC_DATASET
2023-11-29,Punjab (Ludhiana District),Wheat,30.9,75.8,0.0,24.9,11.9,16.6,19,0.0,NORMAL,ERA5_PUBLIC_DATASET
2023-11-30,Punjab (Ludhiana District),Wheat,30.9,75.8,5.2,22.2,12.8,30.6,0,2.6,NORMAL,ERA5_PUBLIC_DATASET
2023-12-01,Punjab (Ludhiana District),Wheat,30.9,75.8,0.0,23.4,12.1,21.2,1,0.0,NORMAL,ERA5_PUBLIC_DATASET
2023-12-02,Punjab (Ludhiana District),Wheat,30.9,75.8,0.0,23.9,10.8,12.6,2,0.0,NORMAL,ERA5_PUBLIC_DATASET
2023-12-03,Punjab (Ludhiana District),Wheat,30.9,75.8,0.0,23.0,10.7,13.3,3,0.0,NORMAL,ERA5_PUBLIC_DATASET
2023-12-04,Punjab (Ludhiana District),Wheat,30.9,75.8,0.0,21.8,10.3,17.3,4,0.0,NORMAL,ERA5_PUBLIC_DATASET
2023-12-05,Punjab (Ludhiana District),Wheat,30.9,75.8,0.0,22.9,9.5,20.9,5,0.0,NORMAL,ERA5_PUBLIC_DATASET
2023-12-06,Punjab (Ludhiana District),Wheat,30.9,75.8,0.0,23.4,11.9,20.2,6,0.0,NORMAL,ERA5_PUBLIC_DATASET
2023-12-07,Punjab (Ludhiana District),Wheat,30.9,75.8,0.0,22.8,10.4,21.6,7,0.0,NORMAL,ERA5_PUBLIC_DATASET
2023-12-08,Punjab (Ludhiana District),Wheat,30.9,75.8,0.0,22.1,9.3,20.2,8,0.0,NORMAL,ERA5_PUBLIC_DATASET
2023-12-09,Punjab (Ludhiana District),Wheat,30.9,75.8,0.0,21.8,7.5,24.8,9,0.0,NORMAL,ERA5_PUBLIC_DATASET
2023-12-10,Punjab (Ludhiana District),Wheat,30.9,75.8,0.0,21.4,8.5,25.2,10,0.0,NORMAL,ERA5_PUBLIC_DATASET
2023-12-11,Punjab (Ludhiana District),Wheat,30.9,75.8,0.0,21.5,7.2,14.0,11,0.0,NORMAL,ERA5_PUBLIC_DATASET
2023-12-12,Punjab (Ludhiana District),Wheat,30.9,75.8,0.0,21.3,6.9,15.1,12,0.0,NORMAL,ERA5_PUBLIC_DATASET
2023-12-13,Punjab (Ludhiana District),Wheat,30.9,75.8,0.0,21.2,9.4,21.6,13,0.0,NORMAL,ERA5_PUBLIC_DATASET
2023-12-14,Punjab (Ludhiana District),Wheat,30.9,75.8,0.0,20.9,7.4,25.2,14,0.0,NORMAL,ERA5_PUBLIC_DATASET
2023-12-15,Punjab (Ludhiana District),Wheat,30.9,75.8,0.0,20.3,6.6,14.4,15,0.0,NORMAL,ERA5_PUBLIC_DATASET
2023-12-16,Punjab (Ludhiana District),Wheat,30.9,75.8,0.0,20.2,6.5,19.8,16,0.0,NORMAL,ERA5_PUBLIC_DATASET
2023-12-17,Punjab (Ludhiana District),Wheat,30.9,75.8,0.0,20.3,7.1,23.8,17,0.0,NORMAL,ERA5_PUBLIC_DATASET
2023-12-18,Punjab (Ludhiana District),Wheat,30.9,75.8,0.0,19.8,7.5,25.9,18,0.0,NORMAL,ERA5_PUBLIC_DATASET
2023-12-19,Punjab (Ludhiana District),Wheat,30.9,75.8,0.0,19.9,6.0,25.2,19,0.0,NORMAL,ERA5_PUBLIC_DATASET
2023-12-20,Punjab (Ludhiana District),Wheat,30.9,75.8,0.0,20.2,6.0,18.0,20,0.0,NORMAL,ERA5_PUBLIC_DATASET
2023-12-21,Punjab (Ludhiana District),Wheat,30.9,75.8,0.0,20.7,4.5,19.8,21,0.0,NORMAL,ERA5_PUBLIC_DATASET
2023-12-22,Punjab (Ludhiana District),Wheat,30.9,75.8,0.0,19.2,5.2,12.2,22,0.0,NORMAL,ERA5_PUBLIC_DATASET
2023-12-23,Punjab (Ludhiana District),Wheat,30.9,75.8,0.0,22.2,8.4,24.5,23,0.0,NORMAL,ERA5_PUBLIC_DATASET
2023-12-24,Punjab (Ludhiana District),Wheat,30.9,75.8,0.0,21.5,9.6,20.2,24,0.0,NORMAL,ERA5_PUBLIC_DATASET
2023-12-25,Punjab (Ludhiana District),Wheat,30.9,75.8,0.0,20.8,10.2,20.9,25,0.0,NORMAL,ERA5_PUBLIC_DATASET
2023-12-26,Punjab (Ludhiana District),Wheat,30.9,75.8,0.0,22.3,7.5,17.3,26,0.0,NORMAL,ERA5_PUBLIC_DATASET
2023-12-27,Punjab (Ludhiana District),Wheat,30.9,75.8,0.0,21.3,8.2,17.6,27,0.0,NORMAL,ERA5_PUBLIC_DATASET
2023-12-28,Punjab (Ludhiana District),Wheat,30.9,75.8,0.0,19.4,9.3,14.8,28,0.0,NORMAL,ERA5_PUBLIC_DATASET
2023-12-29,Punjab (Ludhiana District),Wheat,30.9,75.8,0.0,18.7,8.3,13.7,29,0.0,NORMAL,ERA5_PUBLIC_DATASET
2023-12-30,Punjab (Ludhiana District),Wheat,30.9,75.8,0.0,18.0,8.0,16.6,30,0.0,NORMAL,ERA5_PUBLIC_DATASET
2023-12-31,Punjab (Ludhiana District),Wheat,30.9,75.8,0.0,16.0,7.5,13.0,31,0.0,NORMAL,ERA5_PUBLIC_DATASET
2024-01-01,Punjab (Ludhiana District),Wheat,30.9,75.8,0.0,15.5,6.0,17.3,32,0.0,NORMAL,ERA5_PUBLIC_DATASET
2024-01-02,Punjab (Ludhiana District),Wheat,30.9,75.8,0.0,14.1,4.4,15.5,33,0.0,NORMAL,ERA5_PUBLIC_DATASET
2024-01-03,Punjab (Ludhiana District),Wheat,30.9,75.8,0.0,14.2,5.2,12.6,34,0.0,NORMAL,ERA5_PUBLIC_DATASET
2024-01-04,Punjab (Ludhiana District),Wheat,30.9,75.8,0.0,16.4,5.0,16.2,35,0.0,NORMAL,ERA5_PUBLIC_DATASET
2024-01-05,Punjab (Ludhiana District),Wheat,30.9,75.8,0.0,14.3,5.0,20.2,36,0.0,NORMAL,ERA5_PUBLIC_DATASET
2024-01-06,Punjab (Ludhiana District),Wheat,30.9,75.8,0.0,15.5,4.3,23.0,37,0.0,NORMAL,ERA5_PUBLIC_DATASET
2024-01-07,Punjab (Ludhiana District),Wheat,30.9,75.8,0.0,14.6,4.8,15.1,38,0.0,NORMAL,ERA5_PUBLIC_DATASET
2024-01-08,Punjab (Ludhiana District),Wheat,30.9,75.8,0.0,15.5,4.6,16.2,39,0.0,NORMAL,ERA5_PUBLIC_DATASET
2024-01-09,Punjab (Ludhiana District),Wheat,30.9,75.8,0.0,13.4,4.0,20.9,40,0.0,NORMAL,ERA5_PUBLIC_DATASET
2024-01-10,Punjab (Ludhiana District),Wheat,30.9,75.8,0.0,14.8,3.9,28.4,41,0.0,NORMAL,ERA5_PUBLIC_DATASET
2024-01-11,Punjab (Ludhiana District),Wheat,30.9,75.8,0.0,13.8,4.9,19.1,42,0.0,NORMAL,ERA5_PUBLIC_DATASET
2024-01-12,Punjab (Ludhiana District),Wheat,30.9,75.8,0.0,15.0,4.0,22.7,43,0.0,NORMAL,ERA5_PUBLIC_DATASET
2024-01-13,Punjab (Ludhiana District),Wheat,30.9,75.8,0.0,15.9,4.7,17.3,44,0.0,NORMAL,ERA5_PUBLIC_DATASET
2024-01-14,Punjab (Ludhiana District),Wheat,30.9,75.8,0.0,14.3,4.1,19.8,45,0.0,NORMAL,ERA5_PUBLIC_DATASET
2024-01-15,Punjab (Ludhiana District),Wheat,30.9,75.8,0.0,13.2,4.3,17.3,46,0.0,NORMAL,ERA5_PUBLIC_DATASET
2024-01-16,Punjab (Ludhiana District),Wheat,30.9,75.8,0.0,14.8,3.3,15.1,47,0.0,NORMAL,ERA5_PUBLIC_DATASET
2024-01-17,Punjab (Ludhiana District),Wheat,30.9,75.8,0.0,16.7,5.9,15.8,48,0.0,NORMAL,ERA5_PUBLIC_DATASET
2024-01-18,Punjab (Ludhiana District),Wheat,30.9,75.8,0.0,16.7,6.8,16.6,49,0.0,NORMAL,ERA5_PUBLIC_DATASET
2024-01-19,Punjab (Ludhiana District),Wheat,30.9,75.8,0.0,15.6,6.3,13.3,50,0.0,NORMAL,ERA5_PUBLIC_DATASET
2024-01-20,Punjab (Ludhiana District),Wheat,30.9,75.8,0.0,15.4,5.2,14.8,51,0.0,NORMAL,ERA5_PUBLIC_DATASET
2024-01-21,Punjab (Ludhiana District),Wheat,30.9,75.8,0.0,15.3,4.3,24.1,52,0.0,NORMAL,ERA5_PUBLIC_DATASET
2024-01-22,Punjab (Ludhiana District),Wheat,30.9,75.8,0.0,13.2,3.6,14.8,53,0.0,NORMAL,ERA5_PUBLIC_DATASET
2024-01-23,Punjab (Ludhiana District),Wheat,30.9,75.8,0.0,14.8,2.7,17.6,54,0.0,NORMAL,ERA5_PUBLIC_DATASET
2024-01-24,Punjab (Ludhiana District),Wheat,30.9,75.8,0.0,15.6,4.6,19.4,55,0.0,NORMAL,ERA5_PUBLIC_DATASET
2024-01-25,Punjab (Ludhiana District),Wheat,30.9,75.8,0.0,14.1,4.1,19.8,56,0.0,NORMAL,ERA5_PUBLIC_DATASET
2024-01-26,Punjab (Ludhiana District),Wheat,30.9,75.8,0.0,18.1,5.6,18.4,57,0.0,NORMAL,ERA5_PUBLIC_DATASET
2024-01-27,Punjab (Ludhiana District),Wheat,30.9,75.8,0.0,19.3,6.4,27.4,58,0.0,NORMAL,ERA5_PUBLIC_DATASET
2024-01-28,Punjab (Ludhiana District),Wheat,30.9,75.8,0.0,19.2,6.0,16.9,59,0.0,NORMAL,ERA5_PUBLIC_DATASET
2024-01-29,Punjab (Ludhiana District),Wheat,30.9,75.8,0.0,19.5,7.0,19.1,60,0.0,NORMAL,ERA5_PUBLIC_DATASET
2024-01-30,Punjab (Ludhiana District),Wheat,30.9,75.8,0.0,19.9,6.9,16.2,61,0.0,NORMAL,ERA5_PUBLIC_DATASET
2024-01-31,Punjab (Ludhiana District),Wheat,30.9,75.8,2.3,17.7,8.8,26.3,0,1.1,NORMAL,ERA5_PUBLIC_DATASET
2024-02-01,Punjab (Ludhiana District),Wheat,30.9,75.8,15.6,16.9,9.2,45.4,0,7.8,NORMAL,ERA5_PUBLIC_DATASET
2024-02-02,Punjab (Ludhiana District),Wheat,30.9,75.8,0.0,17.1,6.0,27.0,1,0.0,NORMAL,ERA5_PUBLIC_DATASET
2024-02-03,Punjab (Ludhiana District),Wheat,30.9,75.8,0.9,17.1,7.6,20.5,2,0.5,NORMAL,ERA5_PUBLIC_DATASET
2024-02-04,Punjab (Ludhiana District),Wheat,30.9,75.8,18.6,15.2,10.1,27.4,0,9.3,NORMAL,ERA5_PUBLIC_DATASET
2024-02-05,Punjab (Ludhiana District),Wheat,30.9,75.8,0.1,17.1,7.0,20.9,1,0.1,NORMAL,ERA5_PUBLIC_DATASET
2024-02-06,Punjab (Ludhiana District),Wheat,30.9,75.8,0.0,17.1,5.3,27.7,2,0.0,NORMAL,ERA5_PUBLIC_DATASET
2024-02-07,Punjab (Ludhiana District),Wheat,30.9,75.8,0.0,17.0,3.3,31.3,3,0.0,NORMAL,ERA5_PUBLIC_DATASET
2024-02-08,Punjab (Ludhiana District),Wheat,30.9,75.8,0.0,17.0,5.0,31.3,4,0.0,NORMAL,ERA5_PUBLIC_DATASET
2024-02-09,Punjab (Ludhiana District),Wheat,30.9,75.8,0.0,19.6,4.7,15.8,5,0.0,NORMAL,ERA5_PUBLIC_DATASET
2024-02-10,Punjab (Ludhiana District),Wheat,30.9,75.8,0.0,20.0,5.0,18.0,6,0.0,NORMAL,ERA5_PUBLIC_DATASET
2024-02-11,Punjab (Ludhiana District),Wheat,30.9,75.8,0.0,20.9,6.8,21.6,7,0.0,NORMAL,ERA5_PUBLIC_DATASET
2024-02-12,Punjab (Ludhiana District),Wheat,30.9,75.8,0.0,20.5,7.1,12.6,8,0.0,NORMAL,ERA5_PUBLIC_DATASET
2024-02-13,Punjab (Ludhiana District),Wheat,30.9,75.8,0.0,21.5,9.0,12.6,9,0.0,NORMAL,ERA5_PUBLIC_DATASET
2024-02-14,Punjab (Ludhiana District),Wheat,30.9,75.8,0.0,21.9,8.0,25.9,10,0.0,NORMAL,ERA5_PUBLIC_DATASET
2024-02-15,Punjab (Ludhiana District),Wheat,30.9,75.8,0.0,22.5,8.1,21.6,11,0.0,NORMAL,ERA5_PUBLIC_DATASET
2024-02-16,Punjab (Ludhiana District),Wheat,30.9,75.8,0.0,23.2,7.1,21.6,12,0.0,NORMAL,ERA5_PUBLIC_DATASET
2024-02-17,Punjab (Ludhiana District),Wheat,30.9,75.8,0.0,23.6,8.3,27.4,13,0.0,NORMAL,ERA5_PUBLIC_DATASET
2024-02-18,Punjab (Ludhiana District),Wheat,30.9,75.8,0.0,24.3,9.5,27.0,14,0.0,NORMAL,ERA5_PUBLIC_DATASET
2024-02-19,Punjab (Ludhiana District),Wheat,30.9,75.8,5.1,24.5,15.9,64.4,0,66.6,EXTREME_WIND,ERA5_PUBLIC_DATASET
2024-02-20,Punjab (Ludhiana District),Wheat,30.9,75.8,0.8,23.2,11.6,50.8,1,0.4,NORMAL,ERA5_PUBLIC_DATASET
2024-02-21,Punjab (Ludhiana District),Wheat,30.9,75.8,0.2,21.4,7.8,28.1,2,0.1,NORMAL,ERA5_PUBLIC_DATASET
2024-02-22,Punjab (Ludhiana District),Wheat,30.9,75.8,0.0,21.0,7.7,23.4,3,0.0,NORMAL,ERA5_PUBLIC_DATASET
2024-02-23,Punjab (Ludhiana District),Wheat,30.9,75.8,0.0,20.7,6.8,21.6,4,0.0,NORMAL,ERA5_PUBLIC_DATASET
2024-02-24,Punjab (Ludhiana District),Wheat,30.9,75.8,0.0,20.9,6.1,18.7,5,0.0,NORMAL,ERA5_PUBLIC_DATASET
2024-02-25,Punjab (Ludhiana District),Wheat,30.9,75.8,0.0,21.5,6.1,18.7,6,0.0,NORMAL,ERA5_PUBLIC_DATASET
2024-02-26,Punjab (Ludhiana District),Wheat,30.9,75.8,0.0,22.7,7.2,19.8,7,0.0,NORMAL,ERA5_PUBLIC_DATASET
2024-02-27,Punjab (Ludhiana District),Wheat,30.9,75.8,0.0,21.1,12.2,29.2,8,0.0,NORMAL,ERA5_PUBLIC_DATASET
2024-02-28,Punjab (Ludhiana District),Wheat,30.9,75.8,0.0,22.8,8.8,34.2,9,0.0,NORMAL,ERA5_PUBLIC_DATASET
2024-02-29,Punjab (Ludhiana District),Wheat,30.9,75.8,0.0,25.0,9.6,24.5,10,0.0,NORMAL,ERA5_PUBLIC_DATASET
2024-03-01,Punjab (Ludhiana District),Wheat,30.9,75.8,1.7,22.1,13.6,47.2,0,0.8,NORMAL,ERA5_PUBLIC_DATASET
2024-03-02,Punjab (Ludhiana District),Wheat,30.9,75.8,26.3,20.8,15.2,68.0,0,72.0,EXTREME_WIND,ERA5_PUBLIC_DATASET
2024-03-03,Punjab (Ludhiana District),Wheat,30.9,75.8,0.0,20.3,10.1,39.2,1,0.0,NORMAL,ERA5_PUBLIC_DATASET
2024-03-04,Punjab (Ludhiana District),Wheat,30.9,75.8,0.0,18.6,7.5,25.9,2,0.0,NORMAL,ERA5_PUBLIC_DATASET
2024-03-05,Punjab (Ludhiana District),Wheat,30.9,75.8,0.0,19.3,6.3,28.8,3,0.0,NORMAL,ERA5_PUBLIC_DATASET
2024-03-06,Punjab (Ludhiana District),Wheat,30.9,75.8,0.0,20.8,5.2,24.5,4,0.0,NORMAL,ERA5_PUBLIC_DATASET
2024-03-07,Punjab (Ludhiana District),Wheat,30.9,75.8,0.0,23.0,9.2,24.5,5,0.0,NORMAL,ERA5_PUBLIC_DATASET
2024-03-08,Punjab (Ludhiana District),Wheat,30.9,75.8,0.0,22.8,8.9,28.1,6,0.0,NORMAL,ERA5_PUBLIC_DATASET
2024-03-09,Punjab (Ludhiana District),Wheat,30.9,75.8,0.0,24.7,9.1,28.8,7,0.0,NORMAL,ERA5_PUBLIC_DATASET
2024-03-10,Punjab (Ludhiana District),Wheat,30.9,75.8,0.0,26.6,9.4,23.0,8,0.0,NORMAL,ERA5_PUBLIC_DATASET
2024-03-11,Punjab (Ludhiana District),Wheat,30.9,75.8,0.0,26.3,11.0,45.4,9,0.0,NORMAL,ERA5_PUBLIC_DATASET
2024-03-12,Punjab (Ludhiana District),Wheat,30.9,75.8,0.0,26.7,12.2,20.9,10,0.0,NORMAL,ERA5_PUBLIC_DATASET
2024-03-13,Punjab (Ludhiana District),Wheat,30.9,75.8,1.0,25.4,12.3,40.0,0,0.5,NORMAL,ERA5_PUBLIC_DATASET
2024-03-14,Punjab (Ludhiana District),Wheat,30.9,75.8,0.0,26.6,10.1,27.0,1,0.0,NORMAL,ERA5_PUBLIC_DATASET
2024-03-15,Punjab (Ludhiana District),Wheat,30.9,75.8,0.0,26.7,11.1,30.6,2,0.0,NORMAL,ERA5_PUBLIC_DATASET
2024-03-16,Punjab (Ludhiana District),Wheat,30.9,75.8,0.0,27.8,10.7,23.0,3,0.0,NORMAL,ERA5_PUBLIC_DATASET
2024-03-17,Punjab (Ludhiana District),Wheat,30.9,75.8,0.0,28.5,12.0,22.7,4,0.0,NORMAL,ERA5_PUBLIC_DATASET
2024-03-18,Punjab (Ludhiana District),Wheat,30.9,75.8,0.0,29.0,12.0,23.0,5,0.0,NORMAL,ERA5_PUBLIC_DATASET
2024-03-19,Punjab (Ludhiana District),Wheat,30.9,75.8,0.0,29.8,12.4,27.7,6,0.0,NORMAL,ERA5_PUBLIC_DATASET
2024-03-20,Punjab (Ludhiana District),Wheat,30.9,75.8,0.0,30.7,13.6,27.0,7,0.0,NORMAL,ERA5_PUBLIC_DATASET
2024-03-21,Punjab (Ludhiana District),Wheat,30.9,75.8,0.0,27.7,16.8,39.2,8,0.0,NORMAL,ERA5_PUBLIC_DATASET
2024-03-22,Punjab (Ludhiana District),Wheat,30.9,75.8,0.1,28.6,18.1,33.1,9,0.1,NORMAL,ERA5_PUBLIC_DATASET
2024-03-23,Punjab (Ludhiana District),Wheat,30.9,75.8,0.0,30.7,15.7,32.8,10,0.0,NORMAL,ERA5_PUBLIC_DATASET
2024-03-24,Punjab (Ludhiana District),Wheat,30.9,75.8,0.4,29.5,16.9,36.4,11,0.2,NORMAL,ERA5_PUBLIC_DATASET
2024-03-25,Punjab (Ludhiana District),Wheat,30.9,75.8,0.0,31.1,16.1,31.3,12,0.0,NORMAL,ERA5_PUBLIC_DATASET
2024-03-26,Punjab (Ludhiana District),Wheat,30.9,75.8,0.0,30.8,15.7,21.2,13,0.0,NORMAL,ERA5_PUBLIC_DATASET
2024-03-27,Punjab (Ludhiana District),Wheat,30.9,75.8,0.5,32.3,18.2,36.4,14,0.2,NORMAL,ERA5_PUBLIC_DATASET
2024-03-28,Punjab (Ludhiana District),Wheat,30.9,75.8,0.0,34.2,19.4,33.5,15,0.0,NORMAL,ERA5_PUBLIC_DATASET
2024-03-29,Punjab (Ludhiana District),Wheat,30.9,75.8,0.0,33.2,17.0,20.2,16,0.0,NORMAL,ERA5_PUBLIC_DATASET
2024-03-30,Punjab (Ludhiana District),Wheat,30.9,75.8,3.7,30.2,18.5,44.3,0,1.9,NORMAL,ERA5_PUBLIC_DATASET
2024-03-31,Punjab (Ludhiana District),Wheat,30.9,75.8,0.0,30.3,17.3,25.6,1,0.0,NORMAL,ERA5_PUBLIC_DATASET
2024-04-01,Punjab (Ludhiana District),Wheat,30.9,75.8,0.0,28.5,15.8,28.1,2,0.0,NORMAL,ERA5_PUBLIC_DATASET
2024-04-02,Punjab (Ludhiana District),Wheat,30.9,75.8,0.0,29.7,13.1,29.9,3,0.0,NORMAL,ERA5_PUBLIC_DATASET
2024-04-03,Punjab (Ludhiana District),Wheat,30.9,75.8,0.0,32.5,15.0,16.9,4,0.0,NORMAL,ERA5_PUBLIC_DATASET
2024-04-04,Punjab (Ludhiana District),Wheat,30.9,75.8,0.0,33.0,17.9,24.8,5,0.0,NORMAL,ERA5_PUBLIC_DATASET
2024-04-05,Punjab (Ludhiana District),Wheat,30.9,75.8,0.0,32.2,16.0,32.4,6,0.0,NORMAL,ERA5_PUBLIC_DATASET
2024-04-06,Punjab (Ludhiana District),Wheat,30.9,75.8,0.0,32.4,14.9,31.7,7,0.0,NORMAL,ERA5_PUBLIC_DATASET
2024-04-07,Punjab (Ludhiana District),Wheat,30.9,75.8,0.0,32.6,14.2,36.7,8,0.0,NORMAL,ERA5_PUBLIC_DATASET
2024-04-08,Punjab (Ludhiana District),Wheat,30.9,75.8,0.0,33.5,15.9,31.7,9,0.0,NORMAL,ERA5_PUBLIC_DATASET
2024-04-09,Punjab (Ludhiana District),Wheat,30.9,75.8,0.0,34.1,15.9,23.4,10,0.0,NORMAL,ERA5_PUBLIC_DATASET
2024-04-10,Punjab (Ludhiana District),Wheat,30.9,75.8,0.0,34.8,16.3,31.3,11,0.0,NORMAL,ERA5_PUBLIC_DATASET
2024-04-11,Punjab (Ludhiana District),Wheat,30.9,75.8,0.0,34.4,18.7,31.7,12,0.0,NORMAL,ERA5_PUBLIC_DATASET
2024-04-12,Punjab (Ludhiana District),Wheat,30.9,75.8,0.0,35.5,16.9,25.6,13,0.0,NORMAL,ERA5_PUBLIC_DATASET
2024-04-13,Punjab (Ludhiana District),Wheat,30.9,75.8,0.7,34.3,20.5,41.0,14,0.3,NORMAL,ERA5_PUBLIC_DATASET
2024-04-14,Punjab (Ludhiana District),Wheat,30.9,75.8,1.2,31.6,20.0,25.9,0,0.6,NORMAL,ERA5_PUBLIC_DATASET
2024-04-15,Punjab (Ludhiana District),Wheat,30.9,75.8,12.5,31.4,19.9,54.7,0,6.2,NORMAL,ERA5_PUBLIC_DATASET
2024-04-16,Punjab (Ludhiana District),Wheat,30.9,75.8,0.2,31.3,18.1,32.0,1,0.1,NORMAL,ERA5_PUBLIC_DATASET
2024-04-17,Punjab (Ludhiana District),Wheat,30.9,75.8,0.0,32.6,16.8,37.1,2,0.0,NORMAL,ERA5_PUBLIC_DATASET
2024-04-18,Punjab (Ludhiana District),Wheat,30.9,75.8,0.0,32.7,18.6,23.8,3,0.0,NORMAL,ERA5_PUBLIC_DATASET
2024-04-19,Punjab (Ludhiana District),Wheat,30.9,75.8,5.4,34.0,21.2,46.4,0,2.7,NORMAL,ERA5_PUBLIC_DATASET
2024-04-20,Punjab (Ludhiana District),Wheat,30.9,75.8,1.6,32.7,19.0,33.8,0,0.8,NORMAL,ERA5_PUBLIC_DATASET
2024-04-21,Punjab (Ludhiana District),Wheat,30.9,75.8,0.0,34.6,19.1,47.2,1,0.0,NORMAL,ERA5_PUBLIC_DATASET
2024-04-22,Punjab (Ludhiana District),Wheat,30.9,75.8,0.0,35.4,18.0,36.0,2,0.0,NORMAL,ERA5_PUBLIC_DATASET
2024-04-23,Punjab (Ludhiana District),Wheat,30.9,75.8,0.0,33.9,20.1,43.2,3,0.0,NORMAL,ERA5_PUBLIC_DATASET
2024-04-24,Punjab (Ludhiana District),Wheat,30.9,75.8,0.1,35.1,19.8,28.4,4,0.1,NORMAL,ERA5_PUBLIC_DATASET
2024-04-25,Punjab (Ludhiana District),Wheat,30.9,75.8,0.0,37.2,18.7,45.7,5,0.0,NORMAL,ERA5_PUBLIC_DATASET
2024-04-26,Punjab (Ludhiana District),Wheat,30.9,75.8,0.0,38.7,21.9,32.4,6,0.0,NORMAL,ERA5_PUBLIC_DATASET
2024-04-27,Punjab (Ludhiana District),Wheat,30.9,75.8,1.6,35.0,22.4,47.5,0,0.8,NORMAL,ERA5_PUBLIC_DATASET
2024-04-28,Punjab (Ludhiana District),Wheat,30.9,75.8,0.0,34.8,20.5,27.0,1,0.0,NORMAL,ERA5_PUBLIC_DATASET
2024-04-29,Punjab (Ludhiana District),Wheat,30.9,75.8,1.2,29.5,21.7,37.1,0,0.6,NORMAL,ERA5_PUBLIC_DATASET
2024-04-30,Punjab (Ludhiana District),Wheat,30.9,75.8,0.0,33.0,16.8,49.0,1,0.0,NORMAL,ERA5_PUBLIC_DATASET
2024-05-01,Punjab (Ludhiana District),Wheat,30.9,75.8,0.0,29.3,14.9,34.6,2,0.0,NORMAL,ERA5_PUBLIC_DATASET
2024-05-02,Punjab (Ludhiana District),Wheat,30.9,75.8,0.0,33.0,16.2,41.8,3,0.0,NORMAL,ERA5_PUBLIC_DATASET
2024-05-03,Punjab (Ludhiana District),Wheat,30.9,75.8,0.0,36.4,17.8,36.7,4,0.0,NORMAL,ERA5_PUBLIC_DATASET
2024-05-04,Punjab (Ludhiana District),Wheat,30.9,75.8,0.0,38.8,22.5,40.7,5,0.0,NORMAL,ERA5_PUBLIC_DATASET
2024-05-05,Punjab (Ludhiana District),Wheat,30.9,75.8,0.0,38.0,22.0,41.0,6,0.0,NORMAL,ERA5_PUBLIC_DATASET
2024-05-06,Punjab (Ludhiana District),Wheat,30.9,75.8,0.0,39.1,22.9,32.0,7,0.0,NORMAL,ERA5_PUBLIC_DATASET
2024-05-07,Punjab (Ludhiana District),Wheat,30.9,75.8,0.0,40.4,23.6,31.0,8,0.0,NORMAL,ERA5_PUBLIC_DATASET
2024-05-08,Punjab (Ludhiana District),Wheat,30.9,75.8,0.0,39.4,23.2,42.1,9,0.0,NORMAL,ERA5_PUBLIC_DATASET
2024-05-09,Punjab (Ludhiana District),Wheat,30.9,75.8,0.0,38.6,26.2,43.9,10,0.0,NORMAL,ERA5_PUBLIC_DATASET
2024-05-10,Punjab (Ludhiana District),Wheat,30.9,75.8,0.4,37.6,25.3,41.8,11,0.2,NORMAL,ERA5_PUBLIC_DATASET
2024-05-11,Punjab (Ludhiana District),Wheat,30.9,75.8,0.8,36.2,22.8,32.8,12,0.4,NORMAL,ERA5_PUBLIC_DATASET
2024-05-12,Punjab (Ludhiana District),Wheat,30.9,75.8,0.5,34.1,23.5,38.5,13,0.2,NORMAL,ERA5_PUBLIC_DATASET
2024-05-13,Punjab (Ludhiana District),Wheat,30.9,75.8,0.0,38.4,22.2,33.5,14,71.2,DROUGHT,ERA5_PUBLIC_DATASET
2024-05-14,Punjab (Ludhiana District),Wheat,30.9,75.8,0.0,38.4,21.7,33.1,15,71.2,DROUGHT,ERA5_PUBLIC_DATASET
2024-05-15,Punjab (Ludhiana District),Wheat,30.9,75.8,0.0,41.0,22.0,33.8,16,79.0,DROUGHT,ERA5_PUBLIC_DATASET
2024-05-16,Punjab (Ludhiana District),Wheat,30.9,75.8,0.0,41.6,22.8,34.2,17,80.8,DROUGHT,ERA5_PUBLIC_DATASET
2024-05-17,Punjab (Ludhiana District),Wheat,30.9,75.8,0.0,42.8,24.5,46.4,18,84.4,DROUGHT,ERA5_PUBLIC_DATASET
2024-05-18,Punjab (Ludhiana District),Wheat,30.9,75.8,0.0,43.1,24.8,44.6,19,85.3,DROUGHT,ERA5_PUBLIC_DATASET
2024-05-19,Punjab (Ludhiana District),Wheat,30.9,75.8,0.0,43.7,25.6,42.8,20,87.1,DROUGHT,ERA5_PUBLIC_DATASET
2024-05-20,Punjab (Ludhiana District),Wheat,30.9,75.8,0.0,42.2,25.6,37.4,21,82.6,DROUGHT,ERA5_PUBLIC_DATASET
2024-05-21,Punjab (Ludhiana District),Wheat,30.9,75.8,0.0,42.3,25.9,33.8,22,82.9,DROUGHT,ERA5_PUBLIC_DATASET
2024-05-22,Punjab (Ludhiana District),Wheat,30.9,75.8,0.0,40.7,26.4,40.7,23,78.1,DROUGHT,ERA5_PUBLIC_DATASET
2024-05-23,Punjab (Ludhiana District),Wheat,30.9,75.8,0.0,40.2,28.6,45.4,24,76.6,DROUGHT,ERA5_PUBLIC_DATASET
2024-05-24,Punjab (Ludhiana District),Wheat,30.9,75.8,0.3,40.6,29.3,41.8,25,77.8,DROUGHT,ERA5_PUBLIC_DATASET
2024-05-25,Punjab (Ludhiana District),Wheat,30.9,75.8,0.0,43.4,26.3,47.2,26,86.2,DROUGHT,ERA5_PUBLIC_DATASET
2024-05-26,Punjab (Ludhiana District),Wheat,30.9,75.8,0.0,44.5,26.0,38.5,27,89.5,DROUGHT,ERA5_PUBLIC_DATASET
2024-05-27,Punjab (Ludhiana District),Wheat,30.9,75.8,0.0,44.5,27.4,35.6,28,89.5,DROUGHT,ERA5_PUBLIC_DATASET
2024-05-28,Punjab (Ludhiana District),Wheat,30.9,75.8,0.0,45.0,25.9,30.6,29,91.0,DROUGHT,ERA5_PUBLIC_DATASET
2024-05-29,Punjab (Ludhiana District),Wheat,30.9,75.8,0.0,45.4,26.0,33.1,30,92.2,DROUGHT,ERA5_PUBLIC_DATASET
2024-05-30,Punjab (Ludhiana District),Wheat,30.9,75.8,0.0,45.5,27.0,35.6,31,92.5,DROUGHT,ERA5_PUBLIC_DATASET
2024-05-31,Punjab (Ludhiana District),Wheat,30.9,75.8,0.0,44.6,26.6,28.8,32,89.8,DROUGHT,ERA5_PUBLIC_DATASET
2024-06-01,Punjab (Ludhiana District),Wheat,30.9,75.8,0.0,44.6,27.7,58.7,33,89.8,DROUGHT,ERA5_PUBLIC_DATASET
2024-06-02,Punjab (Ludhiana District),Wheat,30.9,75.8,0.0,42.9,27.0,34.9,34,84.7,DROUGHT,ERA5_PUBLIC_DATASET
2024-06-03,Punjab (Ludhiana District),Wheat,30.9,75.8,0.0,44.4,27.0,35.3,35,89.2,DROUGHT,ERA5_PUBLIC_DATASET
2024-06-04,Punjab (Ludhiana District),Wheat,30.9,75.8,0.0,42.5,29.3,43.9,36,83.5,DROUGHT,ERA5_PUBLIC_DATASET
2024-06-05,Punjab (Ludhiana District),Wheat,30.9,75.8,2.0,40.4,27.7,58.3,0,1.0,NORMAL,ERA5_PUBLIC_DATASET
2024-06-06,Punjab (Ludhiana District),Wheat,30.9,75.8,1.2,38.7,23.6,47.9,0,0.6,NORMAL,ERA5_PUBLIC_DATASET
2024-06-07,Punjab (Ludhiana District),Wheat,30.9,75.8,0.0,40.6,25.6,52.2,1,0.0,NORMAL,ERA5_PUBLIC_DATASET
2024-06-08,Punjab (Ludhiana District),Wheat,30.9,75.8,0.0,38.5,25.2,35.6,2,0.0,NORMAL,ERA5_PUBLIC_DATASET
2024-06-09,Punjab (Ludhiana District),Wheat,30.9,75.8,0.0,41.1,24.9,40.0,3,0.0,NORMAL,ERA5_PUBLIC_DATASET
2024-06-10,Punjab (Ludhiana District),Wheat,30.9,75.8,0.0,41.7,25.0,29.5,4,0.0,NORMAL,ERA5_PUBLIC_DATASET
2024-06-11,Punjab (Ludhiana District),Wheat,30.9,75.8,0.0,42.3,25.9,29.2,5,0.0,HEATWAVE,ERA5_PUBLIC_DATASET
2024-06-12,Punjab (Ludhiana District),Wheat,30.9,75.8,0.0,44.2,26.8,34.9,6,0.0,HEATWAVE,ERA5_PUBLIC_DATASET
2024-06-13,Punjab (Ludhiana District),Wheat,30.9,75.8,0.0,44.5,28.1,37.4,7,0.0,HEATWAVE,ERA5_PUBLIC_DATASET
2024-06-14,Punjab (Ludhiana District),Wheat,30.9,75.8,0.0,43.4,29.8,52.6,8,0.0,HEATWAVE,ERA5_PUBLIC_DATASET
2024-06-15,Punjab (Ludhiana District),Wheat,30.9,75.8,0.0,43.7,28.0,35.6,9,0.0,HEATWAVE,ERA5_PUBLIC_DATASET
2024-06-16,Punjab (Ludhiana District),Wheat,30.9,75.8,0.0,44.4,30.3,34.9,10,0.0,HEATWAVE,ERA5_PUBLIC_DATASET
2024-06-17,Punjab (Ludhiana District),Wheat,30.9,75.8,0.0,44.7,29.3,33.8,11,0.0,HEATWAVE,ERA5_PUBLIC_DATASET
2024-06-18,Punjab (Ludhiana District),Wheat,30.9,75.8,0.0,44.3,30.5,49.7,12,0.0,HEATWAVE,ERA5_PUBLIC_DATASET
2024-06-19,Punjab (Ludhiana District),Wheat,30.9,75.8,0.0,42.6,30.3,43.6,13,0.0,HEATWAVE,ERA5_PUBLIC_DATASET
2024-06-20,Punjab (Ludhiana District),Wheat,30.9,75.8,0.1,38.1,24.8,40.0,14,70.3,DROUGHT,ERA5_PUBLIC_DATASET
2024-06-21,Punjab (Ludhiana District),Wheat,30.9,75.8,5.3,35.7,26.4,27.0,0,2.6,NORMAL,ERA5_PUBLIC_DATASET
2024-06-22,Punjab (Ludhiana District),Wheat,30.9,75.8,0.0,38.1,26.1,22.3,1,0.0,NORMAL,ERA5_PUBLIC_DATASET
2024-06-23,Punjab (Ludhiana District),Wheat,30.9,75.8,0.0,38.9,27.1,28.8,2,0.0,NORMAL,ERA5_PUBLIC_DATASET
2024-06-24,Punjab (Ludhiana District),Wheat,30.9,75.8,0.4,40.8,29.5,30.2,3,0.2,NORMAL,ERA5_PUBLIC_DATASET
2024-06-25,Punjab (Ludhiana District),Wheat,30.9,75.8,0.0,40.2,29.7,21.2,4,0.0,NORMAL,ERA5_PUBLIC_DATASET
2024-06-26,Punjab (Ludhiana District),Wheat,30.9,75.8,0.2,39.2,31.0,33.8,5,0.1,NORMAL,ERA5_PUBLIC_DATASET
2024-06-27,Punjab (Ludhiana District),Wheat,30.9,75.8,13.1,35.4,26.9,36.0,0,6.5,NORMAL,ERA5_PUBLIC_DATASET
2024-06-28,Punjab (Ludhiana District),Wheat,30.9,75.8,0.0,37.2,28.1,31.0,1,0.0,NORMAL,ERA5_PUBLIC_DATASET
2024-06-29,Punjab (Ludhiana District),Wheat,30.9,75.8,0.5,35.7,28.5,29.2,2,0.2,NORMAL,ERA5_PUBLIC_DATASET
2024-06-30,Punjab (Ludhiana District),Wheat,30.9,75.8,0.7,38.8,28.0,28.1,3,0.3,NORMAL,ERA5_PUBLIC_DATASET
2024-07-01,Punjab (Ludhiana District),Wheat,30.9,75.8,1.6,37.3,26.8,29.9,0,0.8,NORMAL,ERA5_PUBLIC_DATASET
2024-07-02,Punjab (Ludhiana District),Wheat,30.9,75.8,5.3,37.5,26.1,42.5,0,2.6,NORMAL,ERA5_PUBLIC_DATASET
2024-07-03,Punjab (Ludhiana District),Wheat,30.9,75.8,15.2,35.8,25.4,38.5,0,7.6,NORMAL,ERA5_PUBLIC_DATASET
2024-07-04,Punjab (Ludhiana District),Wheat,30.9,75.8,13.7,31.8,25.5,40.7,0,6.8,NORMAL,ERA5_PUBLIC_DATASET
2024-07-05,Punjab (Ludhiana District),Wheat,30.9,75.8,0.4,32.8,26.4,36.0,1,0.2,NORMAL,ERA5_PUBLIC_DATASET
2024-07-06,Punjab (Ludhiana District),Wheat,30.9,75.8,0.3,32.2,25.6,32.8,2,0.1,NORMAL,ERA5_PUBLIC_DATASET
2024-07-07,Punjab (Ludhiana District),Wheat,30.9,75.8,1.5,31.8,25.6,32.4,0,0.8,NORMAL,ERA5_PUBLIC_DATASET
2024-07-08,Punjab (Ludhiana District),Wheat,30.9,75.8,0.4,32.4,25.9,32.0,1,0.2,NORMAL,ERA5_PUBLIC_DATASET
2024-07-09,Punjab (Ludhiana District),Wheat,30.9,75.8,0.0,34.8,25.4,20.2,2,0.0,NORMAL,ERA5_PUBLIC_DATASET
2024-07-10,Punjab (Ludhiana District),Wheat,30.9,75.8,1.8,34.8,26.7,29.2,0,0.9,NORMAL,ERA5_PUBLIC_DATASET
2024-07-11,Punjab (Ludhiana District),Wheat,30.9,75.8,0.1,35.9,27.6,24.1,1,0.1,NORMAL,ERA5_PUBLIC_DATASET
2024-07-12,Punjab (Ludhiana District),Wheat,30.9,75.8,0.0,35.5,26.3,33.5,2,0.0,NORMAL,ERA5_PUBLIC_DATASET
2024-07-13,Punjab (Ludhiana District),Wheat,30.9,75.8,2.7,34.3,24.1,31.7,0,1.4,NORMAL,ERA5_PUBLIC_DATASET
2024-07-14,Punjab (Ludhiana District),Wheat,30.9,75.8,0.0,34.1,25.9,17.6,1,0.0,NORMAL,ERA5_PUBLIC_DATASET
2024-07-15,Punjab (Ludhiana District),Wheat,30.9,75.8,0.0,35.8,27.0,25.2,2,0.0,NORMAL,ERA5_PUBLIC_DATASET
2024-07-16,Punjab (Ludhiana District),Wheat,30.9,75.8,0.3,35.9,28.2,28.4,3,0.1,NORMAL,ERA5_PUBLIC_DATASET
2024-07-17,Punjab (Ludhiana District),Wheat,30.9,75.8,0.5,35.6,28.2,29.9,4,0.2,NORMAL,ERA5_PUBLIC_DATASET
2024-07-18,Punjab (Ludhiana District),Wheat,30.9,75.8,0.3,35.9,27.3,24.1,5,0.1,NORMAL,ERA5_PUBLIC_DATASET
2024-07-19,Punjab (Ludhiana District),Wheat,30.9,75.8,0.3,36.5,27.3,21.6,6,0.1,NORMAL,ERA5_PUBLIC_DATASET
2024-07-20,Punjab (Ludhiana District),Wheat,30.9,75.8,1.0,36.5,27.1,33.8,0,0.5,NORMAL,ERA5_PUBLIC_DATASET
2024-07-21,Punjab (Ludhiana District),Wheat,30.9,75.8,0.3,37.1,28.3,25.6,1,0.1,NORMAL,ERA5_PUBLIC_DATASET
2024-07-22,Punjab (Ludhiana District),Wheat,30.9,75.8,3.9,35.2,27.3,32.0,0,1.9,NORMAL,ERA5_PUBLIC_DATASET
2024-07-23,Punjab (Ludhiana District),Wheat,30.9,75.8,15.4,35.0,25.1,31.3,0,7.7,NORMAL,ERA5_PUBLIC_DATASET
2024-07-24,Punjab (Ludhiana District),Wheat,30.9,75.8,8.6,34.1,26.7,27.7,0,4.3,NORMAL,ERA5_PUBLIC_DATASET
2024-07-25,Punjab (Ludhiana District),Wheat,30.9,75.8,0.9,34.7,27.1,19.4,1,0.5,NORMAL,ERA5_PUBLIC_DATASET
2024-07-26,Punjab (Ludhiana District),Wheat,30.9,75.8,1.7,35.0,26.5,28.8,0,0.8,NORMAL,ERA5_PUBLIC_DATASET
2024-07-27,Punjab (Ludhiana District),Wheat,30.9,75.8,2.7,35.0,27.1,29.5,0,1.4,NORMAL,ERA5_PUBLIC_DATASET
2024-07-28,Punjab (Ludhiana District),Wheat,30.9,75.8,0.1,34.6,28.2,23.0,1,0.1,NORMAL,ERA5_PUBLIC_DATASET
2024-07-29,Punjab (Ludhiana District),Wheat,30.9,75.8,5.9,34.8,28.0,27.4,0,3.0,NORMAL,ERA5_PUBLIC_DATASET
2024-07-30,Punjab (Ludhiana District),Wheat,30.9,75.8,1.5,36.4,27.4,29.2,0,0.8,NORMAL,ERA5_PUBLIC_DATASET
2024-07-31,Punjab (Ludhiana District),Wheat,30.9,75.8,8.2,36.0,27.0,33.8,0,4.1,NORMAL,ERA5_PUBLIC_DATASET
2024-08-01,Punjab (Ludhiana District),Wheat,30.9,75.8,23.8,28.1,25.2,30.6,0,11.9,NORMAL,ERA5_PUBLIC_DATASET
2024-08-02,Punjab (Ludhiana District),Wheat,30.9,75.8,0.9,33.8,25.2,28.8,1,0.5,NORMAL,ERA5_PUBLIC_DATASET
2024-08-03,Punjab (Ludhiana District),Wheat,30.9,75.8,6.0,33.1,27.1,38.2,0,3.0,NORMAL,ERA5_PUBLIC_DATASET
2024-08-04,Punjab (Ludhiana District),Wheat,30.9,75.8,0.5,33.3,27.0,25.9,1,0.2,NORMAL,ERA5_PUBLIC_DATASET
2024-08-05,Punjab (Ludhiana District),Wheat,30.9,75.8,1.4,33.3,27.0,28.8,0,0.7,NORMAL,ERA5_PUBLIC_DATASET
2024-08-06,Punjab (Ludhiana District),Wheat,30.9,75.8,0.1,33.8,27.0,22.0,1,0.1,NORMAL,ERA5_PUBLIC_DATASET
2024-08-07,Punjab (Ludhiana District),Wheat,30.9,75.8,1.8,32.3,25.9,29.9,0,0.9,NORMAL,ERA5_PUBLIC_DATASET
2024-08-08,Punjab (Ludhiana District),Wheat,30.9,75.8,0.6,32.9,25.2,31.3,1,0.3,NORMAL,ERA5_PUBLIC_DATASET
2024-08-09,Punjab (Ludhiana District),Wheat,30.9,75.8,0.0,33.0,26.1,28.4,2,0.0,NORMAL,ERA5_PUBLIC_DATASET
2024-08-10,Punjab (Ludhiana District),Wheat,30.9,75.8,0.4,33.7,26.1,32.4,3,0.2,NORMAL,ERA5_PUBLIC_DATASET
2024-08-11,Punjab (Ludhiana District),Wheat,30.9,75.8,2.5,31.5,25.8,36.0,0,1.2,NORMAL,ERA5_PUBLIC_DATASET
2024-08-12,Punjab (Ludhiana District),Wheat,30.9,75.8,1.3,33.4,25.4,26.3,0,0.7,NORMAL,ERA5_PUBLIC_DATASET
2024-08-13,Punjab (Ludhiana District),Wheat,30.9,75.8,0.6,33.2,25.9,23.8,1,0.3,NORMAL,ERA5_PUBLIC_DATASET
2024-08-14,Punjab (Ludhiana District),Wheat,30.9,75.8,3.4,33.6,26.7,20.9,0,1.7,NORMAL,ERA5_PUBLIC_DATASET
2024-08-15,Punjab (Ludhiana District),Wheat,30.9,75.8,8.8,33.1,26.9,27.0,0,4.4,NORMAL,ERA5_PUBLIC_DATASET
2024-08-16,Punjab (Ludhiana District),Wheat,30.9,75.8,14.7,34.5,26.1,31.3,0,7.3,NORMAL,ERA5_PUBLIC_DATASET
2024-08-17,Punjab (Ludhiana District),Wheat,30.9,75.8,7.0,31.7,25.4,31.0,0,3.5,NORMAL,ERA5_PUBLIC_DATASET
2024-08-18,Punjab (Ludhiana District),Wheat,30.9,75.8,3.3,32.9,25.7,29.9,0,1.6,NORMAL,ERA5_PUBLIC_DATASET
2024-08-19,Punjab (Ludhiana District),Wheat,30.9,75.8,8.9,32.2,25.4,31.7,0,4.5,NORMAL,ERA5_PUBLIC_DATASET
2024-08-20,Punjab (Ludhiana District),Wheat,30.9,75.8,12.8,32.3,24.5,23.0,0,6.4,NORMAL,ERA5_PUBLIC_DATASET
2024-08-21,Punjab (Ludhiana District),Wheat,30.9,75.8,0.8,33.0,25.1,21.2,1,0.4,NORMAL,ERA5_PUBLIC_DATASET
2024-08-22,Punjab (Ludhiana District),Wheat,30.9,75.8,0.7,33.2,25.3,18.7,2,0.3,NORMAL,ERA5_PUBLIC_DATASET
2024-08-23,Punjab (Ludhiana District),Wheat,30.9,75.8,6.9,32.9,24.6,25.6,0,3.5,NORMAL,ERA5_PUBLIC_DATASET
2024-08-24,Punjab (Ludhiana District),Wheat,30.9,75.8,4.8,33.1,24.2,23.0,0,2.4,NORMAL,ERA5_PUBLIC_DATASET
2024-08-25,Punjab (Ludhiana District),Wheat,30.9,75.8,1.5,33.4,25.9,20.9,0,0.8,NORMAL,ERA5_PUBLIC_DATASET
2024-08-26,Punjab (Ludhiana District),Wheat,30.9,75.8,0.8,33.7,26.2,25.9,1,0.4,NORMAL,ERA5_PUBLIC_DATASET
2024-08-27,Punjab (Ludhiana District),Wheat,30.9,75.8,3.3,33.1,25.7,41.8,0,1.6,NORMAL,ERA5_PUBLIC_DATASET
2024-08-28,Punjab (Ludhiana District),Wheat,30.9,75.8,4.2,31.7,25.2,28.1,0,2.1,NORMAL,ERA5_PUBLIC_DATASET
2024-08-29,Punjab (Ludhiana District),Wheat,30.9,75.8,13.7,27.5,24.1,63.0,0,64.5,EXTREME_WIND,ERA5_PUBLIC_DATASET
2024-08-30,Punjab (Ludhiana District),Wheat,30.9,75.8,7.9,32.1,24.0,20.9,0,4.0,NORMAL,ERA5_PUBLIC_DATASET
2024-08-31,Punjab (Ludhiana District),Wheat,30.9,75.8,0.0,33.9,25.2,26.3,1,0.0,NORMAL,ERA5_PUBLIC_DATASET
2024-09-01,Punjab (Ludhiana District),Wheat,30.9,75.8,0.0,34.0,25.4,20.2,2,0.0,NORMAL,ERA5_PUBLIC_DATASET
2024-09-02,Punjab (Ludhiana District),Wheat,30.9,75.8,9.9,31.7,24.8,31.7,0,5.0,NORMAL,ERA5_PUBLIC_DATASET
2024-09-03,Punjab (Ludhiana District),Wheat,30.9,75.8,4.9,33.1,25.4,28.1,0,2.5,NORMAL,ERA5_PUBLIC_DATASET
2024-09-04,Punjab (Ludhiana District),Wheat,30.9,75.8,3.9,31.7,25.0,15.5,0,1.9,NORMAL,ERA5_PUBLIC_DATASET
2024-09-05,Punjab (Ludhiana District),Wheat,30.9,75.8,1.8,31.6,23.8,19.4,0,0.9,NORMAL,ERA5_PUBLIC_DATASET
2024-09-06,Punjab (Ludhiana District),Wheat,30.9,75.8,2.7,32.7,23.5,32.4,0,1.4,NORMAL,ERA5_PUBLIC_DATASET
2024-09-07,Punjab (Ludhiana District),Wheat,30.9,75.8,39.4,30.4,23.7,27.7,0,15.0,NORMAL,ERA5_PUBLIC_DATASET
2024-09-08,Punjab (Ludhiana District),Wheat,30.9,75.8,0.1,32.7,24.4,16.2,1,0.1,NORMAL,ERA5_PUBLIC_DATASET
2024-09-09,Punjab (Ludhiana District),Wheat,30.9,75.8,1.2,33.3,25.4,16.9,0,0.6,NORMAL,ERA5_PUBLIC_DATASET
2024-09-10,Punjab (Ludhiana District),Wheat,30.9,75.8,7.7,31.1,25.9,27.7,0,3.9,NORMAL,ERA5_PUBLIC_DATASET
2024-09-11,Punjab (Ludhiana District),Wheat,30.9,75.8,0.0,33.2,24.9,26.3,1,0.0,NORMAL,ERA5_PUBLIC_DATASET
2024-09-12,Punjab (Ludhiana District),Wheat,30.9,75.8,0.0,34.0,24.2,17.6,2,0.0,NORMAL,ERA5_PUBLIC_DATASET
2024-09-13,Punjab (Ludhiana District),Wheat,30.9,75.8,1.1,31.7,23.5,22.3,0,0.6,NORMAL,ERA5_PUBLIC_DATASET
2024-09-14,Punjab (Ludhiana District),Wheat,30.9,75.8,0.9,32.2,22.9,25.9,1,0.5,NORMAL,ERA5_PUBLIC_DATASET
2024-09-15,Punjab (Ludhiana District),Wheat,30.9,75.8,0.0,33.0,23.3,22.7,2,0.0,NORMAL,ERA5_PUBLIC_DATASET
2024-09-16,Punjab (Ludhiana District),Wheat,30.9,75.8,0.0,34.0,22.7,19.8,3,0.0,NORMAL,ERA5_PUBLIC_DATASET
2024-09-17,Punjab (Ludhiana District),Wheat,30.9,75.8,0.4,34.0,23.4,19.8,4,0.2,NORMAL,ERA5_PUBLIC_DATASET
2024-09-18,Punjab (Ludhiana District),Wheat,30.9,75.8,2.4,32.8,23.1,24.1,0,1.2,NORMAL,ERA5_PUBLIC_DATASET
2024-09-19,Punjab (Ludhiana District),Wheat,30.9,75.8,4.7,28.9,23.7,21.6,0,2.4,NORMAL,ERA5_PUBLIC_DATASET
2024-09-20,Punjab (Ludhiana District),Wheat,30.9,75.8,0.0,33.5,21.9,20.2,1,0.0,NORMAL,ERA5_PUBLIC_DATASET
2024-09-21,Punjab (Ludhiana District),Wheat,30.9,75.8,0.0,34.8,23.7,14.8,2,0.0,NORMAL,ERA5_PUBLIC_DATASET
2024-09-22,Punjab (Ludhiana District),Wheat,30.9,75.8,0.0,35.6,25.9,20.5,3,0.0,NORMAL,ERA5_PUBLIC_DATASET
2024-09-23,Punjab (Ludhiana District),Wheat,30.9,75.8,0.0,36.7,26.0,21.6,4,0.0,NORMAL,ERA5_PUBLIC_DATASET
2024-09-24,Punjab (Ludhiana District),Wheat,30.9,75.8,0.0,36.6,26.0,16.2,5,0.0,NORMAL,ERA5_PUBLIC_DATASET
2024-09-25,Punjab (Ludhiana District),Wheat,30.9,75.8,0.4,35.3,26.7,27.4,6,0.2,NORMAL,ERA5_PUBLIC_DATASET
2024-09-26,Punjab (Ludhiana District),Wheat,30.9,75.8,6.5,30.9,24.6,30.6,0,3.2,NORMAL,ERA5_PUBLIC_DATASET
2024-09-27,Punjab (Ludhiana District),Wheat,30.9,75.8,1.7,33.1,22.6,38.5,0,0.8,NORMAL,ERA5_PUBLIC_DATASET
2024-09-28,Punjab (Ludhiana District),Wheat,30.9,75.8,0.0,33.0,24.0,18.7,1,0.0,NORMAL,ERA5_PUBLIC_DATASET
2024-09-29,Punjab (Ludhiana District),Wheat,30.9,75.8,0.0,33.4,23.4,19.1,2,0.0,NORMAL,ERA5_PUBLIC_DATASET
2024-09-30,Punjab (Ludhiana District),Wheat,30.9,75.8,0.0,34.2,22.3,30.6,3,0.0,NORMAL,ERA5_PUBLIC_DATASET
2024-10-01,Punjab (Ludhiana District),Wheat,30.9,75.8,0.0,34.8,23.1,25.6,4,0.0,NORMAL,ERA5_PUBLIC_DATASET
2024-10-02,Punjab (Ludhiana District),Wheat,30.9,75.8,0.0,36.0,22.8,21.2,5,0.0,NORMAL,ERA5_PUBLIC_DATASET
2024-10-03,Punjab (Ludhiana District),Wheat,30.9,75.8,0.0,36.3,22.3,18.7,6,0.0,NORMAL,ERA5_PUBLIC_DATASET
2024-10-04,Punjab (Ludhiana District),Wheat,30.9,75.8,0.0,36.2,22.8,14.0,7,0.0,NORMAL,ERA5_PUBLIC_DATASET
2024-10-05,Punjab (Ludhiana District),Wheat,30.9,75.8,1.3,35.3,22.9,32.8,0,0.7,NORMAL,ERA5_PUBLIC_DATASET
2024-10-06,Punjab (Ludhiana District),Wheat,30.9,75.8,0.7,33.6,22.8,43.9,1,0.3,NORMAL,ERA5_PUBLIC_DATASET
2024-10-07,Punjab (Ludhiana District),Wheat,30.9,75.8,0.0,33.9,20.9,19.8,2,0.0,NORMAL,ERA5_PUBLIC_DATASET
2024-10-08,Punjab (Ludhiana District),Wheat,30.9,75.8,0.0,33.7,22.3,55.4,3,0.0,NORMAL,ERA5_PUBLIC_DATASET
2024-10-09,Punjab (Ludhiana District),Wheat,30.9,75.8,0.0,34.0,20.6,28.1,4,0.0,NORMAL,ERA5_PUBLIC_DATASET
2024-10-10,Punjab (Ludhiana District),Wheat,30.9,75.8,0.0,33.9,20.0,32.0,5,0.0,NORMAL,ERA5_PUBLIC_DATASET
2024-10-11,Punjab (Ludhiana District),Wheat,30.9,75.8,0.0,33.3,18.9,27.7,6,0.0,NORMAL,ERA5_PUBLIC_DATASET
2024-10-12,Punjab (Ludhiana District),Wheat,30.9,75.8,0.0,33.3,19.2,23.0,7,0.0,NORMAL,ERA5_PUBLIC_DATASET
2024-10-13,Punjab (Ludhiana District),Wheat,30.9,75.8,0.0,33.1,19.9,20.2,8,0.0,NORMAL,ERA5_PUBLIC_DATASET
2024-10-14,Punjab (Ludhiana District),Wheat,30.9,75.8,0.0,32.6,19.5,21.6,9,0.0,NORMAL,ERA5_PUBLIC_DATASET
2024-10-15,Punjab (Ludhiana District),Wheat,30.9,75.8,0.0,33.1,20.4,25.9,10,0.0,NORMAL,ERA5_PUBLIC_DATASET
2024-10-16,Punjab (Ludhiana District),Wheat,30.9,75.8,0.0,33.6,20.3,16.6,11,0.0,NORMAL,ERA5_PUBLIC_DATASET
2024-10-17,Punjab (Ludhiana District),Wheat,30.9,75.8,0.0,33.8,18.7,18.4,12,0.0,NORMAL,ERA5_PUBLIC_DATASET
2024-10-18,Punjab (Ludhiana District),Wheat,30.9,75.8,0.0,33.6,18.1,16.2,13,0.0,NORMAL,ERA5_PUBLIC_DATASET
2024-10-19,Punjab (Ludhiana District),Wheat,30.9,75.8,0.0,33.2,20.0,21.6,14,0.0,NORMAL,ERA5_PUBLIC_DATASET
2024-10-20,Punjab (Ludhiana District),Wheat,30.9,75.8,0.0,32.7,19.1,17.3,15,0.0,NORMAL,ERA5_PUBLIC_DATASET
2024-10-21,Punjab (Ludhiana District),Wheat,30.9,75.8,0.0,31.9,19.1,18.4,16,0.0,NORMAL,ERA5_PUBLIC_DATASET
2024-10-22,Punjab (Ludhiana District),Wheat,30.9,75.8,0.0,31.8,19.5,18.7,17,0.0,NORMAL,ERA5_PUBLIC_DATASET
2024-10-23,Punjab (Ludhiana District),Wheat,30.9,75.8,0.0,32.4,19.5,25.2,18,0.0,NORMAL,ERA5_PUBLIC_DATASET
2024-10-24,Punjab (Ludhiana District),Wheat,30.9,75.8,0.0,32.8,18.9,31.3,19,0.0,NORMAL,ERA5_PUBLIC_DATASET
2024-10-25,Punjab (Ludhiana District),Wheat,30.9,75.8,0.0,31.9,18.6,28.1,20,0.0,NORMAL,ERA5_PUBLIC_DATASET
2024-10-26,Punjab (Ludhiana District),Wheat,30.9,75.8,0.0,32.7,17.9,20.9,21,0.0,NORMAL,ERA5_PUBLIC_DATASET
2024-10-27,Punjab (Ludhiana District),Wheat,30.9,75.8,0.0,32.3,18.4,26.6,22,0.0,NORMAL,ERA5_PUBLIC_DATASET
2024-10-28,Punjab (Ludhiana District),Wheat,30.9,75.8,0.0,32.1,19.3,22.0,23,0.0,NORMAL,ERA5_PUBLIC_DATASET
2024-10-29,Punjab (Ludhiana District),Wheat,30.9,75.8,0.0,32.9,19.7,22.0,24,0.0,NORMAL,ERA5_PUBLIC_DATASET
2024-10-30,Punjab (Ludhiana District),Wheat,30.9,75.8,0.0,33.0,18.9,20.5,25,0.0,NORMAL,ERA5_PUBLIC_DATASET
2024-10-31,Punjab (Ludhiana District),Wheat,30.9,75.8,0.0,31.8,18.6,29.9,26,0.0,NORMAL,ERA5_PUBLIC_DATASET
2023-01-01,Rajasthan (Jaipur District),Corn / Coarse Grains,26.9,75.8,0.0,19.7,7.2,16.6,1,0.0,NORMAL,ERA5_PUBLIC_DATASET
2023-01-02,Rajasthan (Jaipur District),Corn / Coarse Grains,26.9,75.8,0.0,19.1,7.2,20.9,2,0.0,NORMAL,ERA5_PUBLIC_DATASET
2023-01-03,Rajasthan (Jaipur District),Corn / Coarse Grains,26.9,75.8,0.0,19.3,6.9,19.4,3,0.0,NORMAL,ERA5_PUBLIC_DATASET
2023-01-04,Rajasthan (Jaipur District),Corn / Coarse Grains,26.9,75.8,0.0,18.4,5.2,25.9,4,0.0,NORMAL,ERA5_PUBLIC_DATASET
2023-01-05,Rajasthan (Jaipur District),Corn / Coarse Grains,26.9,75.8,0.0,18.5,3.2,16.6,5,0.0,NORMAL,ERA5_PUBLIC_DATASET
2023-01-06,Rajasthan (Jaipur District),Corn / Coarse Grains,26.9,75.8,0.0,18.2,3.6,18.4,6,0.0,NORMAL,ERA5_PUBLIC_DATASET
2023-01-07,Rajasthan (Jaipur District),Corn / Coarse Grains,26.9,75.8,0.0,20.0,4.5,16.2,7,0.0,NORMAL,ERA5_PUBLIC_DATASET
2023-01-08,Rajasthan (Jaipur District),Corn / Coarse Grains,26.9,75.8,0.0,23.0,6.6,21.6,8,0.0,NORMAL,ERA5_PUBLIC_DATASET
2023-01-09,Rajasthan (Jaipur District),Corn / Coarse Grains,26.9,75.8,0.0,23.5,8.7,20.5,9,0.0,NORMAL,ERA5_PUBLIC_DATASET
2023-01-10,Rajasthan (Jaipur District),Corn / Coarse Grains,26.9,75.8,0.0,23.8,8.9,20.2,10,0.0,NORMAL,ERA5_PUBLIC_DATASET
2023-01-11,Rajasthan (Jaipur District),Corn / Coarse Grains,26.9,75.8,0.0,23.1,9.0,30.2,11,0.0,NORMAL,ERA5_PUBLIC_DATASET
2023-01-12,Rajasthan (Jaipur District),Corn / Coarse Grains,26.9,75.8,0.0,23.5,12.7,23.4,12,0.0,NORMAL,ERA5_PUBLIC_DATASET
2023-01-13,Rajasthan (Jaipur District),Corn / Coarse Grains,26.9,75.8,0.0,23.5,12.2,34.2,13,0.0,NORMAL,ERA5_PUBLIC_DATASET
2023-01-14,Rajasthan (Jaipur District),Corn / Coarse Grains,26.9,75.8,0.0,18.2,8.1,26.3,14,0.0,NORMAL,ERA5_PUBLIC_DATASET
2023-01-15,Rajasthan (Jaipur District),Corn / Coarse Grains,26.9,75.8,0.0,16.9,3.9,20.5,15,0.0,NORMAL,ERA5_PUBLIC_DATASET
2023-01-16,Rajasthan (Jaipur District),Corn / Coarse Grains,26.9,75.8,0.0,17.9,3.5,16.6,16,0.0,NORMAL,ERA5_PUBLIC_DATASET
2023-01-17,Rajasthan (Jaipur District),Corn / Coarse Grains,26.9,75.8,0.0,18.2,3.6,14.4,17,0.0,NORMAL,ERA5_PUBLIC_DATASET
2023-01-18,Rajasthan (Jaipur District),Corn / Coarse Grains,26.9,75.8,0.0,18.6,4.6,20.9,18,0.0,NORMAL,ERA5_PUBLIC_DATASET
2023-01-19,Rajasthan (Jaipur District),Corn / Coarse Grains,26.9,75.8,0.0,19.9,6.5,24.5,19,0.0,NORMAL,ERA5_PUBLIC_DATASET
2023-01-20,Rajasthan (Jaipur District),Corn / Coarse Grains,26.9,75.8,0.0,20.2,8.6,33.1,20,0.0,NORMAL,ERA5_PUBLIC_DATASET
2023-01-21,Rajasthan (Jaipur District),Corn / Coarse Grains,26.9,75.8,0.0,21.4,8.6,24.5,21,0.0,NORMAL,ERA5_PUBLIC_DATASET
2023-01-22,Rajasthan (Jaipur District),Corn / Coarse Grains,26.9,75.8,0.7,20.6,10.9,31.7,22,0.3,NORMAL,ERA5_PUBLIC_DATASET
2023-01-23,Rajasthan (Jaipur District),Corn / Coarse Grains,26.9,75.8,0.2,21.8,10.2,30.6,23,0.1,NORMAL,ERA5_PUBLIC_DATASET
2023-01-24,Rajasthan (Jaipur District),Corn / Coarse Grains,26.9,75.8,0.5,21.8,11.7,31.0,24,0.2,NORMAL,ERA5_PUBLIC_DATASET
2023-01-25,Rajasthan (Jaipur District),Corn / Coarse Grains,26.9,75.8,0.0,21.3,11.2,28.4,25,0.0,NORMAL,ERA5_PUBLIC_DATASET
2023-01-26,Rajasthan (Jaipur District),Corn / Coarse Grains,26.9,75.8,0.0,20.4,9.8,29.5,26,0.0,NORMAL,ERA5_PUBLIC_DATASET
2023-01-27,Rajasthan (Jaipur District),Corn / Coarse Grains,26.9,75.8,0.0,20.9,6.3,27.4,27,0.0,NORMAL,ERA5_PUBLIC_DATASET
2023-01-28,Rajasthan (Jaipur District),Corn / Coarse Grains,26.9,75.8,0.0,22.0,6.3,18.7,28,0.0,NORMAL,ERA5_PUBLIC_DATASET
2023-01-29,Rajasthan (Jaipur District),Corn / Coarse Grains,26.9,75.8,7.1,19.2,12.3,36.4,0,3.5,NORMAL,ERA5_PUBLIC_DATASET
2023-01-30,Rajasthan (Jaipur District),Corn / Coarse Grains,26.9,75.8,7.3,19.6,11.5,28.8,0,3.6,NORMAL,ERA5_PUBLIC_DATASET
2023-01-31,Rajasthan (Jaipur District),Corn / Coarse Grains,26.9,75.8,0.0,20.9,10.2,27.0,1,0.0,NORMAL,ERA5_PUBLIC_DATASET
2023-02-01,Rajasthan (Jaipur District),Corn / Coarse Grains,26.9,75.8,0.0,21.8,8.1,26.6,2,0.0,NORMAL,ERA5_PUBLIC_DATASET
2023-02-02,Rajasthan (Jaipur District),Corn / Coarse Grains,26.9,75.8,0.0,23.4,8.4,19.8,3,0.0,NORMAL,ERA5_PUBLIC_DATASET
2023-02-03,Rajasthan (Jaipur District),Corn / Coarse Grains,26.9,75.8,0.0,24.3,8.7,14.0,4,0.0,NORMAL,ERA5_PUBLIC_DATASET
2023-02-04,Rajasthan (Jaipur District),Corn / Coarse Grains,26.9,75.8,0.0,24.9,10.3,24.5,5,0.0,NORMAL,ERA5_PUBLIC_DATASET
2023-02-05,Rajasthan (Jaipur District),Corn / Coarse Grains,26.9,75.8,0.0,25.7,11.5,21.6,6,0.0,NORMAL,ERA5_PUBLIC_DATASET
2023-02-06,Rajasthan (Jaipur District),Corn / Coarse Grains,26.9,75.8,0.0,26.4,12.0,28.1,7,0.0,NORMAL,ERA5_PUBLIC_DATASET
2023-02-07,Rajasthan (Jaipur District),Corn / Coarse Grains,26.9,75.8,0.0,25.4,12.7,31.7,8,0.0,NORMAL,ERA5_PUBLIC_DATASET
2023-02-08,Rajasthan (Jaipur District),Corn / Coarse Grains,26.9,75.8,0.0,25.4,11.0,25.2,9,0.0,NORMAL,ERA5_PUBLIC_DATASET
2023-02-09,Rajasthan (Jaipur District),Corn / Coarse Grains,26.9,75.8,0.0,26.3,10.7,33.8,10,0.0,NORMAL,ERA5_PUBLIC_DATASET
2023-02-10,Rajasthan (Jaipur District),Corn / Coarse Grains,26.9,75.8,0.0,28.4,14.0,38.2,11,0.0,NORMAL,ERA5_PUBLIC_DATASET
2023-02-11,Rajasthan (Jaipur District),Corn / Coarse Grains,26.9,75.8,0.0,27.7,16.0,29.2,12,0.0,NORMAL,ERA5_PUBLIC_DATASET
2023-02-12,Rajasthan (Jaipur District),Corn / Coarse Grains,26.9,75.8,0.0,24.9,11.6,42.8,13,0.0,NORMAL,ERA5_PUBLIC_DATASET
2023-02-13,Rajasthan (Jaipur District),Corn / Coarse Grains,26.9,75.8,0.0,24.3,9.8,34.2,14,0.0,NORMAL,ERA5_PUBLIC_DATASET
2023-02-14,Rajasthan (Jaipur District),Corn / Coarse Grains,26.9,75.8,0.0,27.1,11.8,26.6,15,0.0,NORMAL,ERA5_PUBLIC_DATASET
2023-02-15,Rajasthan (Jaipur District),Corn / Coarse Grains,26.9,75.8,0.0,29.9,14.8,33.1,16,0.0,NORMAL,ERA5_PUBLIC_DATASET
2023-02-16,Rajasthan (Jaipur District),Corn / Coarse Grains,26.9,75.8,0.0,30.7,13.5,18.4,17,0.0,NORMAL,ERA5_PUBLIC_DATASET
2023-02-17,Rajasthan (Jaipur District),Corn / Coarse Grains,26.9,75.8,0.0,29.9,14.4,16.9,18,0.0,NORMAL,ERA5_PUBLIC_DATASET
2023-02-18,Rajasthan (Jaipur District),Corn / Coarse Grains,26.9,75.8,0.0,30.1,14.4,18.4,19,0.0,NORMAL,ERA5_PUBLIC_DATASET
2023-02-19,Rajasthan (Jaipur District),Corn / Coarse Grains,26.9,75.8,0.0,29.7,14.1,24.1,20,0.0,NORMAL,ERA5_PUBLIC_DATASET
2023-02-20,Rajasthan (Jaipur District),Corn / Coarse Grains,26.9,75.8,0.0,31.7,16.6,29.2,21,0.0,NORMAL,ERA5_PUBLIC_DATASET
2023-02-21,Rajasthan (Jaipur District),Corn / Coarse Grains,26.9,75.8,0.0,31.4,18.5,31.0,22,0.0,NORMAL,ERA5_PUBLIC_DATASET
2023-02-22,Rajasthan (Jaipur District),Corn / Coarse Grains,26.9,75.8,0.0,30.2,16.7,23.4,23,0.0,NORMAL,ERA5_PUBLIC_DATASET
2023-02-23,Rajasthan (Jaipur District),Corn / Coarse Grains,26.9,75.8,0.0,29.7,16.1,22.7,24,0.0,NORMAL,ERA5_PUBLIC_DATASET
2023-02-24,Rajasthan (Jaipur District),Corn / Coarse Grains,26.9,75.8,0.0,28.6,16.6,20.9,25,0.0,NORMAL,ERA5_PUBLIC_DATASET
2023-02-25,Rajasthan (Jaipur District),Corn / Coarse Grains,26.9,75.8,0.0,29.8,15.7,21.2,26,0.0,NORMAL,ERA5_PUBLIC_DATASET
2023-02-26,Rajasthan (Jaipur District),Corn / Coarse Grains,26.9,75.8,0.0,29.8,15.0,22.0,27,0.0,NORMAL,ERA5_PUBLIC_DATASET
2023-02-27,Rajasthan (Jaipur District),Corn / Coarse Grains,26.9,75.8,0.0,30.3,16.9,23.8,28,0.0,NORMAL,ERA5_PUBLIC_DATASET
2023-02-28,Rajasthan (Jaipur District),Corn / Coarse Grains,26.9,75.8,0.0,30.0,17.2,29.5,29,0.0,NORMAL,ERA5_PUBLIC_DATASET
2023-03-01,Rajasthan (Jaipur District),Corn / Coarse Grains,26.9,75.8,0.1,29.0,16.9,36.4,30,0.1,NORMAL,ERA5_PUBLIC_DATASET
2023-03-02,Rajasthan (Jaipur District),Corn / Coarse Grains,26.9,75.8,0.0,31.0,16.8,26.3,31,0.0,NORMAL,ERA5_PUBLIC_DATASET
2023-03-03,Rajasthan (Jaipur District),Corn / Coarse Grains,26.9,75.8,0.0,31.4,17.1,24.1,32,0.0,NORMAL,ERA5_PUBLIC_DATASET
2023-03-04,Rajasthan (Jaipur District),Corn / Coarse Grains,26.9,75.8,0.0,31.1,19.1,25.9,33,0.0,NORMAL,ERA5_PUBLIC_DATASET
2023-03-05,Rajasthan (Jaipur District),Corn / Coarse Grains,26.9,75.8,0.0,30.6,16.7,27.0,34,0.0,NORMAL,ERA5_PUBLIC_DATASET
2023-03-06,Rajasthan (Jaipur District),Corn / Coarse Grains,26.9,75.8,0.0,30.3,16.4,28.8,35,0.0,NORMAL,ERA5_PUBLIC_DATASET
2023-03-07,Rajasthan (Jaipur District),Corn / Coarse Grains,26.9,75.8,0.0,29.8,16.0,31.3,36,0.0,NORMAL,ERA5_PUBLIC_DATASET
2023-03-08,Rajasthan (Jaipur District),Corn / Coarse Grains,26.9,75.8,2.9,25.2,16.7,27.0,0,1.4,NORMAL,ERA5_PUBLIC_DATASET
2023-03-09,Rajasthan (Jaipur District),Corn / Coarse Grains,26.9,75.8,0.2,28.6,15.6,34.9,1,0.1,NORMAL,ERA5_PUBLIC_DATASET
2023-03-10,Rajasthan (Jaipur District),Corn / Coarse Grains,26.9,75.8,0.0,29.9,15.8,22.7,2,0.0,NORMAL,ERA5_PUBLIC_DATASET
2023-03-11,Rajasthan (Jaipur District),Corn / Coarse Grains,26.9,75.8,0.0,30.0,16.1,22.0,3,0.0,NORMAL,ERA5_PUBLIC_DATASET
2023-03-12,Rajasthan (Jaipur District),Corn / Coarse Grains,26.9,75.8,0.0,31.5,17.9,23.0,4,0.0,NORMAL,ERA5_PUBLIC_DATASET
2023-03-13,Rajasthan (Jaipur District),Corn / Coarse Grains,26.9,75.8,0.0,32.4,19.6,21.6,5,0.0,NORMAL,ERA5_PUBLIC_DATASET
2023-03-14,Rajasthan (Jaipur District),Corn / Coarse Grains,26.9,75.8,0.0,32.9,17.5,32.0,6,0.0,NORMAL,ERA5_PUBLIC_DATASET
2023-03-15,Rajasthan (Jaipur District),Corn / Coarse Grains,26.9,75.8,0.0,31.9,18.2,32.4,7,0.0,NORMAL,ERA5_PUBLIC_DATASET
2023-03-16,Rajasthan (Jaipur District),Corn / Coarse Grains,26.9,75.8,0.8,30.0,20.7,43.2,8,0.4,NORMAL,ERA5_PUBLIC_DATASET
2023-03-17,Rajasthan (Jaipur District),Corn / Coarse Grains,26.9,75.8,2.3,30.5,18.4,50.8,0,1.1,NORMAL,ERA5_PUBLIC_DATASET
2023-03-18,Rajasthan (Jaipur District),Corn / Coarse Grains,26.9,75.8,1.3,27.7,16.1,37.4,0,0.7,NORMAL,ERA5_PUBLIC_DATASET
2023-03-19,Rajasthan (Jaipur District),Corn / Coarse Grains,26.9,75.8,12.0,27.8,16.7,40.0,0,6.0,NORMAL,ERA5_PUBLIC_DATASET
2023-03-20,Rajasthan (Jaipur District),Corn / Coarse Grains,26.9,75.8,9.0,25.0,15.7,37.8,0,4.5,NORMAL,ERA5_PUBLIC_DATASET
2023-03-21,Rajasthan (Jaipur District),Corn / Coarse Grains,26.9,75.8,0.0,28.3,13.9,28.4,1,0.0,NORMAL,ERA5_PUBLIC_DATASET
2023-03-22,Rajasthan (Jaipur District),Corn / Coarse Grains,26.9,75.8,0.3,28.1,15.2,28.1,2,0.1,NORMAL,ERA5_PUBLIC_DATASET
2023-03-23,Rajasthan (Jaipur District),Corn / Coarse Grains,26.9,75.8,0.0,29.3,16.5,22.7,3,0.0,NORMAL,ERA5_PUBLIC_DATASET
2023-03-24,Rajasthan (Jaipur District),Corn / Coarse Grains,26.9,75.8,0.3,29.5,17.9,32.4,4,0.1,NORMAL,ERA5_PUBLIC_DATASET
2023-03-25,Rajasthan (Jaipur District),Corn / Coarse Grains,26.9,75.8,0.0,29.8,16.5,25.6,5,0.0,NORMAL,ERA5_PUBLIC_DATASET
2023-03-26,Rajasthan (Jaipur District),Corn / Coarse Grains,26.9,75.8,0.0,28.8,17.8,28.4,6,0.0,NORMAL,ERA5_PUBLIC_DATASET
2023-03-27,Rajasthan (Jaipur District),Corn / Coarse Grains,26.9,75.8,0.0,30.2,17.8,36.7,7,0.0,NORMAL,ERA5_PUBLIC_DATASET
2023-03-28,Rajasthan (Jaipur District),Corn / Coarse Grains,26.9,75.8,0.0,31.7,16.3,31.7,8,0.0,NORMAL,ERA5_PUBLIC_DATASET
2023-03-29,Rajasthan (Jaipur District),Corn / Coarse Grains,26.9,75.8,0.0,32.0,18.2,31.7,9,0.0,NORMAL,ERA5_PUBLIC_DATASET
2023-03-30,Rajasthan (Jaipur District),Corn / Coarse Grains,26.9,75.8,9.2,31.4,18.5,45.0,0,4.6,NORMAL,ERA5_PUBLIC_DATASET
2023-03-31,Rajasthan (Jaipur District),Corn / Coarse Grains,26.9,75.8,5.3,26.9,16.2,45.7,0,2.6,NORMAL,ERA5_PUBLIC_DATASET
2023-04-01,Rajasthan (Jaipur District),Corn / Coarse Grains,26.9,75.8,0.1,28.1,15.2,30.6,1,0.1,NORMAL,ERA5_PUBLIC_DATASET
2023-04-02,Rajasthan (Jaipur District),Corn / Coarse Grains,26.9,75.8,0.5,30.4,16.5,40.0,2,0.2,NORMAL,ERA5_PUBLIC_DATASET
2023-04-03,Rajasthan (Jaipur District),Corn / Coarse Grains,26.9,75.8,0.0,32.5,17.7,45.7,3,0.0,NORMAL,ERA5_PUBLIC_DATASET
2023-04-04,Rajasthan (Jaipur District),Corn / Coarse Grains,26.9,75.8,0.0,31.2,18.6,27.7,4,0.0,NORMAL,ERA5_PUBLIC_DATASET
2023-04-05,Rajasthan (Jaipur District),Corn / Coarse Grains,26.9,75.8,0.0,32.5,19.4,20.9,5,0.0,NORMAL,ERA5_PUBLIC_DATASET
2023-04-06,Rajasthan (Jaipur District),Corn / Coarse Grains,26.9,75.8,0.0,31.2,19.5,33.5,6,0.0,NORMAL,ERA5_PUBLIC_DATASET
2023-04-07,Rajasthan (Jaipur District),Corn / Coarse Grains,26.9,75.8,0.0,33.8,20.5,31.0,7,0.0,NORMAL,ERA5_PUBLIC_DATASET
2023-04-08,Rajasthan (Jaipur District),Corn / Coarse Grains,26.9,75.8,0.0,33.5,19.3,24.8,8,0.0,NORMAL,ERA5_PUBLIC_DATASET
2023-04-09,Rajasthan (Jaipur District),Corn / Coarse Grains,26.9,75.8,0.0,34.8,19.8,31.3,9,0.0,NORMAL,ERA5_PUBLIC_DATASET
2023-04-10,Rajasthan (Jaipur District),Corn / Coarse Grains,26.9,75.8,0.0,35.5,19.6,36.0,10,0.0,NORMAL,ERA5_PUBLIC_DATASET
2023-04-11,Rajasthan (Jaipur District),Corn / Coarse Grains,26.9,75.8,0.0,37.0,21.1,29.9,11,0.0,NORMAL,ERA5_PUBLIC_DATASET
2023-04-12,Rajasthan (Jaipur District),Corn / Coarse Grains,26.9,75.8,0.0,36.1,22.5,33.8,12,0.0,NORMAL,ERA5_PUBLIC_DATASET
2023-04-13,Rajasthan (Jaipur District),Corn / Coarse Grains,26.9,75.8,0.0,36.9,22.6,25.9,13,0.0,NORMAL,ERA5_PUBLIC_DATASET
2023-04-14,Rajasthan (Jaipur District),Corn / Coarse Grains,26.9,75.8,0.0,37.9,24.1,33.5,14,0.0,NORMAL,ERA5_PUBLIC_DATASET
2023-04-15,Rajasthan (Jaipur District),Corn / Coarse Grains,26.9,75.8,0.0,38.8,24.1,30.2,15,72.4,DROUGHT,ERA5_PUBLIC_DATASET
2023-04-16,Rajasthan (Jaipur District),Corn / Coarse Grains,26.9,75.8,0.0,37.5,24.0,31.7,16,0.0,NORMAL,ERA5_PUBLIC_DATASET
2023-04-17,Rajasthan (Jaipur District),Corn / Coarse Grains,26.9,75.8,0.0,38.1,23.7,34.6,17,70.3,DROUGHT,ERA5_PUBLIC_DATASET
2023-04-18,Rajasthan (Jaipur District),Corn / Coarse Grains,26.9,75.8,0.0,39.3,25.6,37.4,18,73.9,DROUGHT,ERA5_PUBLIC_DATASET
2023-04-19,Rajasthan (Jaipur District),Corn / Coarse Grains,26.9,75.8,0.0,37.3,26.0,42.5,19,0.0,NORMAL,ERA5_PUBLIC_DATASET
2023-04-20,Rajasthan (Jaipur District),Corn / Coarse Grains,26.9,75.8,0.0,35.5,25.3,45.7,20,0.0,NORMAL,ERA5_PUBLIC_DATASET
2023-04-21,Rajasthan (Jaipur District),Corn / Coarse Grains,26.9,75.8,0.0,35.6,22.6,42.5,21,0.0,NORMAL,ERA5_PUBLIC_DATASET
2023-04-22,Rajasthan (Jaipur District),Corn / Coarse Grains,26.9,75.8,0.0,36.2,22.0,30.6,22,0.0,NORMAL,ERA5_PUBLIC_DATASET
2023-04-23,Rajasthan (Jaipur District),Corn / Coarse Grains,26.9,75.8,0.0,33.1,21.9,51.1,23,0.0,NORMAL,ERA5_PUBLIC_DATASET
2023-04-24,Rajasthan (Jaipur District),Corn / Coarse Grains,26.9,75.8,0.0,32.2,18.7,25.6,24,0.0,NORMAL,ERA5_PUBLIC_DATASET
2023-04-25,Rajasthan (Jaipur District),Corn / Coarse Grains,26.9,75.8,0.0,33.8,20.0,30.6,25,0.0,NORMAL,ERA5_PUBLIC_DATASET
2023-04-26,Rajasthan (Jaipur District),Corn / Coarse Grains,26.9,75.8,0.0,35.0,21.4,31.3,26,0.0,NORMAL,ERA5_PUBLIC_DATASET
2023-04-27,Rajasthan (Jaipur District),Corn / Coarse Grains,26.9,75.8,0.0,35.4,22.1,44.3,27,0.0,NORMAL,ERA5_PUBLIC_DATASET
2023-04-28,Rajasthan (Jaipur District),Corn / Coarse Grains,26.9,75.8,0.9,33.3,22.5,43.2,28,0.5,NORMAL,ERA5_PUBLIC_DATASET
2023-04-29,Rajasthan (Jaipur District),Corn / Coarse Grains,26.9,75.8,0.5,30.1,21.7,34.2,29,0.2,NORMAL,ERA5_PUBLIC_DATASET
2023-04-30,Rajasthan (Jaipur District),Corn / Coarse Grains,26.9,75.8,1.8,29.9,19.1,40.7,0,0.9,NORMAL,ERA5_PUBLIC_DATASET
2023-05-01,Rajasthan (Jaipur District),Corn / Coarse Grains,26.9,75.8,13.8,28.5,18.2,32.8,0,6.9,NORMAL,ERA5_PUBLIC_DATASET
2023-05-02,Rajasthan (Jaipur District),Corn / Coarse Grains,26.9,75.8,0.0,31.4,17.9,26.6,1,0.0,NORMAL,ERA5_PUBLIC_DATASET
2023-05-03,Rajasthan (Jaipur District),Corn / Coarse Grains,26.9,75.8,2.2,31.7,19.4,60.5,0,60.8,EXTREME_WIND,ERA5_PUBLIC_DATASET
2023-05-04,Rajasthan (Jaipur District),Corn / Coarse Grains,26.9,75.8,0.0,32.3,19.0,22.0,1,0.0,NORMAL,ERA5_PUBLIC_DATASET
2023-05-05,Rajasthan (Jaipur District),Corn / Coarse Grains,26.9,75.8,0.5,35.1,19.8,26.6,2,0.2,NORMAL,ERA5_PUBLIC_DATASET
2023-05-06,Rajasthan (Jaipur District),Corn / Coarse Grains,26.9,75.8,0.0,36.8,22.3,43.2,3,0.0,NORMAL,ERA5_PUBLIC_DATASET
2023-05-07,Rajasthan (Jaipur District),Corn / Coarse Grains,26.9,75.8,0.0,38.2,22.0,34.6,4,0.0,NORMAL,ERA5_PUBLIC_DATASET
2023-05-08,Rajasthan (Jaipur District),Corn / Coarse Grains,26.9,75.8,0.0,38.5,24.5,43.9,5,0.0,NORMAL,ERA5_PUBLIC_DATASET
2023-05-09,Rajasthan (Jaipur District),Corn / Coarse Grains,26.9,75.8,0.0,39.2,24.6,40.7,6,0.0,NORMAL,ERA5_PUBLIC_DATASET
2023-05-10,Rajasthan (Jaipur District),Corn / Coarse Grains,26.9,75.8,0.0,38.9,22.5,43.6,7,0.0,NORMAL,ERA5_PUBLIC_DATASET
2023-05-11,Rajasthan (Jaipur District),Corn / Coarse Grains,26.9,75.8,0.0,40.4,22.4,34.9,8,0.0,NORMAL,ERA5_PUBLIC_DATASET
2023-05-12,Rajasthan (Jaipur District),Corn / Coarse Grains,26.9,75.8,0.0,42.3,24.0,40.7,9,0.0,HEATWAVE,ERA5_PUBLIC_DATASET
2023-05-13,Rajasthan (Jaipur District),Corn / Coarse Grains,26.9,75.8,0.0,43.4,26.6,41.8,10,0.0,HEATWAVE,ERA5_PUBLIC_DATASET
2023-05-14,Rajasthan (Jaipur District),Corn / Coarse Grains,26.9,75.8,0.0,42.0,27.9,45.0,11,0.0,HEATWAVE,ERA5_PUBLIC_DATASET
2023-05-15,Rajasthan (Jaipur District),Corn / Coarse Grains,26.9,75.8,0.0,40.9,25.8,42.5,12,0.0,NORMAL,ERA5_PUBLIC_DATASET
2023-05-16,Rajasthan (Jaipur District),Corn / Coarse Grains,26.9,75.8,0.2,38.5,28.6,50.0,13,0.1,NORMAL,ERA5_PUBLIC_DATASET
2023-05-17,Rajasthan (Jaipur District),Corn / Coarse Grains,26.9,75.8,0.0,39.4,27.9,41.0,14,74.2,DROUGHT,ERA5_PUBLIC_DATASET
2023-05-18,Rajasthan (Jaipur District),Corn / Coarse Grains,26.9,75.8,0.0,38.4,26.0,31.0,15,71.2,DROUGHT,ERA5_PUBLIC_DATASET
2023-05-19,Rajasthan (Jaipur District),Corn / Coarse Grains,26.9,75.8,0.0,39.9,25.6,36.0,16,75.7,DROUGHT,ERA5_PUBLIC_DATASET
2023-05-20,Rajasthan (Jaipur District),Corn / Coarse Grains,26.9,75.8,0.0,41.5,25.6,40.3,17,80.5,DROUGHT,ERA5_PUBLIC_DATASET
2023-05-21,Rajasthan (Jaipur District),Corn / Coarse Grains,26.9,75.8,0.2,42.5,31.0,43.2,18,83.5,DROUGHT,ERA5_PUBLIC_DATASET
2023-05-22,Rajasthan (Jaipur District),Corn / Coarse Grains,26.9,75.8,0.0,42.1,30.3,46.8,19,82.3,DROUGHT,ERA5_PUBLIC_DATASET
2023-05-23,Rajasthan (Jaipur District),Corn / Coarse Grains,26.9,75.8,0.0,41.3,30.7,39.6,20,79.9,DROUGHT,ERA5_PUBLIC_DATASET
2023-05-24,Rajasthan (Jaipur District),Corn / Coarse Grains,26.9,75.8,13.0,36.9,23.5,60.8,0,61.2,EXTREME_WIND,ERA5_PUBLIC_DATASET
2023-05-25,Rajasthan (Jaipur District),Corn / Coarse Grains,26.9,75.8,3.4,34.4,24.2,48.2,0,1.7,NORMAL,ERA5_PUBLIC_DATASET
2023-05-26,Rajasthan (Jaipur District),Corn / Coarse Grains,26.9,75.8,4.2,34.1,20.8,33.1,0,2.1,NORMAL,ERA5_PUBLIC_DATASET
2023-05-27,Rajasthan (Jaipur District),Corn / Coarse Grains,26.9,75.8,4.7,33.3,21.3,61.2,0,61.8,EXTREME_WIND,ERA5_PUBLIC_DATASET
2023-05-28,Rajasthan (Jaipur District),Corn / Coarse Grains,26.9,75.8,0.0,35.7,21.4,56.9,1,0.0,NORMAL,ERA5_PUBLIC_DATASET
2023-05-29,Rajasthan (Jaipur District),Corn / Coarse Grains,26.9,75.8,0.2,32.5,23.6,35.3,2,0.1,NORMAL,ERA5_PUBLIC_DATASET
2023-05-30,Rajasthan (Jaipur District),Corn / Coarse Grains,26.9,75.8,1.0,35.5,22.7,33.8,0,0.5,NORMAL,ERA5_PUBLIC_DATASET
2023-05-31,Rajasthan (Jaipur District),Corn / Coarse Grains,26.9,75.8,0.1,32.1,20.9,43.2,1,0.1,NORMAL,ERA5_PUBLIC_DATASET
2023-06-01,Rajasthan (Jaipur District),Corn / Coarse Grains,26.9,75.8,0.4,35.6,22.2,39.2,2,0.2,NORMAL,ERA5_PUBLIC_DATASET
2023-06-02,Rajasthan (Jaipur District),Corn / Coarse Grains,26.9,75.8,0.6,33.4,21.1,37.1,3,0.3,NORMAL,ERA5_PUBLIC_DATASET
2023-06-03,Rajasthan (Jaipur District),Corn / Coarse Grains,26.9,75.8,0.2,36.5,24.0,61.6,4,62.4,EXTREME_WIND,ERA5_PUBLIC_DATASET
2023-06-04,Rajasthan (Jaipur District),Corn / Coarse Grains,26.9,75.8,0.0,35.4,23.2,31.3,5,0.0,NORMAL,ERA5_PUBLIC_DATASET
2023-06-05,Rajasthan (Jaipur District),Corn / Coarse Grains,26.9,75.8,0.0,36.1,24.1,29.2,6,0.0,NORMAL,ERA5_PUBLIC_DATASET
2023-06-06,Rajasthan (Jaipur District),Corn / Coarse Grains,26.9,75.8,0.0,38.1,24.1,46.4,7,0.0,NORMAL,ERA5_PUBLIC_DATASET
2023-06-07,Rajasthan (Jaipur District),Corn / Coarse Grains,26.9,75.8,0.0,39.0,25.4,32.4,8,0.0,NORMAL,ERA5_PUBLIC_DATASET
2023-06-08,Rajasthan (Jaipur District),Corn / Coarse Grains,26.9,75.8,0.8,37.9,26.4,57.2,9,0.4,NORMAL,ERA5_PUBLIC_DATASET
2023-06-09,Rajasthan (Jaipur District),Corn / Coarse Grains,26.9,75.8,0.0,39.2,27.9,39.6,10,0.0,NORMAL,ERA5_PUBLIC_DATASET
2023-06-10,Rajasthan (Jaipur District),Corn / Coarse Grains,26.9,75.8,0.0,39.0,28.9,48.6,11,0.0,NORMAL,ERA5_PUBLIC_DATASET
2023-06-11,Rajasthan (Jaipur District),Corn / Coarse Grains,26.9,75.8,0.0,39.2,28.4,42.1,12,0.0,NORMAL,ERA5_PUBLIC_DATASET
2023-06-12,Rajasthan (Jaipur District),Corn / Coarse Grains,26.9,75.8,0.0,39.5,29.7,43.2,13,0.0,NORMAL,ERA5_PUBLIC_DATASET
2023-06-13,Rajasthan (Jaipur District),Corn / Coarse Grains,26.9,75.8,0.0,39.6,30.1,39.6,14,74.8,DROUGHT,ERA5_PUBLIC_DATASET
2023-06-14,Rajasthan (Jaipur District),Corn / Coarse Grains,26.9,75.8,0.0,38.7,30.2,48.6,15,72.1,DROUGHT,ERA5_PUBLIC_DATASET
2023-06-15,Rajasthan (Jaipur District),Corn / Coarse Grains,26.9,75.8,0.3,38.3,29.7,43.2,16,70.9,DROUGHT,ERA5_PUBLIC_DATASET
2023-06-16,Rajasthan (Jaipur District),Corn / Coarse Grains,26.9,75.8,0.5,34.7,27.6,41.8,17,0.2,NORMAL,ERA5_PUBLIC_DATASET
2023-06-17,Rajasthan (Jaipur District),Corn / Coarse Grains,26.9,75.8,3.2,34.6,26.0,44.6,0,1.6,NORMAL,ERA5_PUBLIC_DATASET
2023-06-18,Rajasthan (Jaipur District),Corn / Coarse Grains,26.9,75.8,20.2,31.1,24.6,63.7,0,65.6,EXTREME_WIND,ERA5_PUBLIC_DATASET
2023-06-19,Rajasthan (Jaipur District),Corn / Coarse Grains,26.9,75.8,56.9,30.4,24.4,49.0,0,54.1,NORMAL,ERA5_PUBLIC_DATASET
2023-06-20,Rajasthan (Jaipur District),Corn / Coarse Grains,26.9,75.8,33.5,33.0,23.0,41.4,0,15.0,NORMAL,ERA5_PUBLIC_DATASET
2023-06-21,Rajasthan (Jaipur District),Corn / Coarse Grains,26.9,75.8,0.2,34.9,25.4,46.4,1,0.1,NORMAL,ERA5_PUBLIC_DATASET
2023-06-22,Rajasthan (Jaipur District),Corn / Coarse Grains,26.9,75.8,0.0,35.2,27.0,42.1,2,0.0,NORMAL,ERA5_PUBLIC_DATASET
2023-06-23,Rajasthan (Jaipur District),Corn / Coarse Grains,26.9,75.8,0.0,35.9,27.4,40.7,3,0.0,NORMAL,ERA5_PUBLIC_DATASET
2023-06-24,Rajasthan (Jaipur District),Corn / Coarse Grains,26.9,75.8,1.1,37.8,27.5,36.4,0,0.6,NORMAL,ERA5_PUBLIC_DATASET
2023-06-25,Rajasthan (Jaipur District),Corn / Coarse Grains,26.9,75.8,1.4,32.0,26.2,37.8,0,0.7,NORMAL,ERA5_PUBLIC_DATASET
2023-06-26,Rajasthan (Jaipur District),Corn / Coarse Grains,26.9,75.8,3.8,33.4,25.1,24.1,0,1.9,NORMAL,ERA5_PUBLIC_DATASET
2023-06-27,Rajasthan (Jaipur District),Corn / Coarse Grains,26.9,75.8,0.4,33.8,25.0,23.8,1,0.2,NORMAL,ERA5_PUBLIC_DATASET
2023-06-28,Rajasthan (Jaipur District),Corn / Coarse Grains,26.9,75.8,5.3,34.0,25.1,21.2,0,2.6,NORMAL,ERA5_PUBLIC_DATASET
2023-06-29,Rajasthan (Jaipur District),Corn / Coarse Grains,26.9,75.8,23.1,32.0,24.9,25.2,0,11.6,NORMAL,ERA5_PUBLIC_DATASET
2023-06-30,Rajasthan (Jaipur District),Corn / Coarse Grains,26.9,75.8,18.9,32.9,24.5,28.4,0,9.4,NORMAL,ERA5_PUBLIC_DATASET
2023-07-01,Rajasthan (Jaipur District),Corn / Coarse Grains,26.9,75.8,2.8,34.1,25.0,37.4,0,1.4,NORMAL,ERA5_PUBLIC_DATASET
2023-07-02,Rajasthan (Jaipur District),Corn / Coarse Grains,26.9,75.8,0.2,34.1,25.3,41.8,1,0.1,NORMAL,ERA5_PUBLIC_DATASET
2023-07-03,Rajasthan (Jaipur District),Corn / Coarse Grains,26.9,75.8,0.2,35.6,26.3,28.8,2,0.1,NORMAL,ERA5_PUBLIC_DATASET
2023-07-04,Rajasthan (Jaipur District),Corn / Coarse Grains,26.9,75.8,4.4,36.5,26.2,41.8,0,2.2,NORMAL,ERA5_PUBLIC_DATASET
2023-07-05,Rajasthan (Jaipur District),Corn / Coarse Grains,26.9,75.8,2.3,35.0,25.3,39.2,0,1.1,NORMAL,ERA5_PUBLIC_DATASET
2023-07-06,Rajasthan (Jaipur District),Corn / Coarse Grains,26.9,75.8,0.4,34.0,25.7,26.6,1,0.2,NORMAL,ERA5_PUBLIC_DATASET
2023-07-07,Rajasthan (Jaipur District),Corn / Coarse Grains,26.9,75.8,12.7,33.4,26.1,22.3,0,6.3,NORMAL,ERA5_PUBLIC_DATASET
2023-07-08,Rajasthan (Jaipur District),Corn / Coarse Grains,26.9,75.8,22.9,32.5,25.3,26.6,0,11.4,NORMAL,ERA5_PUBLIC_DATASET
2023-07-09,Rajasthan (Jaipur District),Corn / Coarse Grains,26.9,75.8,18.4,32.3,24.8,20.2,0,9.2,NORMAL,ERA5_PUBLIC_DATASET
2023-07-10,Rajasthan (Jaipur District),Corn / Coarse Grains,26.9,75.8,28.3,30.5,24.6,19.1,0,14.2,NORMAL,ERA5_PUBLIC_DATASET
2023-07-11,Rajasthan (Jaipur District),Corn / Coarse Grains,26.9,75.8,2.0,34.2,25.1,30.2,0,1.0,NORMAL,ERA5_PUBLIC_DATASET
2023-07-12,Rajasthan (Jaipur District),Corn / Coarse Grains,26.9,75.8,0.1,34.6,25.4,25.9,1,0.1,NORMAL,ERA5_PUBLIC_DATASET
2023-07-13,Rajasthan (Jaipur District),Corn / Coarse Grains,26.9,75.8,3.4,34.1,26.3,34.6,0,1.7,NORMAL,ERA5_PUBLIC_DATASET
2023-07-14,Rajasthan (Jaipur District),Corn / Coarse Grains,26.9,75.8,3.1,33.6,26.2,37.1,0,1.6,NORMAL,ERA5_PUBLIC_DATASET
2023-07-15,Rajasthan (Jaipur District),Corn / Coarse Grains,26.9,75.8,2.5,33.1,25.9,33.8,0,1.2,NORMAL,ERA5_PUBLIC_DATASET
2023-07-16,Rajasthan (Jaipur District),Corn / Coarse Grains,26.9,75.8,41.2,31.1,25.1,35.3,0,15.0,NORMAL,ERA5_PUBLIC_DATASET
2023-07-17,Rajasthan (Jaipur District),Corn / Coarse Grains,26.9,75.8,0.8,33.1,25.2,25.9,1,0.4,NORMAL,ERA5_PUBLIC_DATASET
2023-07-18,Rajasthan (Jaipur District),Corn / Coarse Grains,26.9,75.8,2.7,32.6,25.3,23.8,0,1.4,NORMAL,ERA5_PUBLIC_DATASET
2023-07-19,Rajasthan (Jaipur District),Corn / Coarse Grains,26.9,75.8,1.1,32.7,25.6,25.6,0,0.6,NORMAL,ERA5_PUBLIC_DATASET
2023-07-20,Rajasthan (Jaipur District),Corn / Coarse Grains,26.9,75.8,0.3,34.5,26.6,29.5,1,0.1,NORMAL,ERA5_PUBLIC_DATASET
2023-07-21,Rajasthan (Jaipur District),Corn / Coarse Grains,26.9,75.8,0.3,34.7,27.6,32.0,2,0.1,NORMAL,ERA5_PUBLIC_DATASET
2023-07-22,Rajasthan (Jaipur District),Corn / Coarse Grains,26.9,75.8,0.3,34.3,26.6,42.5,3,0.1,NORMAL,ERA5_PUBLIC_DATASET
2023-07-23,Rajasthan (Jaipur District),Corn / Coarse Grains,26.9,75.8,4.1,33.1,25.5,45.7,0,2.0,NORMAL,ERA5_PUBLIC_DATASET
2023-07-24,Rajasthan (Jaipur District),Corn / Coarse Grains,26.9,75.8,2.9,33.6,26.7,33.1,0,1.4,NORMAL,ERA5_PUBLIC_DATASET
2023-07-25,Rajasthan (Jaipur District),Corn / Coarse Grains,26.9,75.8,5.5,33.0,24.8,21.2,0,2.8,NORMAL,ERA5_PUBLIC_DATASET
2023-07-26,Rajasthan (Jaipur District),Corn / Coarse Grains,26.9,75.8,5.4,32.4,25.0,19.4,0,2.7,NORMAL,ERA5_PUBLIC_DATASET
2023-07-27,Rajasthan (Jaipur District),Corn / Coarse Grains,26.9,75.8,6.9,32.2,25.0,21.2,0,3.5,NORMAL,ERA5_PUBLIC_DATASET
2023-07-28,Rajasthan (Jaipur District),Corn / Coarse Grains,26.9,75.8,3.7,32.2,25.6,35.6,0,1.9,NORMAL,ERA5_PUBLIC_DATASET
2023-07-29,Rajasthan (Jaipur District),Corn / Coarse Grains,26.9,75.8,22.6,27.8,24.0,32.4,0,11.3,NORMAL,ERA5_PUBLIC_DATASET
2023-07-30,Rajasthan (Jaipur District),Corn / Coarse Grains,26.9,75.8,14.3,31.6,23.8,33.5,0,7.2,NORMAL,ERA5_PUBLIC_DATASET
2023-07-31,Rajasthan (Jaipur District),Corn / Coarse Grains,26.9,75.8,0.7,31.8,25.3,33.8,1,0.3,NORMAL,ERA5_PUBLIC_DATASET
2023-08-01,Rajasthan (Jaipur District),Corn / Coarse Grains,26.9,75.8,1.3,32.9,25.2,30.2,0,0.7,NORMAL,ERA5_PUBLIC_DATASET
2023-08-02,Rajasthan (Jaipur District),Corn / Coarse Grains,26.9,75.8,0.5,32.8,25.7,38.5,1,0.2,NORMAL,ERA5_PUBLIC_DATASET
2023-08-03,Rajasthan (Jaipur District),Corn / Coarse Grains,26.9,75.8,0.0,32.7,25.8,36.4,2,0.0,NORMAL,ERA5_PUBLIC_DATASET
2023-08-04,Rajasthan (Jaipur District),Corn / Coarse Grains,26.9,75.8,3.4,32.0,26.0,31.3,0,1.7,NORMAL,ERA5_PUBLIC_DATASET
2023-08-05,Rajasthan (Jaipur District),Corn / Coarse Grains,26.9,75.8,0.0,32.7,26.3,33.8,1,0.0,NORMAL,ERA5_PUBLIC_DATASET
2023-08-06,Rajasthan (Jaipur District),Corn / Coarse Grains,26.9,75.8,0.0,33.2,25.9,38.5,2,0.0,NORMAL,ERA5_PUBLIC_DATASET
2023-08-07,Rajasthan (Jaipur District),Corn / Coarse Grains,26.9,75.8,0.0,31.9,25.1,43.9,3,0.0,NORMAL,ERA5_PUBLIC_DATASET
2023-08-08,Rajasthan (Jaipur District),Corn / Coarse Grains,26.9,75.8,0.0,32.7,24.5,41.8,4,0.0,NORMAL,ERA5_PUBLIC_DATASET
2023-08-09,Rajasthan (Jaipur District),Corn / Coarse Grains,26.9,75.8,0.0,32.6,24.8,38.5,5,0.0,NORMAL,ERA5_PUBLIC_DATASET
2023-08-10,Rajasthan (Jaipur District),Corn / Coarse Grains,26.9,75.8,0.0,32.5,24.6,32.8,6,0.0,NORMAL,ERA5_PUBLIC_DATASET
2023-08-11,Rajasthan (Jaipur District),Corn / Coarse Grains,26.9,75.8,0.0,33.1,24.8,29.5,7,0.0,NORMAL,ERA5_PUBLIC_DATASET
2023-08-12,Rajasthan (Jaipur District),Corn / Coarse Grains,26.9,75.8,0.0,33.2,24.9,36.7,8,0.0,NORMAL,ERA5_PUBLIC_DATASET
2023-08-13,Rajasthan (Jaipur District),Corn / Coarse Grains,26.9,75.8,0.0,32.1,25.4,34.6,9,0.0,NORMAL,ERA5_PUBLIC_DATASET
2023-08-14,Rajasthan (Jaipur District),Corn / Coarse Grains,26.9,75.8,0.2,30.6,24.6,23.8,10,0.1,NORMAL,ERA5_PUBLIC_DATASET
2023-08-15,Rajasthan (Jaipur District),Corn / Coarse Grains,26.9,75.8,1.0,33.5,24.7,23.8,0,0.5,NORMAL,ERA5_PUBLIC_DATASET
2023-08-16,Rajasthan (Jaipur District),Corn / Coarse Grains,26.9,75.8,0.1,34.2,25.9,31.3,1,0.1,NORMAL,ERA5_PUBLIC_DATASET
2023-08-17,Rajasthan (Jaipur District),Corn / Coarse Grains,26.9,75.8,0.0,34.3,25.9,34.9,2,0.0,NORMAL,ERA5_PUBLIC_DATASET
2023-08-18,Rajasthan (Jaipur District),Corn / Coarse Grains,26.9,75.8,1.6,34.3,25.3,29.9,0,0.8,NORMAL,ERA5_PUBLIC_DATASET
2023-08-19,Rajasthan (Jaipur District),Corn / Coarse Grains,26.9,75.8,1.0,33.4,26.3,30.2,0,0.5,NORMAL,ERA5_PUBLIC_DATASET
2023-08-20,Rajasthan (Jaipur District),Corn / Coarse Grains,26.9,75.8,3.3,34.7,26.5,32.0,0,1.6,NORMAL,ERA5_PUBLIC_DATASET
2023-08-21,Rajasthan (Jaipur District),Corn / Coarse Grains,26.9,75.8,1.1,34.5,26.0,22.3,0,0.6,NORMAL,ERA5_PUBLIC_DATASET
2023-08-22,Rajasthan (Jaipur District),Corn / Coarse Grains,26.9,75.8,9.1,35.5,27.1,34.9,0,4.5,NORMAL,ERA5_PUBLIC_DATASET
2023-08-23,Rajasthan (Jaipur District),Corn / Coarse Grains,26.9,75.8,0.3,31.1,26.4,35.6,1,0.1,NORMAL,ERA5_PUBLIC_DATASET
2023-08-24,Rajasthan (Jaipur District),Corn / Coarse Grains,26.9,75.8,0.0,31.4,25.1,36.0,2,0.0,NORMAL,ERA5_PUBLIC_DATASET
2023-08-25,Rajasthan (Jaipur District),Corn / Coarse Grains,26.9,75.8,0.0,31.4,24.5,33.5,3,0.0,NORMAL,ERA5_PUBLIC_DATASET
2023-08-26,Rajasthan (Jaipur District),Corn / Coarse Grains,26.9,75.8,0.1,33.0,24.3,36.0,4,0.1,NORMAL,ERA5_PUBLIC_DATASET
2023-08-27,Rajasthan (Jaipur District),Corn / Coarse Grains,26.9,75.8,0.0,32.6,23.4,38.9,5,0.0,NORMAL,ERA5_PUBLIC_DATASET
2023-08-28,Rajasthan (Jaipur District),Corn / Coarse Grains,26.9,75.8,0.0,33.2,25.0,37.1,6,0.0,NORMAL,ERA5_PUBLIC_DATASET
2023-08-29,Rajasthan (Jaipur District),Corn / Coarse Grains,26.9,75.8,0.0,33.1,24.3,36.4,7,0.0,NORMAL,ERA5_PUBLIC_DATASET
2023-08-30,Rajasthan (Jaipur District),Corn / Coarse Grains,26.9,75.8,0.3,33.9,24.6,31.0,8,0.1,NORMAL,ERA5_PUBLIC_DATASET
2023-08-31,Rajasthan (Jaipur District),Corn / Coarse Grains,26.9,75.8,0.0,34.7,24.2,35.6,9,0.0,NORMAL,ERA5_PUBLIC_DATASET
2023-09-01,Rajasthan (Jaipur District),Corn / Coarse Grains,26.9,75.8,0.4,35.3,26.4,34.2,10,0.2,NORMAL,ERA5_PUBLIC_DATASET
2023-09-02,Rajasthan (Jaipur District),Corn / Coarse Grains,26.9,75.8,0.0,35.4,26.7,39.6,11,0.0,NORMAL,ERA5_PUBLIC_DATASET
2023-09-03,Rajasthan (Jaipur District),Corn / Coarse Grains,26.9,75.8,0.0,35.1,25.8,38.9,12,0.0,NORMAL,ERA5_PUBLIC_DATASET
2023-09-04,Rajasthan (Jaipur District),Corn / Coarse Grains,26.9,75.8,0.0,35.2,26.0,40.3,13,0.0,NORMAL,ERA5_PUBLIC_DATASET
2023-09-05,Rajasthan (Jaipur District),Corn / Coarse Grains,26.9,75.8,0.2,36.1,26.1,38.9,14,0.1,NORMAL,ERA5_PUBLIC_DATASET
2023-09-06,Rajasthan (Jaipur District),Corn / Coarse Grains,26.9,75.8,0.3,35.0,25.4,37.8,15,0.1,NORMAL,ERA5_PUBLIC_DATASET
2023-09-07,Rajasthan (Jaipur District),Corn / Coarse Grains,26.9,75.8,0.1,34.5,24.4,34.6,16,0.1,NORMAL,ERA5_PUBLIC_DATASET
2023-09-08,Rajasthan (Jaipur District),Corn / Coarse Grains,26.9,75.8,0.2,34.4,25.9,36.7,17,0.1,NORMAL,ERA5_PUBLIC_DATASET
2023-09-09,Rajasthan (Jaipur District),Corn / Coarse Grains,26.9,75.8,1.5,33.5,24.7,44.6,0,0.8,NORMAL,ERA5_PUBLIC_DATASET
2023-09-10,Rajasthan (Jaipur District),Corn / Coarse Grains,26.9,75.8,3.2,33.9,24.6,38.9,0,1.6,NORMAL,ERA5_PUBLIC_DATASET
2023-09-11,Rajasthan (Jaipur District),Corn / Coarse Grains,26.9,75.8,1.0,33.2,23.9,34.2,0,0.5,NORMAL,ERA5_PUBLIC_DATASET
2023-09-12,Rajasthan (Jaipur District),Corn / Coarse Grains,26.9,75.8,1.1,32.7,24.7,28.8,0,0.6,NORMAL,ERA5_PUBLIC_DATASET
2023-09-13,Rajasthan (Jaipur District),Corn / Coarse Grains,26.9,75.8,1.7,32.9,24.4,27.0,0,0.8,NORMAL,ERA5_PUBLIC_DATASET
2023-09-14,Rajasthan (Jaipur District),Corn / Coarse Grains,26.9,75.8,29.0,33.2,25.7,23.0,0,14.5,NORMAL,ERA5_PUBLIC_DATASET
2023-09-15,Rajasthan (Jaipur District),Corn / Coarse Grains,26.9,75.8,1.4,33.2,24.5,32.4,0,0.7,NORMAL,ERA5_PUBLIC_DATASET
2023-09-16,Rajasthan (Jaipur District),Corn / Coarse Grains,26.9,75.8,7.3,29.9,25.2,54.0,0,3.6,NORMAL,ERA5_PUBLIC_DATASET
2023-09-17,Rajasthan (Jaipur District),Corn / Coarse Grains,26.9,75.8,3.4,29.4,23.8,52.2,0,1.7,NORMAL,ERA5_PUBLIC_DATASET
2023-09-18,Rajasthan (Jaipur District),Corn / Coarse Grains,26.9,75.8,1.6,29.5,23.1,47.2,0,0.8,NORMAL,ERA5_PUBLIC_DATASET
2023-09-19,Rajasthan (Jaipur District),Corn / Coarse Grains,26.9,75.8,0.3,31.7,23.8,33.8,1,0.1,NORMAL,ERA5_PUBLIC_DATASET
2023-09-20,Rajasthan (Jaipur District),Corn / Coarse Grains,26.9,75.8,0.0,32.7,24.3,20.5,2,0.0,NORMAL,ERA5_PUBLIC_DATASET
2023-09-21,Rajasthan (Jaipur District),Corn / Coarse Grains,26.9,75.8,0.1,33.2,25.6,22.3,3,0.1,NORMAL,ERA5_PUBLIC_DATASET
2023-09-22,Rajasthan (Jaipur District),Corn / Coarse Grains,26.9,75.8,0.2,33.2,24.9,25.9,4,0.1,NORMAL,ERA5_PUBLIC_DATASET
2023-09-23,Rajasthan (Jaipur District),Corn / Coarse Grains,26.9,75.8,7.7,31.5,24.8,39.2,0,3.9,NORMAL,ERA5_PUBLIC_DATASET
2023-09-24,Rajasthan (Jaipur District),Corn / Coarse Grains,26.9,75.8,0.6,33.8,24.6,39.2,1,0.3,NORMAL,ERA5_PUBLIC_DATASET
2023-09-25,Rajasthan (Jaipur District),Corn / Coarse Grains,26.9,75.8,0.3,32.4,23.6,27.4,2,0.1,NORMAL,ERA5_PUBLIC_DATASET
2023-09-26,Rajasthan (Jaipur District),Corn / Coarse Grains,26.9,75.8,2.0,33.1,24.0,21.6,0,1.0,NORMAL,ERA5_PUBLIC_DATASET
2023-09-27,Rajasthan (Jaipur District),Corn / Coarse Grains,26.9,75.8,0.0,33.5,23.8,23.8,1,0.0,NORMAL,ERA5_PUBLIC_DATASET
2023-09-28,Rajasthan (Jaipur District),Corn / Coarse Grains,26.9,75.8,0.0,34.2,22.5,19.8,2,0.0,NORMAL,ERA5_PUBLIC_DATASET
2023-09-29,Rajasthan (Jaipur District),Corn / Coarse Grains,26.9,75.8,0.0,34.7,21.2,20.5,3,0.0,NORMAL,ERA5_PUBLIC_DATASET
2023-09-30,Rajasthan (Jaipur District),Corn / Coarse Grains,26.9,75.8,0.0,35.7,21.9,25.2,4,0.0,NORMAL,ERA5_PUBLIC_DATASET
2023-10-01,Rajasthan (Jaipur District),Corn / Coarse Grains,26.9,75.8,0.0,34.6,21.5,24.8,5,0.0,NORMAL,ERA5_PUBLIC_DATASET
2023-10-02,Rajasthan (Jaipur District),Corn / Coarse Grains,26.9,75.8,0.0,35.4,20.7,30.2,6,0.0,NORMAL,ERA5_PUBLIC_DATASET
2023-10-03,Rajasthan (Jaipur District),Corn / Coarse Grains,26.9,75.8,0.0,34.3,20.9,27.0,7,0.0,NORMAL,ERA5_PUBLIC_DATASET
2023-10-04,Rajasthan (Jaipur District),Corn / Coarse Grains,26.9,75.8,0.0,35.1,20.3,29.9,8,0.0,NORMAL,ERA5_PUBLIC_DATASET
2023-10-05,Rajasthan (Jaipur District),Corn / Coarse Grains,26.9,75.8,0.0,35.5,20.2,36.7,9,0.0,NORMAL,ERA5_PUBLIC_DATASET
2023-10-06,Rajasthan (Jaipur District),Corn / Coarse Grains,26.9,75.8,0.0,35.6,23.3,37.8,10,0.0,NORMAL,ERA5_PUBLIC_DATASET
2023-10-07,Rajasthan (Jaipur District),Corn / Coarse Grains,26.9,75.8,0.0,35.3,23.5,31.7,11,0.0,NORMAL,ERA5_PUBLIC_DATASET
2023-10-08,Rajasthan (Jaipur District),Corn / Coarse Grains,26.9,75.8,0.0,35.0,23.8,37.8,12,0.0,NORMAL,ERA5_PUBLIC_DATASET
2023-10-09,Rajasthan (Jaipur District),Corn / Coarse Grains,26.9,75.8,0.0,34.8,24.5,40.0,13,0.0,NORMAL,ERA5_PUBLIC_DATASET
2023-10-10,Rajasthan (Jaipur District),Corn / Coarse Grains,26.9,75.8,0.0,33.9,23.4,31.0,14,0.0,NORMAL,ERA5_PUBLIC_DATASET
2023-10-11,Rajasthan (Jaipur District),Corn / Coarse Grains,26.9,75.8,0.0,34.8,22.5,24.1,15,0.0,NORMAL,ERA5_PUBLIC_DATASET
2023-10-12,Rajasthan (Jaipur District),Corn / Coarse Grains,26.9,75.8,0.0,34.5,21.0,25.9,16,0.0,NORMAL,ERA5_PUBLIC_DATASET
2023-10-13,Rajasthan (Jaipur District),Corn / Coarse Grains,26.9,75.8,0.0,34.9,22.3,25.2,17,0.0,NORMAL,ERA5_PUBLIC_DATASET
2023-10-14,Rajasthan (Jaipur District),Corn / Coarse Grains,26.9,75.8,0.0,34.6,22.8,23.4,18,0.0,NORMAL,ERA5_PUBLIC_DATASET
2023-10-15,Rajasthan (Jaipur District),Corn / Coarse Grains,26.9,75.8,0.0,33.5,22.1,29.5,19,0.0,NORMAL,ERA5_PUBLIC_DATASET
2023-10-16,Rajasthan (Jaipur District),Corn / Coarse Grains,26.9,75.8,0.0,32.9,21.6,37.1,20,0.0,NORMAL,ERA5_PUBLIC_DATASET
2023-10-17,Rajasthan (Jaipur District),Corn / Coarse Grains,26.9,75.8,0.1,30.8,20.0,29.5,21,0.1,NORMAL,ERA5_PUBLIC_DATASET
2023-10-18,Rajasthan (Jaipur District),Corn / Coarse Grains,26.9,75.8,0.0,30.1,18.5,18.7,22,0.0,NORMAL,ERA5_PUBLIC_DATASET
2023-10-19,Rajasthan (Jaipur District),Corn / Coarse Grains,26.9,75.8,0.0,31.3,17.1,23.0,23,0.0,NORMAL,ERA5_PUBLIC_DATASET
2023-10-20,Rajasthan (Jaipur District),Corn / Coarse Grains,26.9,75.8,0.0,31.6,19.3,22.3,24,0.0,NORMAL,ERA5_PUBLIC_DATASET
2023-10-21,Rajasthan (Jaipur District),Corn / Coarse Grains,26.9,75.8,0.0,32.1,19.4,19.1,25,0.0,NORMAL,ERA5_PUBLIC_DATASET
2023-10-22,Rajasthan (Jaipur District),Corn / Coarse Grains,26.9,75.8,0.0,32.4,20.0,22.0,26,0.0,NORMAL,ERA5_PUBLIC_DATASET
2023-10-23,Rajasthan (Jaipur District),Corn / Coarse Grains,26.9,75.8,0.0,31.5,19.2,27.7,27,0.0,NORMAL,ERA5_PUBLIC_DATASET
2023-10-24,Rajasthan (Jaipur District),Corn / Coarse Grains,26.9,75.8,0.0,31.3,17.9,27.7,28,0.0,NORMAL,ERA5_PUBLIC_DATASET
2023-10-25,Rajasthan (Jaipur District),Corn / Coarse Grains,26.9,75.8,0.0,31.3,17.3,32.0,29,0.0,NORMAL,ERA5_PUBLIC_DATASET
2023-10-26,Rajasthan (Jaipur District),Corn / Coarse Grains,26.9,75.8,0.0,31.7,18.3,35.3,30,0.0,NORMAL,ERA5_PUBLIC_DATASET
2023-10-27,Rajasthan (Jaipur District),Corn / Coarse Grains,26.9,75.8,0.0,31.4,16.7,21.6,31,0.0,NORMAL,ERA5_PUBLIC_DATASET
2023-10-28,Rajasthan (Jaipur District),Corn / Coarse Grains,26.9,75.8,0.0,31.3,19.3,19.8,32,0.0,NORMAL,ERA5_PUBLIC_DATASET
2023-10-29,Rajasthan (Jaipur District),Corn / Coarse Grains,26.9,75.8,0.0,32.9,19.5,23.8,33,0.0,NORMAL,ERA5_PUBLIC_DATASET
2023-10-30,Rajasthan (Jaipur District),Corn / Coarse Grains,26.9,75.8,0.0,32.6,18.9,19.1,34,0.0,NORMAL,ERA5_PUBLIC_DATASET
2023-10-31,Rajasthan (Jaipur District),Corn / Coarse Grains,26.9,75.8,0.0,32.9,19.2,22.3,35,0.0,NORMAL,ERA5_PUBLIC_DATASET
2023-11-01,Rajasthan (Jaipur District),Corn / Coarse Grains,26.9,75.8,0.0,31.6,19.2,20.9,36,0.0,NORMAL,ERA5_PUBLIC_DATASET
2023-11-02,Rajasthan (Jaipur District),Corn / Coarse Grains,26.9,75.8,0.0,31.4,18.5,22.3,37,0.0,NORMAL,ERA5_PUBLIC_DATASET
2023-11-03,Rajasthan (Jaipur District),Corn / Coarse Grains,26.9,75.8,0.0,31.7,19.6,28.4,38,0.0,NORMAL,ERA5_PUBLIC_DATASET
2023-11-04,Rajasthan (Jaipur District),Corn / Coarse Grains,26.9,75.8,0.0,30.7,17.1,18.7,39,0.0,NORMAL,ERA5_PUBLIC_DATASET
2023-11-05,Rajasthan (Jaipur District),Corn / Coarse Grains,26.9,75.8,0.0,31.0,19.2,24.8,40,0.0,NORMAL,ERA5_PUBLIC_DATASET
2023-11-06,Rajasthan (Jaipur District),Corn / Coarse Grains,26.9,75.8,0.0,30.6,18.1,27.4,41,0.0,NORMAL,ERA5_PUBLIC_DATASET
2023-11-07,Rajasthan (Jaipur District),Corn / Coarse Grains,26.9,75.8,0.0,31.4,17.6,23.0,42,0.0,NORMAL,ERA5_PUBLIC_DATASET
2023-11-08,Rajasthan (Jaipur District),Corn / Coarse Grains,26.9,75.8,0.0,31.3,18.0,28.8,43,0.0,NORMAL,ERA5_PUBLIC_DATASET
2023-11-09,Rajasthan (Jaipur District),Corn / Coarse Grains,26.9,75.8,0.0,31.1,18.5,20.2,44,0.0,NORMAL,ERA5_PUBLIC_DATASET
2023-11-10,Rajasthan (Jaipur District),Corn / Coarse Grains,26.9,75.8,0.0,29.7,18.1,28.8,45,0.0,NORMAL,ERA5_PUBLIC_DATASET
2023-11-11,Rajasthan (Jaipur District),Corn / Coarse Grains,26.9,75.8,0.0,27.0,15.4,23.0,46,0.0,NORMAL,ERA5_PUBLIC_DATASET
2023-11-12,Rajasthan (Jaipur District),Corn / Coarse Grains,26.9,75.8,0.0,26.6,14.7,21.2,47,0.0,NORMAL,ERA5_PUBLIC_DATASET
2023-11-13,Rajasthan (Jaipur District),Corn / Coarse Grains,26.9,75.8,0.0,26.5,14.7,20.5,48,0.0,NORMAL,ERA5_PUBLIC_DATASET
2023-11-14,Rajasthan (Jaipur District),Corn / Coarse Grains,26.9,75.8,0.0,25.6,16.7,20.9,49,0.0,NORMAL,ERA5_PUBLIC_DATASET
2023-11-15,Rajasthan (Jaipur District),Corn / Coarse Grains,26.9,75.8,0.0,26.6,14.4,19.1,50,0.0,NORMAL,ERA5_PUBLIC_DATASET
2023-11-16,Rajasthan (Jaipur District),Corn / Coarse Grains,26.9,75.8,0.0,26.1,13.7,20.5,51,0.0,NORMAL,ERA5_PUBLIC_DATASET
2023-11-17,Rajasthan (Jaipur District),Corn / Coarse Grains,26.9,75.8,0.0,25.6,14.0,18.4,52,0.0,NORMAL,ERA5_PUBLIC_DATASET
2023-11-18,Rajasthan (Jaipur District),Corn / Coarse Grains,26.9,75.8,0.0,25.7,14.3,14.4,53,0.0,NORMAL,ERA5_PUBLIC_DATASET
2023-11-19,Rajasthan (Jaipur District),Corn / Coarse Grains,26.9,75.8,0.0,26.6,13.2,21.6,54,0.0,NORMAL,ERA5_PUBLIC_DATASET
2023-11-20,Rajasthan (Jaipur District),Corn / Coarse Grains,26.9,75.8,0.0,27.1,14.1,19.8,55,0.0,NORMAL,ERA5_PUBLIC_DATASET
2023-11-21,Rajasthan (Jaipur District),Corn / Coarse Grains,26.9,75.8,0.0,27.1,14.4,23.4,56,0.0,NORMAL,ERA5_PUBLIC_DATASET
2023-11-22,Rajasthan (Jaipur District),Corn / Coarse Grains,26.9,75.8,0.0,26.0,12.8,22.3,57,0.0,NORMAL,ERA5_PUBLIC_DATASET
2023-11-23,Rajasthan (Jaipur District),Corn / Coarse Grains,26.9,75.8,0.0,26.5,12.4,19.1,58,0.0,NORMAL,ERA5_PUBLIC_DATASET
2023-11-24,Rajasthan (Jaipur District),Corn / Coarse Grains,26.9,75.8,0.0,26.5,13.2,18.7,59,0.0,NORMAL,ERA5_PUBLIC_DATASET
2023-11-25,Rajasthan (Jaipur District),Corn / Coarse Grains,26.9,75.8,0.0,25.8,13.0,22.0,60,0.0,NORMAL,ERA5_PUBLIC_DATASET
2023-11-26,Rajasthan (Jaipur District),Corn / Coarse Grains,26.9,75.8,0.0,25.6,14.8,36.7,61,0.0,NORMAL,ERA5_PUBLIC_DATASET
2023-11-27,Rajasthan (Jaipur District),Corn / Coarse Grains,26.9,75.8,2.6,21.8,15.3,35.3,0,1.3,NORMAL,ERA5_PUBLIC_DATASET
2023-11-28,Rajasthan (Jaipur District),Corn / Coarse Grains,26.9,75.8,0.3,21.0,14.4,23.0,1,0.1,NORMAL,ERA5_PUBLIC_DATASET
2023-11-29,Rajasthan (Jaipur District),Corn / Coarse Grains,26.9,75.8,0.2,23.5,14.0,21.2,2,0.1,NORMAL,ERA5_PUBLIC_DATASET
2023-11-30,Rajasthan (Jaipur District),Corn / Coarse Grains,26.9,75.8,0.2,24.4,14.6,21.2,3,0.1,NORMAL,ERA5_PUBLIC_DATASET
2023-12-01,Rajasthan (Jaipur District),Corn / Coarse Grains,26.9,75.8,0.0,24.3,14.3,25.6,4,0.0,NORMAL,ERA5_PUBLIC_DATASET
2023-12-02,Rajasthan (Jaipur District),Corn / Coarse Grains,26.9,75.8,0.0,24.3,14.6,27.4,5,0.0,NORMAL,ERA5_PUBLIC_DATASET
2023-12-03,Rajasthan (Jaipur District),Corn / Coarse Grains,26.9,75.8,2.2,23.1,15.0,27.4,0,1.1,NORMAL,ERA5_PUBLIC_DATASET
2023-12-04,Rajasthan (Jaipur District),Corn / Coarse Grains,26.9,75.8,0.7,22.6,13.9,22.3,1,0.3,NORMAL,ERA5_PUBLIC_DATASET
2023-12-05,Rajasthan (Jaipur District),Corn / Coarse Grains,26.9,75.8,0.0,23.2,13.3,25.6,2,0.0,NORMAL,ERA5_PUBLIC_DATASET
2023-12-06,Rajasthan (Jaipur District),Corn / Coarse Grains,26.9,75.8,0.0,22.6,12.3,22.3,3,0.0,NORMAL,ERA5_PUBLIC_DATASET
2023-12-07,Rajasthan (Jaipur District),Corn / Coarse Grains,26.9,75.8,0.0,23.7,12.8,22.0,4,0.0,NORMAL,ERA5_PUBLIC_DATASET
2023-12-08,Rajasthan (Jaipur District),Corn / Coarse Grains,26.9,75.8,0.0,24.3,12.4,18.0,5,0.0,NORMAL,ERA5_PUBLIC_DATASET
2023-12-09,Rajasthan (Jaipur District),Corn / Coarse Grains,26.9,75.8,0.0,24.4,12.1,13.7,6,0.0,NORMAL,ERA5_PUBLIC_DATASET
2023-12-10,Rajasthan (Jaipur District),Corn / Coarse Grains,26.9,75.8,0.0,24.3,10.7,20.2,7,0.0,NORMAL,ERA5_PUBLIC_DATASET
2023-12-11,Rajasthan (Jaipur District),Corn / Coarse Grains,26.9,75.8,0.0,23.2,10.2,24.5,8,0.0,NORMAL,ERA5_PUBLIC_DATASET
2023-12-12,Rajasthan (Jaipur District),Corn / Coarse Grains,26.9,75.8,0.0,23.3,10.6,21.6,9,0.0,NORMAL,ERA5_PUBLIC_DATASET
2023-12-13,Rajasthan (Jaipur District),Corn / Coarse Grains,26.9,75.8,0.0,23.6,11.7,18.4,10,0.0,NORMAL,ERA5_PUBLIC_DATASET
2023-12-14,Rajasthan (Jaipur District),Corn / Coarse Grains,26.9,75.8,0.0,23.5,10.0,22.0,11,0.0,NORMAL,ERA5_PUBLIC_DATASET
2023-12-15,Rajasthan (Jaipur District),Corn / Coarse Grains,26.9,75.8,0.0,22.9,10.2,20.9,12,0.0,NORMAL,ERA5_PUBLIC_DATASET
2023-12-16,Rajasthan (Jaipur District),Corn / Coarse Grains,26.9,75.8,0.0,23.6,10.4,17.3,13,0.0,NORMAL,ERA5_PUBLIC_DATASET
2023-12-17,Rajasthan (Jaipur District),Corn / Coarse Grains,26.9,75.8,0.0,23.9,10.1,24.5,14,0.0,NORMAL,ERA5_PUBLIC_DATASET
2023-12-18,Rajasthan (Jaipur District),Corn / Coarse Grains,26.9,75.8,0.0,22.7,11.5,25.9,15,0.0,NORMAL,ERA5_PUBLIC_DATASET
2023-12-19,Rajasthan (Jaipur District),Corn / Coarse Grains,26.9,75.8,0.0,22.3,9.3,20.5,16,0.0,NORMAL,ERA5_PUBLIC_DATASET
2023-12-20,Rajasthan (Jaipur District),Corn / Coarse Grains,26.9,75.8,0.0,21.0,10.0,16.2,17,0.0,NORMAL,ERA5_PUBLIC_DATASET
2023-12-21,Rajasthan (Jaipur District),Corn / Coarse Grains,26.9,75.8,0.0,22.9,9.1,15.1,18,0.0,NORMAL,ERA5_PUBLIC_DATASET
2023-12-22,Rajasthan (Jaipur District),Corn / Coarse Grains,26.9,75.8,0.0,23.3,9.0,19.1,19,0.0,NORMAL,ERA5_PUBLIC_DATASET
2023-12-23,Rajasthan (Jaipur District),Corn / Coarse Grains,26.9,75.8,0.4,23.3,11.2,23.4,20,0.2,NORMAL,ERA5_PUBLIC_DATASET
2023-12-24,Rajasthan (Jaipur District),Corn / Coarse Grains,26.9,75.8,0.0,22.8,9.7,20.9,21,0.0,NORMAL,ERA5_PUBLIC_DATASET
2023-12-25,Rajasthan (Jaipur District),Corn / Coarse Grains,26.9,75.8,0.0,24.1,9.7,16.6,22,0.0,NORMAL,ERA5_PUBLIC_DATASET
2023-12-26,Rajasthan (Jaipur District),Corn / Coarse Grains,26.9,75.8,0.0,25.1,10.0,22.7,23,0.0,NORMAL,ERA5_PUBLIC_DATASET
2023-12-27,Rajasthan (Jaipur District),Corn / Coarse Grains,26.9,75.8,0.0,24.6,9.6,19.8,24,0.0,NORMAL,ERA5_PUBLIC_DATASET
2023-12-28,Rajasthan (Jaipur District),Corn / Coarse Grains,26.9,75.8,0.0,23.0,10.3,17.6,25,0.0,NORMAL,ERA5_PUBLIC_DATASET
2023-12-29,Rajasthan (Jaipur District),Corn / Coarse Grains,26.9,75.8,0.0,21.7,9.6,22.7,26,0.0,NORMAL,ERA5_PUBLIC_DATASET
2023-12-30,Rajasthan (Jaipur District),Corn / Coarse Grains,26.9,75.8,0.0,21.5,9.1,20.5,27,0.0,NORMAL,ERA5_PUBLIC_DATASET
2023-12-31,Rajasthan (Jaipur District),Corn / Coarse Grains,26.9,75.8,0.0,21.5,9.1,24.1,28,0.0,NORMAL,ERA5_PUBLIC_DATASET
2024-01-01,Rajasthan (Jaipur District),Corn / Coarse Grains,26.9,75.8,0.0,21.0,8.3,18.7,29,0.0,NORMAL,ERA5_PUBLIC_DATASET
2024-01-02,Rajasthan (Jaipur District),Corn / Coarse Grains,26.9,75.8,0.0,19.0,7.4,16.6,30,0.0,NORMAL,ERA5_PUBLIC_DATASET
2024-01-03,Rajasthan (Jaipur District),Corn / Coarse Grains,26.9,75.8,0.0,17.7,7.3,19.8,31,0.0,NORMAL,ERA5_PUBLIC_DATASET
2024-01-04,Rajasthan (Jaipur District),Corn / Coarse Grains,26.9,75.8,0.0,18.1,6.5,17.6,32,0.0,NORMAL,ERA5_PUBLIC_DATASET
2024-01-05,Rajasthan (Jaipur District),Corn / Coarse Grains,26.9,75.8,0.0,17.5,6.4,21.6,33,0.0,NORMAL,ERA5_PUBLIC_DATASET
2024-01-06,Rajasthan (Jaipur District),Corn / Coarse Grains,26.9,75.8,0.0,18.1,6.3,16.6,34,0.0,NORMAL,ERA5_PUBLIC_DATASET
2024-01-07,Rajasthan (Jaipur District),Corn / Coarse Grains,26.9,75.8,0.0,18.2,5.7,17.6,35,0.0,NORMAL,ERA5_PUBLIC_DATASET
2024-01-08,Rajasthan (Jaipur District),Corn / Coarse Grains,26.9,75.8,0.0,19.7,7.2,24.8,36,0.0,NORMAL,ERA5_PUBLIC_DATASET
2024-01-09,Rajasthan (Jaipur District),Corn / Coarse Grains,26.9,75.8,0.0,19.9,9.0,23.0,37,0.0,NORMAL,ERA5_PUBLIC_DATASET
2024-01-10,Rajasthan (Jaipur District),Corn / Coarse Grains,26.9,75.8,0.0,19.4,6.3,18.4,38,0.0,NORMAL,ERA5_PUBLIC_DATASET
2024-01-11,Rajasthan (Jaipur District),Corn / Coarse Grains,26.9,75.8,0.0,20.1,4.1,16.9,39,0.0,NORMAL,ERA5_PUBLIC_DATASET
2024-01-12,Rajasthan (Jaipur District),Corn / Coarse Grains,26.9,75.8,0.0,21.1,6.0,16.2,40,0.0,NORMAL,ERA5_PUBLIC_DATASET
2024-01-13,Rajasthan (Jaipur District),Corn / Coarse Grains,26.9,75.8,0.0,22.2,6.8,16.2,41,0.0,NORMAL,ERA5_PUBLIC_DATASET
2024-01-14,Rajasthan (Jaipur District),Corn / Coarse Grains,26.9,75.8,0.0,22.6,8.6,14.4,42,0.0,NORMAL,ERA5_PUBLIC_DATASET
2024-01-15,Rajasthan (Jaipur District),Corn / Coarse Grains,26.9,75.8,0.0,21.2,8.0,17.3,43,0.0,NORMAL,ERA5_PUBLIC_DATASET
2024-01-16,Rajasthan (Jaipur District),Corn / Coarse Grains,26.9,75.8,0.0,21.0,7.1,19.1,44,0.0,NORMAL,ERA5_PUBLIC_DATASET
2024-01-17,Rajasthan (Jaipur District),Corn / Coarse Grains,26.9,75.8,0.0,20.9,8.7,24.8,45,0.0,NORMAL,ERA5_PUBLIC_DATASET
2024-01-18,Rajasthan (Jaipur District),Corn / Coarse Grains,26.9,75.8,0.0,20.9,7.1,17.3,46,0.0,NORMAL,ERA5_PUBLIC_DATASET
2024-01-19,Rajasthan (Jaipur District),Corn / Coarse Grains,26.9,75.8,0.0,19.9,7.8,22.3,47,0.0,NORMAL,ERA5_PUBLIC_DATASET
2024-01-20,Rajasthan (Jaipur District),Corn / Coarse Grains,26.9,75.8,0.0,19.1,6.0,19.4,48,0.0,NORMAL,ERA5_PUBLIC_DATASET
2024-01-21,Rajasthan (Jaipur District),Corn / Coarse Grains,26.9,75.8,0.0,20.8,7.3,22.7,49,0.0,NORMAL,ERA5_PUBLIC_DATASET
2024-01-22,Rajasthan (Jaipur District),Corn / Coarse Grains,26.9,75.8,0.0,20.5,6.8,21.2,50,0.0,NORMAL,ERA5_PUBLIC_DATASET
2024-01-23,Rajasthan (Jaipur District),Corn / Coarse Grains,26.9,75.8,0.0,21.1,8.3,20.9,51,0.0,NORMAL,ERA5_PUBLIC_DATASET
2024-01-24,Rajasthan (Jaipur District),Corn / Coarse Grains,26.9,75.8,0.0,21.1,7.7,20.9,52,0.0,NORMAL,ERA5_PUBLIC_DATASET
2024-01-25,Rajasthan (Jaipur District),Corn / Coarse Grains,26.9,75.8,0.0,20.3,7.7,22.7,53,0.0,NORMAL,ERA5_PUBLIC_DATASET
2024-01-26,Rajasthan (Jaipur District),Corn / Coarse Grains,26.9,75.8,0.0,21.7,6.6,20.2,54,0.0,NORMAL,ERA5_PUBLIC_DATASET
2024-01-27,Rajasthan (Jaipur District),Corn / Coarse Grains,26.9,75.8,0.0,23.5,8.6,22.7,55,0.0,NORMAL,ERA5_PUBLIC_DATASET
2024-01-28,Rajasthan (Jaipur District),Corn / Coarse Grains,26.9,75.8,0.0,24.0,10.2,28.4,56,0.0,NORMAL,ERA5_PUBLIC_DATASET
2024-01-29,Rajasthan (Jaipur District),Corn / Coarse Grains,26.9,75.8,0.0,24.6,11.1,18.7,57,0.0,NORMAL,ERA5_PUBLIC_DATASET
2024-01-30,Rajasthan (Jaipur District),Corn / Coarse Grains,26.9,75.8,0.0,23.5,10.9,19.4,58,0.0,NORMAL,ERA5_PUBLIC_DATASET
2024-01-31,Rajasthan (Jaipur District),Corn / Coarse Grains,26.9,75.8,0.1,24.2,12.7,31.0,59,0.1,NORMAL,ERA5_PUBLIC_DATASET
2024-02-01,Rajasthan (Jaipur District),Corn / Coarse Grains,26.9,75.8,0.0,25.8,11.9,33.5,60,0.0,NORMAL,ERA5_PUBLIC_DATASET
2024-02-02,Rajasthan (Jaipur District),Corn / Coarse Grains,26.9,75.8,0.1,22.8,12.4,30.2,61,0.1,NORMAL,ERA5_PUBLIC_DATASET
2024-02-03,Rajasthan (Jaipur District),Corn / Coarse Grains,26.9,75.8,0.8,22.9,10.1,25.9,62,0.4,NORMAL,ERA5_PUBLIC_DATASET
2024-02-04,Rajasthan (Jaipur District),Corn / Coarse Grains,26.9,75.8,4.9,24.1,13.9,54.7,0,2.5,NORMAL,ERA5_PUBLIC_DATASET
2024-02-05,Rajasthan (Jaipur District),Corn / Coarse Grains,26.9,75.8,0.1,21.6,12.1,24.8,1,0.1,NORMAL,ERA5_PUBLIC_DATASET
2024-02-06,Rajasthan (Jaipur District),Corn / Coarse Grains,26.9,75.8,0.0,20.7,9.4,22.3,2,0.0,NORMAL,ERA5_PUBLIC_DATASET
2024-02-07,Rajasthan (Jaipur District),Corn / Coarse Grains,26.9,75.8,0.0,21.2,10.8,26.3,3,0.0,NORMAL,ERA5_PUBLIC_DATASET
2024-02-08,Rajasthan (Jaipur District),Corn / Coarse Grains,26.9,75.8,0.0,21.2,9.4,31.7,4,0.0,NORMAL,ERA5_PUBLIC_DATASET
2024-02-09,Rajasthan (Jaipur District),Corn / Coarse Grains,26.9,75.8,0.0,21.3,6.8,18.0,5,0.0,NORMAL,ERA5_PUBLIC_DATASET
2024-02-10,Rajasthan (Jaipur District),Corn / Coarse Grains,26.9,75.8,0.0,21.9,8.3,22.3,6,0.0,NORMAL,ERA5_PUBLIC_DATASET
2024-02-11,Rajasthan (Jaipur District),Corn / Coarse Grains,26.9,75.8,0.0,22.5,8.9,15.8,7,0.0,NORMAL,ERA5_PUBLIC_DATASET
2024-02-12,Rajasthan (Jaipur District),Corn / Coarse Grains,26.9,75.8,0.0,21.8,8.8,19.4,8,0.0,NORMAL,ERA5_PUBLIC_DATASET
2024-02-13,Rajasthan (Jaipur District),Corn / Coarse Grains,26.9,75.8,0.0,23.5,10.2,20.9,9,0.0,NORMAL,ERA5_PUBLIC_DATASET
2024-02-14,Rajasthan (Jaipur District),Corn / Coarse Grains,26.9,75.8,0.1,24.5,13.3,20.2,10,0.1,NORMAL,ERA5_PUBLIC_DATASET
2024-02-15,Rajasthan (Jaipur District),Corn / Coarse Grains,26.9,75.8,0.0,24.9,10.8,16.6,11,0.0,NORMAL,ERA5_PUBLIC_DATASET
2024-02-16,Rajasthan (Jaipur District),Corn / Coarse Grains,26.9,75.8,0.0,25.4,11.1,20.2,12,0.0,NORMAL,ERA5_PUBLIC_DATASET
2024-02-17,Rajasthan (Jaipur District),Corn / Coarse Grains,26.9,75.8,0.0,26.9,11.3,22.7,13,0.0,NORMAL,ERA5_PUBLIC_DATASET
2024-02-18,Rajasthan (Jaipur District),Corn / Coarse Grains,26.9,75.8,0.0,27.9,13.6,32.4,14,0.0,NORMAL,ERA5_PUBLIC_DATASET
2024-02-19,Rajasthan (Jaipur District),Corn / Coarse Grains,26.9,75.8,0.0,30.6,12.9,51.1,15,0.0,NORMAL,ERA5_PUBLIC_DATASET
2024-02-20,Rajasthan (Jaipur District),Corn / Coarse Grains,26.9,75.8,0.0,27.6,18.4,40.0,16,0.0,NORMAL,ERA5_PUBLIC_DATASET
2024-02-21,Rajasthan (Jaipur District),Corn / Coarse Grains,26.9,75.8,0.0,26.1,13.6,21.2,17,0.0,NORMAL,ERA5_PUBLIC_DATASET
2024-02-22,Rajasthan (Jaipur District),Corn / Coarse Grains,26.9,75.8,0.0,23.9,13.9,24.8,18,0.0,NORMAL,ERA5_PUBLIC_DATASET
2024-02-23,Rajasthan (Jaipur District),Corn / Coarse Grains,26.9,75.8,0.0,24.3,11.9,30.6,19,0.0,NORMAL,ERA5_PUBLIC_DATASET
2024-02-24,Rajasthan (Jaipur District),Corn / Coarse Grains,26.9,75.8,0.5,22.4,12.2,47.9,20,0.2,NORMAL,ERA5_PUBLIC_DATASET
2024-02-25,Rajasthan (Jaipur District),Corn / Coarse Grains,26.9,75.8,0.0,24.7,12.0,42.5,21,0.0,NORMAL,ERA5_PUBLIC_DATASET
2024-02-26,Rajasthan (Jaipur District),Corn / Coarse Grains,26.9,75.8,0.0,23.1,14.3,33.8,22,0.0,NORMAL,ERA5_PUBLIC_DATASET
2024-02-27,Rajasthan (Jaipur District),Corn / Coarse Grains,26.9,75.8,0.0,25.0,12.9,33.8,23,0.0,NORMAL,ERA5_PUBLIC_DATASET
2024-02-28,Rajasthan (Jaipur District),Corn / Coarse Grains,26.9,75.8,0.0,25.7,12.7,23.0,24,0.0,NORMAL,ERA5_PUBLIC_DATASET
2024-02-29,Rajasthan (Jaipur District),Corn / Coarse Grains,26.9,75.8,0.0,27.4,12.3,22.7,25,0.0,NORMAL,ERA5_PUBLIC_DATASET
2024-03-01,Rajasthan (Jaipur District),Corn / Coarse Grains,26.9,75.8,4.2,30.5,15.2,48.2,0,2.1,NORMAL,ERA5_PUBLIC_DATASET
2024-03-02,Rajasthan (Jaipur District),Corn / Coarse Grains,26.9,75.8,1.9,25.0,15.7,38.2,0,0.9,NORMAL,ERA5_PUBLIC_DATASET
2024-03-03,Rajasthan (Jaipur District),Corn / Coarse Grains,26.9,75.8,0.0,23.9,13.5,24.5,1,0.0,NORMAL,ERA5_PUBLIC_DATASET
2024-03-04,Rajasthan (Jaipur District),Corn / Coarse Grains,26.9,75.8,0.0,22.6,10.7,22.3,2,0.0,NORMAL,ERA5_PUBLIC_DATASET
2024-03-05,Rajasthan (Jaipur District),Corn / Coarse Grains,26.9,75.8,0.0,23.3,10.5,25.6,3,0.0,NORMAL,ERA5_PUBLIC_DATASET
2024-03-06,Rajasthan (Jaipur District),Corn / Coarse Grains,26.9,75.8,0.4,24.6,11.5,23.0,4,0.2,NORMAL,ERA5_PUBLIC_DATASET
2024-03-07,Rajasthan (Jaipur District),Corn / Coarse Grains,26.9,75.8,0.0,27.2,10.8,30.2,5,0.0,NORMAL,ERA5_PUBLIC_DATASET
2024-03-08,Rajasthan (Jaipur District),Corn / Coarse Grains,26.9,75.8,0.0,26.6,12.8,33.8,6,0.0,NORMAL,ERA5_PUBLIC_DATASET
2024-03-09,Rajasthan (Jaipur District),Corn / Coarse Grains,26.9,75.8,0.0,27.7,14.1,33.1,7,0.0,NORMAL,ERA5_PUBLIC_DATASET
2024-03-10,Rajasthan (Jaipur District),Corn / Coarse Grains,26.9,75.8,0.0,28.7,13.1,22.3,8,0.0,NORMAL,ERA5_PUBLIC_DATASET
2024-03-11,Rajasthan (Jaipur District),Corn / Coarse Grains,26.9,75.8,0.0,30.4,15.3,29.2,9,0.0,NORMAL,ERA5_PUBLIC_DATASET
2024-03-12,Rajasthan (Jaipur District),Corn / Coarse Grains,26.9,75.8,0.0,31.5,16.3,25.9,10,0.0,NORMAL,ERA5_PUBLIC_DATASET
2024-03-13,Rajasthan (Jaipur District),Corn / Coarse Grains,26.9,75.8,0.0,31.2,15.5,52.2,11,0.0,NORMAL,ERA5_PUBLIC_DATASET
2024-03-14,Rajasthan (Jaipur District),Corn / Coarse Grains,26.9,75.8,0.0,29.9,15.7,27.0,12,0.0,NORMAL,ERA5_PUBLIC_DATASET
2024-03-15,Rajasthan (Jaipur District),Corn / Coarse Grains,26.9,75.8,0.0,29.4,17.2,31.3,13,0.0,NORMAL,ERA5_PUBLIC_DATASET
2024-03-16,Rajasthan (Jaipur District),Corn / Coarse Grains,26.9,75.8,0.0,28.1,15.2,26.6,14,0.0,NORMAL,ERA5_PUBLIC_DATASET
2024-03-17,Rajasthan (Jaipur District),Corn / Coarse Grains,26.9,75.8,0.0,29.5,16.0,22.7,15,0.0,NORMAL,ERA5_PUBLIC_DATASET
2024-03-18,Rajasthan (Jaipur District),Corn / Coarse Grains,26.9,75.8,0.0,30.6,15.2,26.6,16,0.0,NORMAL,ERA5_PUBLIC_DATASET
2024-03-19,Rajasthan (Jaipur District),Corn / Coarse Grains,26.9,75.8,0.1,32.2,16.1,55.4,17,0.1,NORMAL,ERA5_PUBLIC_DATASET
2024-03-20,Rajasthan (Jaipur District),Corn / Coarse Grains,26.9,75.8,0.0,31.3,17.6,22.0,18,0.0,NORMAL,ERA5_PUBLIC_DATASET
2024-03-21,Rajasthan (Jaipur District),Corn / Coarse Grains,26.9,75.8,0.0,31.4,17.7,29.9,19,0.0,NORMAL,ERA5_PUBLIC_DATASET
2024-03-22,Rajasthan (Jaipur District),Corn / Coarse Grains,26.9,75.8,0.0,35.4,17.3,29.2,20,0.0,NORMAL,ERA5_PUBLIC_DATASET
2024-03-23,Rajasthan (Jaipur District),Corn / Coarse Grains,26.9,75.8,0.0,36.2,19.5,27.0,21,0.0,NORMAL,ERA5_PUBLIC_DATASET
2024-03-24,Rajasthan (Jaipur District),Corn / Coarse Grains,26.9,75.8,0.0,35.1,20.3,39.2,22,0.0,NORMAL,ERA5_PUBLIC_DATASET
2024-03-25,Rajasthan (Jaipur District),Corn / Coarse Grains,26.9,75.8,0.0,35.1,19.2,30.6,23,0.0,NORMAL,ERA5_PUBLIC_DATASET
2024-03-26,Rajasthan (Jaipur District),Corn / Coarse Grains,26.9,75.8,0.0,36.8,21.4,32.0,24,0.0,NORMAL,ERA5_PUBLIC_DATASET
2024-03-27,Rajasthan (Jaipur District),Corn / Coarse Grains,26.9,75.8,0.0,37.2,22.0,26.6,25,0.0,NORMAL,ERA5_PUBLIC_DATASET
2024-03-28,Rajasthan (Jaipur District),Corn / Coarse Grains,26.9,75.8,0.0,38.4,22.8,31.0,26,71.2,DROUGHT,ERA5_PUBLIC_DATASET
2024-03-29,Rajasthan (Jaipur District),Corn / Coarse Grains,26.9,75.8,0.0,37.9,23.2,32.0,27,0.0,NORMAL,ERA5_PUBLIC_DATASET
2024-03-30,Rajasthan (Jaipur District),Corn / Coarse Grains,26.9,75.8,0.0,36.1,23.0,39.6,28,0.0,NORMAL,ERA5_PUBLIC_DATASET
2024-03-31,Rajasthan (Jaipur District),Corn / Coarse Grains,26.9,75.8,0.0,34.8,21.8,38.9,29,0.0,NORMAL,ERA5_PUBLIC_DATASET
2024-04-01,Rajasthan (Jaipur District),Corn / Coarse Grains,26.9,75.8,0.0,33.7,20.4,41.8,30,0.0,NORMAL,ERA5_PUBLIC_DATASET
2024-04-02,Rajasthan (Jaipur District),Corn / Coarse Grains,26.9,75.8,0.0,34.6,18.5,31.7,31,0.0,NORMAL,ERA5_PUBLIC_DATASET
2024-04-03,Rajasthan (Jaipur District),Corn / Coarse Grains,26.9,75.8,0.0,35.6,20.2,27.0,32,0.0,NORMAL,ERA5_PUBLIC_DATASET
2024-04-04,Rajasthan (Jaipur District),Corn / Coarse Grains,26.9,75.8,0.0,35.2,22.3,36.0,33,0.0,NORMAL,ERA5_PUBLIC_DATASET
2024-04-05,Rajasthan (Jaipur District),Corn / Coarse Grains,26.9,75.8,0.0,33.9,23.8,29.2,34,0.0,NORMAL,ERA5_PUBLIC_DATASET
2024-04-06,Rajasthan (Jaipur District),Corn / Coarse Grains,26.9,75.8,0.5,34.3,22.3,35.6,35,0.2,NORMAL,ERA5_PUBLIC_DATASET
2024-04-07,Rajasthan (Jaipur District),Corn / Coarse Grains,26.9,75.8,0.0,36.1,22.0,33.1,36,0.0,NORMAL,ERA5_PUBLIC_DATASET
2024-04-08,Rajasthan (Jaipur District),Corn / Coarse Grains,26.9,75.8,0.0,37.4,20.2,30.2,37,0.0,NORMAL,ERA5_PUBLIC_DATASET
2024-04-09,Rajasthan (Jaipur District),Corn / Coarse Grains,26.9,75.8,0.0,37.7,22.9,29.9,38,0.0,NORMAL,ERA5_PUBLIC_DATASET
2024-04-10,Rajasthan (Jaipur District),Corn / Coarse Grains,26.9,75.8,0.1,36.0,23.5,53.3,39,0.1,NORMAL,ERA5_PUBLIC_DATASET
2024-04-11,Rajasthan (Jaipur District),Corn / Coarse Grains,26.9,75.8,0.0,36.9,20.8,34.2,40,0.0,NORMAL,ERA5_PUBLIC_DATASET
2024-04-12,Rajasthan (Jaipur District),Corn / Coarse Grains,26.9,75.8,0.0,36.7,23.1,31.3,41,0.0,NORMAL,ERA5_PUBLIC_DATASET
2024-04-13,Rajasthan (Jaipur District),Corn / Coarse Grains,26.9,75.8,0.0,36.3,21.9,39.6,42,0.0,NORMAL,ERA5_PUBLIC_DATASET
2024-04-14,Rajasthan (Jaipur District),Corn / Coarse Grains,26.9,75.8,0.8,35.5,23.2,33.8,43,0.4,NORMAL,ERA5_PUBLIC_DATASET
2024-04-15,Rajasthan (Jaipur District),Corn / Coarse Grains,26.9,75.8,0.0,35.2,24.3,41.0,44,0.0,NORMAL,ERA5_PUBLIC_DATASET
2024-04-16,Rajasthan (Jaipur District),Corn / Coarse Grains,26.9,75.8,0.0,36.1,24.2,31.7,45,0.0,NORMAL,ERA5_PUBLIC_DATASET
2024-04-17,Rajasthan (Jaipur District),Corn / Coarse Grains,26.9,75.8,0.0,36.9,23.3,46.8,46,0.0,NORMAL,ERA5_PUBLIC_DATASET
2024-04-18,Rajasthan (Jaipur District),Corn / Coarse Grains,26.9,75.8,0.5,38.9,23.3,57.2,47,72.7,DROUGHT,ERA5_PUBLIC_DATASET
2024-04-19,Rajasthan (Jaipur District),Corn / Coarse Grains,26.9,75.8,0.0,37.8,25.1,53.3,48,0.0,NORMAL,ERA5_PUBLIC_DATASET
2024-04-20,Rajasthan (Jaipur District),Corn / Coarse Grains,26.9,75.8,0.0,35.7,23.2,35.6,49,0.0,NORMAL,ERA5_PUBLIC_DATASET
2024-04-21,Rajasthan (Jaipur District),Corn / Coarse Grains,26.9,75.8,0.0,35.4,23.3,27.4,50,0.0,NORMAL,ERA5_PUBLIC_DATASET
2024-04-22,Rajasthan (Jaipur District),Corn / Coarse Grains,26.9,75.8,0.0,36.6,23.4,30.2,51,0.0,NORMAL,ERA5_PUBLIC_DATASET
2024-04-23,Rajasthan (Jaipur District),Corn / Coarse Grains,26.9,75.8,0.0,37.5,24.1,35.6,52,0.0,NORMAL,ERA5_PUBLIC_DATASET
2024-04-24,Rajasthan (Jaipur District),Corn / Coarse Grains,26.9,75.8,0.0,38.2,22.7,35.3,53,70.6,DROUGHT,ERA5_PUBLIC_DATASET
2024-04-25,Rajasthan (Jaipur District),Corn / Coarse Grains,26.9,75.8,0.0,38.8,24.1,21.6,54,72.4,DROUGHT,ERA5_PUBLIC_DATASET
2024-04-26,Rajasthan (Jaipur District),Corn / Coarse Grains,26.9,75.8,0.0,37.8,23.9,48.6,55,0.0,NORMAL,ERA5_PUBLIC_DATASET
2024-04-27,Rajasthan (Jaipur District),Corn / Coarse Grains,26.9,75.8,0.0,36.8,25.7,43.9,56,0.0,NORMAL,ERA5_PUBLIC_DATASET
2024-04-28,Rajasthan (Jaipur District),Corn / Coarse Grains,26.9,75.8,0.0,37.9,23.3,30.6,57,0.0,NORMAL,ERA5_PUBLIC_DATASET
2024-04-29,Rajasthan (Jaipur District),Corn / Coarse Grains,26.9,75.8,0.0,37.7,22.8,45.4,58,0.0,NORMAL,ERA5_PUBLIC_DATASET
2024-04-30,Rajasthan (Jaipur District),Corn / Coarse Grains,26.9,75.8,0.0,35.8,23.1,38.5,59,0.0,NORMAL,ERA5_PUBLIC_DATASET
2024-05-01,Rajasthan (Jaipur District),Corn / Coarse Grains,26.9,75.8,0.0,34.0,22.4,38.9,60,0.0,NORMAL,ERA5_PUBLIC_DATASET
2024-05-02,Rajasthan (Jaipur District),Corn / Coarse Grains,26.9,75.8,0.0,35.2,20.1,25.6,61,0.0,NORMAL,ERA5_PUBLIC_DATASET
2024-05-03,Rajasthan (Jaipur District),Corn / Coarse Grains,26.9,75.8,0.0,38.1,22.2,25.2,62,70.3,DROUGHT,ERA5_PUBLIC_DATASET
2024-05-04,Rajasthan (Jaipur District),Corn / Coarse Grains,26.9,75.8,0.0,39.2,26.5,39.2,63,73.6,DROUGHT,ERA5_PUBLIC_DATASET
2024-05-05,Rajasthan (Jaipur District),Corn / Coarse Grains,26.9,75.8,0.0,39.6,27.1,36.0,64,74.8,DROUGHT,ERA5_PUBLIC_DATASET
2024-05-06,Rajasthan (Jaipur District),Corn / Coarse Grains,26.9,75.8,0.0,40.8,25.1,29.2,65,78.4,DROUGHT,ERA5_PUBLIC_DATASET
2024-05-07,Rajasthan (Jaipur District),Corn / Coarse Grains,26.9,75.8,0.0,42.1,27.3,32.0,66,82.3,DROUGHT,ERA5_PUBLIC_DATASET
2024-05-08,Rajasthan (Jaipur District),Corn / Coarse Grains,26.9,75.8,0.0,42.6,26.8,44.3,67,83.8,DROUGHT,ERA5_PUBLIC_DATASET
2024-05-09,Rajasthan (Jaipur District),Corn / Coarse Grains,26.9,75.8,0.0,42.7,26.5,40.0,68,84.1,DROUGHT,ERA5_PUBLIC_DATASET
2024-05-10,Rajasthan (Jaipur District),Corn / Coarse Grains,26.9,75.8,0.0,42.4,26.0,54.4,69,83.2,DROUGHT,ERA5_PUBLIC_DATASET
2024-05-11,Rajasthan (Jaipur District),Corn / Coarse Grains,26.9,75.8,0.0,39.4,28.3,38.2,70,74.2,DROUGHT,ERA5_PUBLIC_DATASET
2024-05-12,Rajasthan (Jaipur District),Corn / Coarse Grains,26.9,75.8,0.0,40.6,27.0,40.3,71,77.8,DROUGHT,ERA5_PUBLIC_DATASET
2024-05-13,Rajasthan (Jaipur District),Corn / Coarse Grains,26.9,75.8,0.7,38.6,27.5,47.5,72,71.8,DROUGHT,ERA5_PUBLIC_DATASET
2024-05-14,Rajasthan (Jaipur District),Corn / Coarse Grains,26.9,75.8,0.0,41.3,25.7,31.7,73,79.9,DROUGHT,ERA5_PUBLIC_DATASET
2024-05-15,Rajasthan (Jaipur District),Corn / Coarse Grains,26.9,75.8,0.0,42.6,26.4,41.8,74,83.8,DROUGHT,ERA5_PUBLIC_DATASET
2024-05-16,Rajasthan (Jaipur District),Corn / Coarse Grains,26.9,75.8,0.0,43.7,27.6,32.8,75,87.1,DROUGHT,ERA5_PUBLIC_DATASET
2024-05-17,Rajasthan (Jaipur District),Corn / Coarse Grains,26.9,75.8,0.0,43.8,28.0,27.4,76,87.4,DROUGHT,ERA5_PUBLIC_DATASET
2024-05-18,Rajasthan (Jaipur District),Corn / Coarse Grains,26.9,75.8,0.0,44.5,30.0,42.1,77,89.5,DROUGHT,ERA5_PUBLIC_DATASET
2024-05-19,Rajasthan (Jaipur District),Corn / Coarse Grains,26.9,75.8,0.0,44.4,29.1,32.4,78,89.2,DROUGHT,ERA5_PUBLIC_DATASET
2024-05-20,Rajasthan (Jaipur District),Corn / Coarse Grains,26.9,75.8,0.0,43.4,31.5,46.1,79,86.2,DROUGHT,ERA5_PUBLIC_DATASET
2024-05-21,Rajasthan (Jaipur District),Corn / Coarse Grains,26.9,75.8,0.0,44.2,31.8,45.0,80,88.6,DROUGHT,ERA5_PUBLIC_DATASET
2024-05-22,Rajasthan (Jaipur District),Corn / Coarse Grains,26.9,75.8,0.0,43.9,30.6,27.4,81,87.7,DROUGHT,ERA5_PUBLIC_DATASET
2024-05-23,Rajasthan (Jaipur District),Corn / Coarse Grains,26.9,75.8,0.0,44.8,30.4,39.2,82,90.4,DROUGHT,ERA5_PUBLIC_DATASET
2024-05-24,Rajasthan (Jaipur District),Corn / Coarse Grains,26.9,75.8,0.0,42.3,30.2,35.6,83,82.9,DROUGHT,ERA5_PUBLIC_DATASET
2024-05-25,Rajasthan (Jaipur District),Corn / Coarse Grains,26.9,75.8,0.0,44.9,29.8,45.7,84,90.7,DROUGHT,ERA5_PUBLIC_DATASET
2024-05-26,Rajasthan (Jaipur District),Corn / Coarse Grains,26.9,75.8,0.0,46.0,30.7,53.6,85,94.0,DROUGHT,ERA5_PUBLIC_DATASET
2024-05-27,Rajasthan (Jaipur District),Corn / Coarse Grains,26.9,75.8,0.0,46.6,31.4,39.2,86,95.8,DROUGHT,ERA5_PUBLIC_DATASET
2024-05-28,Rajasthan (Jaipur District),Corn / Coarse Grains,26.9,75.8,0.0,45.5,30.6,48.6,87,92.5,DROUGHT,ERA5_PUBLIC_DATASET
2024-05-29,Rajasthan (Jaipur District),Corn / Coarse Grains,26.9,75.8,0.0,46.0,32.5,47.9,88,94.0,DROUGHT,ERA5_PUBLIC_DATASET
2024-05-30,Rajasthan (Jaipur District),Corn / Coarse Grains,26.9,75.8,0.0,44.9,31.0,40.0,89,90.7,DROUGHT,ERA5_PUBLIC_DATASET
2024-05-31,Rajasthan (Jaipur District),Corn / Coarse Grains,26.9,75.8,0.0,44.9,31.7,45.7,90,90.7,DROUGHT,ERA5_PUBLIC_DATASET
2024-06-01,Rajasthan (Jaipur District),Corn / Coarse Grains,26.9,75.8,0.0,42.2,31.8,47.9,91,82.6,DROUGHT,ERA5_PUBLIC_DATASET
2024-06-02,Rajasthan (Jaipur District),Corn / Coarse Grains,26.9,75.8,0.0,41.5,29.0,54.7,92,80.5,DROUGHT,ERA5_PUBLIC_DATASET
2024-06-03,Rajasthan (Jaipur District),Corn / Coarse Grains,26.9,75.8,0.0,42.4,30.1,37.4,93,83.2,DROUGHT,ERA5_PUBLIC_DATASET
2024-06-04,Rajasthan (Jaipur District),Corn / Coarse Grains,26.9,75.8,0.0,42.9,31.5,41.0,94,84.7,DROUGHT,ERA5_PUBLIC_DATASET
2024-06-05,Rajasthan (Jaipur District),Corn / Coarse Grains,26.9,75.8,0.0,41.8,31.2,45.7,95,81.4,DROUGHT,ERA5_PUBLIC_DATASET
2024-06-06,Rajasthan (Jaipur District),Corn / Coarse Grains,26.9,75.8,0.0,41.6,30.0,36.0,96,80.8,DROUGHT,ERA5_PUBLIC_DATASET
2024-06-07,Rajasthan (Jaipur District),Corn / Coarse Grains,26.9,75.8,0.0,41.9,30.3,49.0,97,81.7,DROUGHT,ERA5_PUBLIC_DATASET
2024-06-08,Rajasthan (Jaipur District),Corn / Coarse Grains,26.9,75.8,0.0,40.2,28.4,44.3,98,76.6,DROUGHT,ERA5_PUBLIC_DATASET
2024-06-09,Rajasthan (Jaipur District),Corn / Coarse Grains,26.9,75.8,0.0,42.1,28.5,36.4,99,82.3,DROUGHT,ERA5_PUBLIC_DATASET
2024-06-10,Rajasthan (Jaipur District),Corn / Coarse Grains,26.9,75.8,0.0,42.7,29.9,35.6,100,84.1,DROUGHT,ERA5_PUBLIC_DATASET
2024-06-11,Rajasthan (Jaipur District),Corn / Coarse Grains,26.9,75.8,0.0,42.0,30.5,38.9,101,82.0,DROUGHT,ERA5_PUBLIC_DATASET
2024-06-12,Rajasthan (Jaipur District),Corn / Coarse Grains,26.9,75.8,0.0,42.2,30.7,41.0,102,82.6,DROUGHT,ERA5_PUBLIC_DATASET
2024-06-13,Rajasthan (Jaipur District),Corn / Coarse Grains,26.9,75.8,1.1,40.6,31.8,61.9,0,62.8,EXTREME_WIND,ERA5_PUBLIC_DATASET
2024-06-14,Rajasthan (Jaipur District),Corn / Coarse Grains,26.9,75.8,0.0,39.7,30.7,44.6,1,0.0,NORMAL,ERA5_PUBLIC_DATASET
2024-06-15,Rajasthan (Jaipur District),Corn / Coarse Grains,26.9,75.8,0.0,42.1,30.4,43.2,2,0.0,HEATWAVE,ERA5_PUBLIC_DATASET
2024-06-16,Rajasthan (Jaipur District),Corn / Coarse Grains,26.9,75.8,0.0,41.9,31.5,40.7,3,0.0,NORMAL,ERA5_PUBLIC_DATASET
2024-06-17,Rajasthan (Jaipur District),Corn / Coarse Grains,26.9,75.8,0.0,42.6,32.5,43.2,4,0.0,HEATWAVE,ERA5_PUBLIC_DATASET
2024-06-18,Rajasthan (Jaipur District),Corn / Coarse Grains,26.9,75.8,0.0,42.0,33.0,48.2,5,0.0,HEATWAVE,ERA5_PUBLIC_DATASET
2024-06-19,Rajasthan (Jaipur District),Corn / Coarse Grains,26.9,75.8,0.0,41.0,32.0,44.6,6,0.0,NORMAL,ERA5_PUBLIC_DATASET
2024-06-20,Rajasthan (Jaipur District),Corn / Coarse Grains,26.9,75.8,1.1,38.8,28.8,55.1,0,0.6,NORMAL,ERA5_PUBLIC_DATASET
2024-06-21,Rajasthan (Jaipur District),Corn / Coarse Grains,26.9,75.8,13.0,36.7,25.2,32.8,0,6.5,NORMAL,ERA5_PUBLIC_DATASET
2024-06-22,Rajasthan (Jaipur District),Corn / Coarse Grains,26.9,75.8,0.0,37.4,27.0,29.2,1,0.0,NORMAL,ERA5_PUBLIC_DATASET
2024-06-23,Rajasthan (Jaipur District),Corn / Coarse Grains,26.9,75.8,0.0,37.9,28.3,24.8,2,0.0,NORMAL,ERA5_PUBLIC_DATASET
2024-06-24,Rajasthan (Jaipur District),Corn / Coarse Grains,26.9,75.8,1.0,37.2,29.2,31.3,0,0.5,NORMAL,ERA5_PUBLIC_DATASET
2024-06-25,Rajasthan (Jaipur District),Corn / Coarse Grains,26.9,75.8,7.2,35.9,27.5,34.9,0,3.6,NORMAL,ERA5_PUBLIC_DATASET
2024-06-26,Rajasthan (Jaipur District),Corn / Coarse Grains,26.9,75.8,3.3,36.4,27.5,32.8,0,1.6,NORMAL,ERA5_PUBLIC_DATASET
2024-06-27,Rajasthan (Jaipur District),Corn / Coarse Grains,26.9,75.8,24.6,33.4,26.2,37.8,0,12.3,NORMAL,ERA5_PUBLIC_DATASET
2024-06-28,Rajasthan (Jaipur District),Corn / Coarse Grains,26.9,75.8,8.6,33.1,25.4,31.3,0,4.3,NORMAL,ERA5_PUBLIC_DATASET
2024-06-29,Rajasthan (Jaipur District),Corn / Coarse Grains,26.9,75.8,32.1,31.2,26.2,21.6,0,15.0,NORMAL,ERA5_PUBLIC_DATASET
2024-06-30,Rajasthan (Jaipur District),Corn / Coarse Grains,26.9,75.8,1.6,33.4,25.6,38.2,0,0.8,NORMAL,ERA5_PUBLIC_DATASET
2024-07-01,Rajasthan (Jaipur District),Corn / Coarse Grains,26.9,75.8,0.2,34.4,25.6,33.5,1,0.1,NORMAL,ERA5_PUBLIC_DATASET
2024-07-02,Rajasthan (Jaipur District),Corn / Coarse Grains,26.9,75.8,0.2,34.4,26.1,33.8,2,0.1,NORMAL,ERA5_PUBLIC_DATASET
2024-07-03,Rajasthan (Jaipur District),Corn / Coarse Grains,26.9,75.8,2.1,35.8,27.3,33.8,0,1.1,NORMAL,ERA5_PUBLIC_DATASET
2024-07-04,Rajasthan (Jaipur District),Corn / Coarse Grains,26.9,75.8,30.8,30.7,25.5,29.2,0,15.0,NORMAL,ERA5_PUBLIC_DATASET
2024-07-05,Rajasthan (Jaipur District),Corn / Coarse Grains,26.9,75.8,18.2,32.8,24.7,41.4,0,9.1,NORMAL,ERA5_PUBLIC_DATASET
2024-07-06,Rajasthan (Jaipur District),Corn / Coarse Grains,26.9,75.8,5.1,32.8,24.5,30.2,0,2.5,NORMAL,ERA5_PUBLIC_DATASET
2024-07-07,Rajasthan (Jaipur District),Corn / Coarse Grains,26.9,75.8,3.2,33.9,25.4,26.6,0,1.6,NORMAL,ERA5_PUBLIC_DATASET
2024-07-08,Rajasthan (Jaipur District),Corn / Coarse Grains,26.9,75.8,6.0,31.8,23.9,23.4,0,3.0,NORMAL,ERA5_PUBLIC_DATASET
2024-07-09,Rajasthan (Jaipur District),Corn / Coarse Grains,26.9,75.8,1.0,33.8,25.6,20.9,0,0.5,NORMAL,ERA5_PUBLIC_DATASET
2024-07-10,Rajasthan (Jaipur District),Corn / Coarse Grains,26.9,75.8,10.8,33.4,25.6,23.8,0,5.4,NORMAL,ERA5_PUBLIC_DATASET
2024-07-11,Rajasthan (Jaipur District),Corn / Coarse Grains,26.9,75.8,3.1,35.6,26.7,40.0,0,1.6,NORMAL,ERA5_PUBLIC_DATASET
2024-07-12,Rajasthan (Jaipur District),Corn / Coarse Grains,26.9,75.8,7.4,33.6,25.6,36.4,0,3.7,NORMAL,ERA5_PUBLIC_DATASET
2024-07-13,Rajasthan (Jaipur District),Corn / Coarse Grains,26.9,75.8,0.9,33.8,24.9,30.6,1,0.5,NORMAL,ERA5_PUBLIC_DATASET
2024-07-14,Rajasthan (Jaipur District),Corn / Coarse Grains,26.9,75.8,1.4,34.0,25.6,30.6,0,0.7,NORMAL,ERA5_PUBLIC_DATASET
2024-07-15,Rajasthan (Jaipur District),Corn / Coarse Grains,26.9,75.8,1.0,33.4,27.1,27.7,0,0.5,NORMAL,ERA5_PUBLIC_DATASET
2024-07-16,Rajasthan (Jaipur District),Corn / Coarse Grains,26.9,75.8,0.8,33.7,26.8,34.2,1,0.4,NORMAL,ERA5_PUBLIC_DATASET
2024-07-17,Rajasthan (Jaipur District),Corn / Coarse Grains,26.9,75.8,1.4,34.4,27.4,30.2,0,0.7,NORMAL,ERA5_PUBLIC_DATASET
2024-07-18,Rajasthan (Jaipur District),Corn / Coarse Grains,26.9,75.8,2.7,33.7,26.5,21.2,0,1.4,NORMAL,ERA5_PUBLIC_DATASET
2024-07-19,Rajasthan (Jaipur District),Corn / Coarse Grains,26.9,75.8,0.2,34.6,26.4,28.8,1,0.1,NORMAL,ERA5_PUBLIC_DATASET
2024-07-20,Rajasthan (Jaipur District),Corn / Coarse Grains,26.9,75.8,0.4,34.9,25.6,24.8,2,0.2,NORMAL,ERA5_PUBLIC_DATASET
2024-07-21,Rajasthan (Jaipur District),Corn / Coarse Grains,26.9,75.8,0.1,35.2,26.7,23.4,3,0.1,NORMAL,ERA5_PUBLIC_DATASET
2024-07-22,Rajasthan (Jaipur District),Corn / Coarse Grains,26.9,75.8,9.0,34.3,26.3,20.2,0,4.5,NORMAL,ERA5_PUBLIC_DATASET
2024-07-23,Rajasthan (Jaipur District),Corn / Coarse Grains,26.9,75.8,1.7,34.1,26.1,35.3,0,0.8,NORMAL,ERA5_PUBLIC_DATASET
2024-07-24,Rajasthan (Jaipur District),Corn / Coarse Grains,26.9,75.8,17.6,33.8,25.8,36.4,0,8.8,NORMAL,ERA5_PUBLIC_DATASET
2024-07-25,Rajasthan (Jaipur District),Corn / Coarse Grains,26.9,75.8,20.8,32.6,25.4,30.2,0,10.4,NORMAL,ERA5_PUBLIC_DATASET
2024-07-26,Rajasthan (Jaipur District),Corn / Coarse Grains,26.9,75.8,14.8,31.9,25.6,28.8,0,7.4,NORMAL,ERA5_PUBLIC_DATASET
2024-07-27,Rajasthan (Jaipur District),Corn / Coarse Grains,26.9,75.8,10.6,32.9,26.4,28.1,0,5.3,NORMAL,ERA5_PUBLIC_DATASET
2024-07-28,Rajasthan (Jaipur District),Corn / Coarse Grains,26.9,75.8,5.1,32.9,25.8,31.7,0,2.5,NORMAL,ERA5_PUBLIC_DATASET
2024-07-29,Rajasthan (Jaipur District),Corn / Coarse Grains,26.9,75.8,0.5,33.6,26.6,37.1,1,0.2,NORMAL,ERA5_PUBLIC_DATASET
2024-07-30,Rajasthan (Jaipur District),Corn / Coarse Grains,26.9,75.8,2.6,33.2,27.3,31.3,0,1.3,NORMAL,ERA5_PUBLIC_DATASET
2024-07-31,Rajasthan (Jaipur District),Corn / Coarse Grains,26.9,75.8,3.4,32.3,26.5,29.5,0,1.7,NORMAL,ERA5_PUBLIC_DATASET
2024-08-01,Rajasthan (Jaipur District),Corn / Coarse Grains,26.9,75.8,28.0,27.9,25.0,28.4,0,14.0,NORMAL,ERA5_PUBLIC_DATASET
2024-08-02,Rajasthan (Jaipur District),Corn / Coarse Grains,26.9,75.8,8.0,30.3,24.6,23.8,0,4.0,NORMAL,ERA5_PUBLIC_DATASET
2024-08-03,Rajasthan (Jaipur District),Corn / Coarse Grains,26.9,75.8,0.9,31.0,24.8,27.7,1,0.5,NORMAL,ERA5_PUBLIC_DATASET
2024-08-04,Rajasthan (Jaipur District),Corn / Coarse Grains,26.9,75.8,3.8,31.4,24.9,37.8,0,1.9,NORMAL,ERA5_PUBLIC_DATASET
2024-08-05,Rajasthan (Jaipur District),Corn / Coarse Grains,26.9,75.8,11.2,29.8,24.2,50.4,0,5.6,NORMAL,ERA5_PUBLIC_DATASET
2024-08-06,Rajasthan (Jaipur District),Corn / Coarse Grains,26.9,75.8,1.0,28.1,24.4,43.6,0,0.5,NORMAL,ERA5_PUBLIC_DATASET
2024-08-07,Rajasthan (Jaipur District),Corn / Coarse Grains,26.9,75.8,1.6,29.3,24.6,36.4,0,0.8,NORMAL,ERA5_PUBLIC_DATASET
2024-08-08,Rajasthan (Jaipur District),Corn / Coarse Grains,26.9,75.8,12.5,28.2,24.3,36.4,0,6.2,NORMAL,ERA5_PUBLIC_DATASET
2024-08-09,Rajasthan (Jaipur District),Corn / Coarse Grains,26.9,75.8,4.3,29.4,23.9,28.1,0,2.1,NORMAL,ERA5_PUBLIC_DATASET
2024-08-10,Rajasthan (Jaipur District),Corn / Coarse Grains,26.9,75.8,15.8,30.7,23.8,31.7,0,7.9,NORMAL,ERA5_PUBLIC_DATASET
2024-08-11,Rajasthan (Jaipur District),Corn / Coarse Grains,26.9,75.8,18.3,29.0,23.9,29.5,0,9.2,NORMAL,ERA5_PUBLIC_DATASET
2024-08-12,Rajasthan (Jaipur District),Corn / Coarse Grains,26.9,75.8,30.7,29.9,23.7,28.4,0,15.0,NORMAL,ERA5_PUBLIC_DATASET
2024-08-13,Rajasthan (Jaipur District),Corn / Coarse Grains,26.9,75.8,20.3,30.6,24.0,32.4,0,10.2,NORMAL,ERA5_PUBLIC_DATASET
2024-08-14,Rajasthan (Jaipur District),Corn / Coarse Grains,26.9,75.8,25.4,30.5,24.4,33.8,0,12.7,NORMAL,ERA5_PUBLIC_DATASET
2024-08-15,Rajasthan (Jaipur District),Corn / Coarse Grains,26.9,75.8,38.2,29.4,24.7,29.9,0,15.0,NORMAL,ERA5_PUBLIC_DATASET
2024-08-16,Rajasthan (Jaipur District),Corn / Coarse Grains,26.9,75.8,25.7,28.7,24.5,27.7,0,12.8,NORMAL,ERA5_PUBLIC_DATASET
2024-08-17,Rajasthan (Jaipur District),Corn / Coarse Grains,26.9,75.8,0.4,31.0,24.0,24.5,1,0.2,NORMAL,ERA5_PUBLIC_DATASET
2024-08-18,Rajasthan (Jaipur District),Corn / Coarse Grains,26.9,75.8,0.8,31.6,24.9,24.1,2,0.4,NORMAL,ERA5_PUBLIC_DATASET
2024-08-19,Rajasthan (Jaipur District),Corn / Coarse Grains,26.9,75.8,0.9,31.4,25.1,31.0,3,0.5,NORMAL,ERA5_PUBLIC_DATASET
2024-08-20,Rajasthan (Jaipur District),Corn / Coarse Grains,26.9,75.8,1.9,31.4,25.2,18.0,0,0.9,NORMAL,ERA5_PUBLIC_DATASET
2024-08-21,Rajasthan (Jaipur District),Corn / Coarse Grains,26.9,75.8,2.0,31.6,25.1,20.5,0,1.0,NORMAL,ERA5_PUBLIC_DATASET
2024-08-22,Rajasthan (Jaipur District),Corn / Coarse Grains,26.9,75.8,15.8,31.6,24.9,20.9,0,7.9,NORMAL,ERA5_PUBLIC_DATASET
2024-08-23,Rajasthan (Jaipur District),Corn / Coarse Grains,26.9,75.8,10.3,31.7,24.4,17.3,0,5.2,NORMAL,ERA5_PUBLIC_DATASET
2024-08-24,Rajasthan (Jaipur District),Corn / Coarse Grains,26.9,75.8,7.1,31.9,24.3,34.6,0,3.5,NORMAL,ERA5_PUBLIC_DATASET
2024-08-25,Rajasthan (Jaipur District),Corn / Coarse Grains,26.9,75.8,11.6,30.1,24.2,46.1,0,5.8,NORMAL,ERA5_PUBLIC_DATASET
2024-08-26,Rajasthan (Jaipur District),Corn / Coarse Grains,26.9,75.8,12.7,30.4,24.2,44.3,0,6.3,NORMAL,ERA5_PUBLIC_DATASET
2024-08-27,Rajasthan (Jaipur District),Corn / Coarse Grains,26.9,75.8,7.3,30.0,23.6,39.6,0,3.6,NORMAL,ERA5_PUBLIC_DATASET
2024-08-28,Rajasthan (Jaipur District),Corn / Coarse Grains,26.9,75.8,0.0,30.6,23.5,31.3,1,0.0,NORMAL,ERA5_PUBLIC_DATASET
2024-08-29,Rajasthan (Jaipur District),Corn / Coarse Grains,26.9,75.8,1.0,29.5,23.3,32.8,0,0.5,NORMAL,ERA5_PUBLIC_DATASET
2024-08-30,Rajasthan (Jaipur District),Corn / Coarse Grains,26.9,75.8,9.4,30.8,24.0,25.6,0,4.7,NORMAL,ERA5_PUBLIC_DATASET
2024-08-31,Rajasthan (Jaipur District),Corn / Coarse Grains,26.9,75.8,12.2,31.2,23.7,21.6,0,6.1,NORMAL,ERA5_PUBLIC_DATASET
2024-09-01,Rajasthan (Jaipur District),Corn / Coarse Grains,26.9,75.8,1.8,32.0,25.1,22.7,0,0.9,NORMAL,ERA5_PUBLIC_DATASET
2024-09-02,Rajasthan (Jaipur District),Corn / Coarse Grains,26.9,75.8,6.2,30.6,24.9,27.7,0,3.1,NORMAL,ERA5_PUBLIC_DATASET
2024-09-03,Rajasthan (Jaipur District),Corn / Coarse Grains,26.9,75.8,6.0,31.0,24.5,31.3,0,3.0,NORMAL,ERA5_PUBLIC_DATASET
2024-09-04,Rajasthan (Jaipur District),Corn / Coarse Grains,26.9,75.8,1.8,29.6,23.6,16.9,0,0.9,NORMAL,ERA5_PUBLIC_DATASET
2024-09-05,Rajasthan (Jaipur District),Corn / Coarse Grains,26.9,75.8,47.6,28.2,23.6,20.2,0,15.0,NORMAL,ERA5_PUBLIC_DATASET
2024-09-06,Rajasthan (Jaipur District),Corn / Coarse Grains,26.9,75.8,15.5,29.8,23.8,20.9,0,7.8,NORMAL,ERA5_PUBLIC_DATASET
2024-09-07,Rajasthan (Jaipur District),Corn / Coarse Grains,26.9,75.8,12.4,29.0,23.8,19.8,0,6.2,NORMAL,ERA5_PUBLIC_DATASET
2024-09-08,Rajasthan (Jaipur District),Corn / Coarse Grains,26.9,75.8,6.8,28.3,23.4,24.5,0,3.4,NORMAL,ERA5_PUBLIC_DATASET
2024-09-09,Rajasthan (Jaipur District),Corn / Coarse Grains,26.9,75.8,1.6,30.5,23.3,20.5,0,0.8,NORMAL,ERA5_PUBLIC_DATASET
2024-09-10,Rajasthan (Jaipur District),Corn / Coarse Grains,26.9,75.8,4.6,30.7,24.2,26.6,0,2.3,NORMAL,ERA5_PUBLIC_DATASET
2024-09-11,Rajasthan (Jaipur District),Corn / Coarse Grains,26.9,75.8,14.3,31.1,23.7,40.0,0,7.2,NORMAL,ERA5_PUBLIC_DATASET
2024-09-12,Rajasthan (Jaipur District),Corn / Coarse Grains,26.9,75.8,6.0,31.0,25.4,45.0,0,3.0,NORMAL,ERA5_PUBLIC_DATASET
2024-09-13,Rajasthan (Jaipur District),Corn / Coarse Grains,26.9,75.8,0.8,30.5,24.0,49.3,1,0.4,NORMAL,ERA5_PUBLIC_DATASET
2024-09-14,Rajasthan (Jaipur District),Corn / Coarse Grains,26.9,75.8,0.3,29.9,22.3,35.6,2,0.1,NORMAL,ERA5_PUBLIC_DATASET
2024-09-15,Rajasthan (Jaipur District),Corn / Coarse Grains,26.9,75.8,0.0,30.0,22.0,29.9,3,0.0,NORMAL,ERA5_PUBLIC_DATASET
2024-09-16,Rajasthan (Jaipur District),Corn / Coarse Grains,26.9,75.8,0.0,31.3,21.7,28.4,4,0.0,NORMAL,ERA5_PUBLIC_DATASET
2024-09-17,Rajasthan (Jaipur District),Corn / Coarse Grains,26.9,75.8,0.0,30.5,22.2,30.6,5,0.0,NORMAL,ERA5_PUBLIC_DATASET
2024-09-18,Rajasthan (Jaipur District),Corn / Coarse Grains,26.9,75.8,1.2,30.2,23.1,42.1,0,0.6,NORMAL,ERA5_PUBLIC_DATASET
2024-09-19,Rajasthan (Jaipur District),Corn / Coarse Grains,26.9,75.8,0.3,27.9,22.4,18.4,1,0.1,NORMAL,ERA5_PUBLIC_DATASET
2024-09-20,Rajasthan (Jaipur District),Corn / Coarse Grains,26.9,75.8,0.5,29.5,21.8,15.1,2,0.2,NORMAL,ERA5_PUBLIC_DATASET
2024-09-21,Rajasthan (Jaipur District),Corn / Coarse Grains,26.9,75.8,0.6,30.4,23.5,18.7,3,0.3,NORMAL,ERA5_PUBLIC_DATASET
2024-09-22,Rajasthan (Jaipur District),Corn / Coarse Grains,26.9,75.8,0.0,32.6,24.1,17.3,4,0.0,NORMAL,ERA5_PUBLIC_DATASET
2024-09-23,Rajasthan (Jaipur District),Corn / Coarse Grains,26.9,75.8,0.0,32.9,24.4,19.8,5,0.0,NORMAL,ERA5_PUBLIC_DATASET
2024-09-24,Rajasthan (Jaipur District),Corn / Coarse Grains,26.9,75.8,0.1,33.3,24.5,16.6,6,0.1,NORMAL,ERA5_PUBLIC_DATASET
2024-09-25,Rajasthan (Jaipur District),Corn / Coarse Grains,26.9,75.8,0.4,33.0,25.2,21.2,7,0.2,NORMAL,ERA5_PUBLIC_DATASET
2024-09-26,Rajasthan (Jaipur District),Corn / Coarse Grains,26.9,75.8,0.4,31.1,24.7,27.7,8,0.2,NORMAL,ERA5_PUBLIC_DATASET
2024-09-27,Rajasthan (Jaipur District),Corn / Coarse Grains,26.9,75.8,0.0,31.2,23.9,34.9,9,0.0,NORMAL,ERA5_PUBLIC_DATASET
2024-09-28,Rajasthan (Jaipur District),Corn / Coarse Grains,26.9,75.8,0.0,31.4,23.0,31.7,10,0.0,NORMAL,ERA5_PUBLIC_DATASET
2024-09-29,Rajasthan (Jaipur District),Corn / Coarse Grains,26.9,75.8,0.0,31.6,21.7,25.9,11,0.0,NORMAL,ERA5_PUBLIC_DATASET
2024-09-30,Rajasthan (Jaipur District),Corn / Coarse Grains,26.9,75.8,0.0,32.6,23.0,24.5,12,0.0,NORMAL,ERA5_PUBLIC_DATASET
2024-10-01,Rajasthan (Jaipur District),Corn / Coarse Grains,26.9,75.8,0.0,34.6,23.7,31.3,13,0.0,NORMAL,ERA5_PUBLIC_DATASET
2024-10-02,Rajasthan (Jaipur District),Corn / Coarse Grains,26.9,75.8,0.0,35.0,25.9,43.6,14,0.0,NORMAL,ERA5_PUBLIC_DATASET
2024-10-03,Rajasthan (Jaipur District),Corn / Coarse Grains,26.9,75.8,0.0,35.0,24.7,37.8,15,0.0,NORMAL,ERA5_PUBLIC_DATASET
2024-10-04,Rajasthan (Jaipur District),Corn / Coarse Grains,26.9,75.8,0.0,33.6,23.5,33.5,16,0.0,NORMAL,ERA5_PUBLIC_DATASET
2024-10-05,Rajasthan (Jaipur District),Corn / Coarse Grains,26.9,75.8,0.0,32.5,22.8,29.2,17,0.0,NORMAL,ERA5_PUBLIC_DATASET
2024-10-06,Rajasthan (Jaipur District),Corn / Coarse Grains,26.9,75.8,0.1,32.7,22.9,22.3,18,0.1,NORMAL,ERA5_PUBLIC_DATASET
2024-10-07,Rajasthan (Jaipur District),Corn / Coarse Grains,26.9,75.8,0.0,33.1,22.2,19.1,19,0.0,NORMAL,ERA5_PUBLIC_DATASET
2024-10-08,Rajasthan (Jaipur District),Corn / Coarse Grains,26.9,75.8,0.0,33.5,21.7,20.2,20,0.0,NORMAL,ERA5_PUBLIC_DATASET
2024-10-09,Rajasthan (Jaipur District),Corn / Coarse Grains,26.9,75.8,0.0,33.8,22.5,23.0,21,0.0,NORMAL,ERA5_PUBLIC_DATASET
2024-10-10,Rajasthan (Jaipur District),Corn / Coarse Grains,26.9,75.8,0.4,32.1,22.4,20.9,22,0.2,NORMAL,ERA5_PUBLIC_DATASET
2024-10-11,Rajasthan (Jaipur District),Corn / Coarse Grains,26.9,75.8,0.0,32.5,20.6,20.9,23,0.0,NORMAL,ERA5_PUBLIC_DATASET
2024-10-12,Rajasthan (Jaipur District),Corn / Coarse Grains,26.9,75.8,0.0,31.9,21.8,22.3,24,0.0,NORMAL,ERA5_PUBLIC_DATASET
2024-10-13,Rajasthan (Jaipur District),Corn / Coarse Grains,26.9,75.8,0.0,29.9,22.5,22.3,25,0.0,NORMAL,ERA5_PUBLIC_DATASET
2024-10-14,Rajasthan (Jaipur District),Corn / Coarse Grains,26.9,75.8,0.0,31.9,20.6,22.3,26,0.0,NORMAL,ERA5_PUBLIC_DATASET
2024-10-15,Rajasthan (Jaipur District),Corn / Coarse Grains,26.9,75.8,0.0,32.2,20.6,23.0,27,0.0,NORMAL,ERA5_PUBLIC_DATASET
2024-10-16,Rajasthan (Jaipur District),Corn / Coarse Grains,26.9,75.8,0.0,33.1,19.4,18.7,28,0.0,NORMAL,ERA5_PUBLIC_DATASET
2024-10-17,Rajasthan (Jaipur District),Corn / Coarse Grains,26.9,75.8,0.0,32.8,20.7,17.3,29,0.0,NORMAL,ERA5_PUBLIC_DATASET
2024-10-18,Rajasthan (Jaipur District),Corn / Coarse Grains,26.9,75.8,0.0,32.8,21.8,19.8,30,0.0,NORMAL,ERA5_PUBLIC_DATASET
2024-10-19,Rajasthan (Jaipur District),Corn / Coarse Grains,26.9,75.8,0.0,33.9,21.9,20.5,31,0.0,NORMAL,ERA5_PUBLIC_DATASET
2024-10-20,Rajasthan (Jaipur District),Corn / Coarse Grains,26.9,75.8,0.0,33.4,20.9,22.0,32,0.0,NORMAL,ERA5_PUBLIC_DATASET
2024-10-21,Rajasthan (Jaipur District),Corn / Coarse Grains,26.9,75.8,0.0,33.3,21.1,24.1,33,0.0,NORMAL,ERA5_PUBLIC_DATASET
2024-10-22,Rajasthan (Jaipur District),Corn / Coarse Grains,26.9,75.8,0.0,32.0,20.5,16.9,34,0.0,NORMAL,ERA5_PUBLIC_DATASET
2024-10-23,Rajasthan (Jaipur District),Corn / Coarse Grains,26.9,75.8,0.0,32.2,20.4,25.6,35,0.0,NORMAL,ERA5_PUBLIC_DATASET
2024-10-24,Rajasthan (Jaipur District),Corn / Coarse Grains,26.9,75.8,0.0,32.0,20.0,34.9,36,0.0,NORMAL,ERA5_PUBLIC_DATASET
2024-10-25,Rajasthan (Jaipur District),Corn / Coarse Grains,26.9,75.8,0.0,33.0,19.9,23.0,37,0.0,NORMAL,ERA5_PUBLIC_DATASET
2024-10-26,Rajasthan (Jaipur District),Corn / Coarse Grains,26.9,75.8,0.0,33.5,20.2,26.3,38,0.0,NORMAL,ERA5_PUBLIC_DATASET
2024-10-27,Rajasthan (Jaipur District),Corn / Coarse Grains,26.9,75.8,0.0,32.4,19.6,15.5,39,0.0,NORMAL,ERA5_PUBLIC_DATASET
2024-10-28,Rajasthan (Jaipur District),Corn / Coarse Grains,26.9,75.8,0.0,32.1,20.1,24.1,40,0.0,NORMAL,ERA5_PUBLIC_DATASET
2024-10-29,Rajasthan (Jaipur District),Corn / Coarse Grains,26.9,75.8,0.0,33.3,20.2,23.0,41,0.0,NORMAL,ERA5_PUBLIC_DATASET
2024-10-30,Rajasthan (Jaipur District),Corn / Coarse Grains,26.9,75.8,0.0,34.9,22.1,24.8,42,0.0,NORMAL,ERA5_PUBLIC_DATASET
2024-10-31,Rajasthan (Jaipur District),Corn / Coarse Grains,26.9,75.8,0.0,33.7,21.8,28.4,43,0.0,NORMAL,ERA5_PUBLIC_DATASET
2023-01-01,Madhya Pradesh (Bhopal District),Wheat / Pulses,23.2,77.4,0.0,21.8,11.4,26.6,1,0.0,NORMAL,ERA5_PUBLIC_DATASET
2023-01-02,Madhya Pradesh (Bhopal District),Wheat / Pulses,23.2,77.4,0.0,21.4,9.5,25.6,2,0.0,NORMAL,ERA5_PUBLIC_DATASET
2023-01-03,Madhya Pradesh (Bhopal District),Wheat / Pulses,23.2,77.4,0.0,20.7,9.0,27.7,3,0.0,NORMAL,ERA5_PUBLIC_DATASET
2023-01-04,Madhya Pradesh (Bhopal District),Wheat / Pulses,23.2,77.4,0.0,19.0,8.3,31.7,4,0.0,NORMAL,ERA5_PUBLIC_DATASET
2023-01-05,Madhya Pradesh (Bhopal District),Wheat / Pulses,23.2,77.4,0.0,19.8,7.9,28.1,5,0.0,NORMAL,ERA5_PUBLIC_DATASET
2023-01-06,Madhya Pradesh (Bhopal District),Wheat / Pulses,23.2,77.4,0.0,21.6,8.1,23.4,6,0.0,NORMAL,ERA5_PUBLIC_DATASET
2023-01-07,Madhya Pradesh (Bhopal District),Wheat / Pulses,23.2,77.4,0.0,21.7,8.0,19.1,7,0.0,NORMAL,ERA5_PUBLIC_DATASET
2023-01-08,Madhya Pradesh (Bhopal District),Wheat / Pulses,23.2,77.4,0.0,22.9,7.8,17.3,8,0.0,NORMAL,ERA5_PUBLIC_DATASET
2023-01-09,Madhya Pradesh (Bhopal District),Wheat / Pulses,23.2,77.4,0.0,24.1,8.5,18.7,9,0.0,NORMAL,ERA5_PUBLIC_DATASET
2023-01-10,Madhya Pradesh (Bhopal District),Wheat / Pulses,23.2,77.4,0.0,24.2,9.5,22.7,10,0.0,NORMAL,ERA5_PUBLIC_DATASET
2023-01-11,Madhya Pradesh (Bhopal District),Wheat / Pulses,23.2,77.4,0.0,24.7,9.6,20.2,11,0.0,NORMAL,ERA5_PUBLIC_DATASET
2023-01-12,Madhya Pradesh (Bhopal District),Wheat / Pulses,23.2,77.4,0.0,25.4,11.6,20.5,12,0.0,NORMAL,ERA5_PUBLIC_DATASET
2023-01-13,Madhya Pradesh (Bhopal District),Wheat / Pulses,23.2,77.4,0.0,25.6,13.3,33.1,13,0.0,NORMAL,ERA5_PUBLIC_DATASET
2023-01-14,Madhya Pradesh (Bhopal District),Wheat / Pulses,23.2,77.4,0.0,21.8,11.3,24.5,14,0.0,NORMAL,ERA5_PUBLIC_DATASET
2023-01-15,Madhya Pradesh (Bhopal District),Wheat / Pulses,23.2,77.4,0.0,20.6,9.6,24.5,15,0.0,NORMAL,ERA5_PUBLIC_DATASET
2023-01-16,Madhya Pradesh (Bhopal District),Wheat / Pulses,23.2,77.4,0.0,22.1,7.8,21.6,16,0.0,NORMAL,ERA5_PUBLIC_DATASET
2023-01-17,Madhya Pradesh (Bhopal District),Wheat / Pulses,23.2,77.4,0.0,21.4,8.6,28.4,17,0.0,NORMAL,ERA5_PUBLIC_DATASET
2023-01-18,Madhya Pradesh (Bhopal District),Wheat / Pulses,23.2,77.4,0.0,21.9,8.0,24.5,18,0.0,NORMAL,ERA5_PUBLIC_DATASET
2023-01-19,Madhya Pradesh (Bhopal District),Wheat / Pulses,23.2,77.4,0.0,23.8,8.7,27.0,19,0.0,NORMAL,ERA5_PUBLIC_DATASET
2023-01-20,Madhya Pradesh (Bhopal District),Wheat / Pulses,23.2,77.4,0.0,27.4,12.4,41.0,20,0.0,NORMAL,ERA5_PUBLIC_DATASET
2023-01-21,Madhya Pradesh (Bhopal District),Wheat / Pulses,23.2,77.4,0.1,26.9,13.1,21.2,21,0.1,NORMAL,ERA5_PUBLIC_DATASET
2023-01-22,Madhya Pradesh (Bhopal District),Wheat / Pulses,23.2,77.4,0.0,26.6,13.2,34.2,22,0.0,NORMAL,ERA5_PUBLIC_DATASET
2023-01-23,Madhya Pradesh (Bhopal District),Wheat / Pulses,23.2,77.4,0.0,27.4,15.1,37.1,23,0.0,NORMAL,ERA5_PUBLIC_DATASET
2023-01-24,Madhya Pradesh (Bhopal District),Wheat / Pulses,23.2,77.4,0.1,27.0,15.5,35.6,24,0.1,NORMAL,ERA5_PUBLIC_DATASET
2023-01-25,Madhya Pradesh (Bhopal District),Wheat / Pulses,23.2,77.4,8.0,22.3,16.3,35.6,0,4.0,NORMAL,ERA5_PUBLIC_DATASET
2023-01-26,Madhya Pradesh (Bhopal District),Wheat / Pulses,23.2,77.4,39.6,23.8,16.6,24.5,0,15.0,NORMAL,ERA5_PUBLIC_DATASET
2023-01-27,Madhya Pradesh (Bhopal District),Wheat / Pulses,23.2,77.4,0.0,22.6,15.0,30.2,1,0.0,NORMAL,ERA5_PUBLIC_DATASET
2023-01-28,Madhya Pradesh (Bhopal District),Wheat / Pulses,23.2,77.4,0.0,25.0,13.3,24.1,2,0.0,NORMAL,ERA5_PUBLIC_DATASET
2023-01-29,Madhya Pradesh (Bhopal District),Wheat / Pulses,23.2,77.4,0.0,27.4,14.5,30.6,3,0.0,NORMAL,ERA5_PUBLIC_DATASET
2023-01-30,Madhya Pradesh (Bhopal District),Wheat / Pulses,23.2,77.4,0.7,26.6,16.1,30.6,4,0.3,NORMAL,ERA5_PUBLIC_DATASET
2023-01-31,Madhya Pradesh (Bhopal District),Wheat / Pulses,23.2,77.4,0.0,23.5,13.8,31.7,5,0.0,NORMAL,ERA5_PUBLIC_DATASET
2023-02-01,Madhya Pradesh (Bhopal District),Wheat / Pulses,23.2,77.4,0.0,21.8,11.2,28.4,6,0.0,NORMAL,ERA5_PUBLIC_DATASET
2023-02-02,Madhya Pradesh (Bhopal District),Wheat / Pulses,23.2,77.4,0.0,22.8,9.0,18.7,7,0.0,NORMAL,ERA5_PUBLIC_DATASET
2023-02-03,Madhya Pradesh (Bhopal District),Wheat / Pulses,23.2,77.4,0.0,24.6,9.6,20.5,8,0.0,NORMAL,ERA5_PUBLIC_DATASET
2023-02-04,Madhya Pradesh (Bhopal District),Wheat / Pulses,23.2,77.4,0.0,24.9,10.1,17.3,9,0.0,NORMAL,ERA5_PUBLIC_DATASET
2023-02-05,Madhya Pradesh (Bhopal District),Wheat / Pulses,23.2,77.4,0.0,25.9,13.5,13.7,10,0.0,NORMAL,ERA5_PUBLIC_DATASET
2023-02-06,Madhya Pradesh (Bhopal District),Wheat / Pulses,23.2,77.4,0.0,27.5,12.0,20.5,11,0.0,NORMAL,ERA5_PUBLIC_DATASET
2023-02-07,Madhya Pradesh (Bhopal District),Wheat / Pulses,23.2,77.4,0.0,26.4,14.9,25.6,12,0.0,NORMAL,ERA5_PUBLIC_DATASET
2023-02-08,Madhya Pradesh (Bhopal District),Wheat / Pulses,23.2,77.4,0.0,25.3,11.4,21.2,13,0.0,NORMAL,ERA5_PUBLIC_DATASET
2023-02-09,Madhya Pradesh (Bhopal District),Wheat / Pulses,23.2,77.4,0.0,27.6,13.8,18.0,14,0.0,NORMAL,ERA5_PUBLIC_DATASET
2023-02-10,Madhya Pradesh (Bhopal District),Wheat / Pulses,23.2,77.4,0.0,30.3,15.3,25.2,15,0.0,NORMAL,ERA5_PUBLIC_DATASET
2023-02-11,Madhya Pradesh (Bhopal District),Wheat / Pulses,23.2,77.4,0.0,28.7,15.9,27.7,16,0.0,NORMAL,ERA5_PUBLIC_DATASET
2023-02-12,Madhya Pradesh (Bhopal District),Wheat / Pulses,23.2,77.4,0.0,26.4,14.3,34.9,17,0.0,NORMAL,ERA5_PUBLIC_DATASET
2023-02-13,Madhya Pradesh (Bhopal District),Wheat / Pulses,23.2,77.4,0.0,24.7,12.3,24.5,18,0.0,NORMAL,ERA5_PUBLIC_DATASET
2023-02-14,Madhya Pradesh (Bhopal District),Wheat / Pulses,23.2,77.4,0.0,26.0,11.2,21.2,19,0.0,NORMAL,ERA5_PUBLIC_DATASET
2023-02-15,Madhya Pradesh (Bhopal District),Wheat / Pulses,23.2,77.4,0.0,28.9,13.0,24.5,20,0.0,NORMAL,ERA5_PUBLIC_DATASET
2023-02-16,Madhya Pradesh (Bhopal District),Wheat / Pulses,23.2,77.4,0.0,29.4,15.3,24.1,21,0.0,NORMAL,ERA5_PUBLIC_DATASET
2023-02-17,Madhya Pradesh (Bhopal District),Wheat / Pulses,23.2,77.4,0.0,29.1,15.1,27.4,22,0.0,NORMAL,ERA5_PUBLIC_DATASET
2023-02-18,Madhya Pradesh (Bhopal District),Wheat / Pulses,23.2,77.4,0.0,28.2,14.2,24.1,23,0.0,NORMAL,ERA5_PUBLIC_DATASET
2023-02-19,Madhya Pradesh (Bhopal District),Wheat / Pulses,23.2,77.4,0.0,30.1,14.0,18.0,24,0.0,NORMAL,ERA5_PUBLIC_DATASET
2023-02-20,Madhya Pradesh (Bhopal District),Wheat / Pulses,23.2,77.4,0.0,31.8,15.3,18.0,25,0.0,NORMAL,ERA5_PUBLIC_DATASET
2023-02-21,Madhya Pradesh (Bhopal District),Wheat / Pulses,23.2,77.4,0.0,32.2,17.8,24.5,26,0.0,NORMAL,ERA5_PUBLIC_DATASET
2023-02-22,Madhya Pradesh (Bhopal District),Wheat / Pulses,23.2,77.4,0.0,30.3,16.7,25.6,27,0.0,NORMAL,ERA5_PUBLIC_DATASET
2023-02-23,Madhya Pradesh (Bhopal District),Wheat / Pulses,23.2,77.4,0.0,30.8,17.5,25.9,28,0.0,NORMAL,ERA5_PUBLIC_DATASET
2023-02-24,Madhya Pradesh (Bhopal District),Wheat / Pulses,23.2,77.4,0.0,30.7,15.5,19.4,29,0.0,NORMAL,ERA5_PUBLIC_DATASET
2023-02-25,Madhya Pradesh (Bhopal District),Wheat / Pulses,23.2,77.4,0.0,31.3,15.6,20.9,30,0.0,NORMAL,ERA5_PUBLIC_DATASET
2023-02-26,Madhya Pradesh (Bhopal District),Wheat / Pulses,23.2,77.4,0.0,31.2,16.4,19.8,31,0.0,NORMAL,ERA5_PUBLIC_DATASET
2023-02-27,Madhya Pradesh (Bhopal District),Wheat / Pulses,23.2,77.4,0.0,31.5,16.1,29.5,32,0.0,NORMAL,ERA5_PUBLIC_DATASET
2023-02-28,Madhya Pradesh (Bhopal District),Wheat / Pulses,23.2,77.4,0.0,32.2,17.4,28.1,33,0.0,NORMAL,ERA5_PUBLIC_DATASET
2023-03-01,Madhya Pradesh (Bhopal District),Wheat / Pulses,23.2,77.4,3.3,31.8,18.5,29.9,0,1.6,NORMAL,ERA5_PUBLIC_DATASET
2023-03-02,Madhya Pradesh (Bhopal District),Wheat / Pulses,23.2,77.4,0.0,31.9,18.2,22.7,1,0.0,NORMAL,ERA5_PUBLIC_DATASET
2023-03-03,Madhya Pradesh (Bhopal District),Wheat / Pulses,23.2,77.4,0.0,32.6,18.1,27.0,2,0.0,NORMAL,ERA5_PUBLIC_DATASET
2023-03-04,Madhya Pradesh (Bhopal District),Wheat / Pulses,23.2,77.4,0.0,33.2,20.0,36.0,3,0.0,NORMAL,ERA5_PUBLIC_DATASET
2023-03-05,Madhya Pradesh (Bhopal District),Wheat / Pulses,23.2,77.4,0.0,31.5,19.1,25.9,4,0.0,NORMAL,ERA5_PUBLIC_DATASET
2023-03-06,Madhya Pradesh (Bhopal District),Wheat / Pulses,23.2,77.4,0.1,31.5,17.6,41.4,5,0.1,NORMAL,ERA5_PUBLIC_DATASET
2023-03-07,Madhya Pradesh (Bhopal District),Wheat / Pulses,23.2,77.4,0.7,27.2,17.4,42.8,6,0.3,NORMAL,ERA5_PUBLIC_DATASET
2023-03-08,Madhya Pradesh (Bhopal District),Wheat / Pulses,23.2,77.4,0.0,29.5,17.4,40.0,7,0.0,NORMAL,ERA5_PUBLIC_DATASET
2023-03-09,Madhya Pradesh (Bhopal District),Wheat / Pulses,23.2,77.4,0.0,28.9,15.2,33.5,8,0.0,NORMAL,ERA5_PUBLIC_DATASET
2023-03-10,Madhya Pradesh (Bhopal District),Wheat / Pulses,23.2,77.4,0.0,29.1,15.8,25.2,9,0.0,NORMAL,ERA5_PUBLIC_DATASET
2023-03-11,Madhya Pradesh (Bhopal District),Wheat / Pulses,23.2,77.4,0.0,30.0,15.9,25.2,10,0.0,NORMAL,ERA5_PUBLIC_DATASET
2023-03-12,Madhya Pradesh (Bhopal District),Wheat / Pulses,23.2,77.4,0.0,31.6,17.1,25.2,11,0.0,NORMAL,ERA5_PUBLIC_DATASET
2023-03-13,Madhya Pradesh (Bhopal District),Wheat / Pulses,23.2,77.4,0.0,32.2,18.8,28.4,12,0.0,NORMAL,ERA5_PUBLIC_DATASET
2023-03-14,Madhya Pradesh (Bhopal District),Wheat / Pulses,23.2,77.4,1.9,33.3,18.3,38.5,0,0.9,NORMAL,ERA5_PUBLIC_DATASET
2023-03-15,Madhya Pradesh (Bhopal District),Wheat / Pulses,23.2,77.4,0.0,32.5,18.9,29.9,1,0.0,NORMAL,ERA5_PUBLIC_DATASET
2023-03-16,Madhya Pradesh (Bhopal District),Wheat / Pulses,23.2,77.4,2.4,28.6,19.5,37.4,0,1.2,NORMAL,ERA5_PUBLIC_DATASET
2023-03-17,Madhya Pradesh (Bhopal District),Wheat / Pulses,23.2,77.4,5.2,29.4,17.3,35.6,0,2.6,NORMAL,ERA5_PUBLIC_DATASET
2023-03-18,Madhya Pradesh (Bhopal District),Wheat / Pulses,23.2,77.4,0.3,28.0,16.8,33.5,1,0.1,NORMAL,ERA5_PUBLIC_DATASET
2023-03-19,Madhya Pradesh (Bhopal District),Wheat / Pulses,23.2,77.4,21.4,26.6,17.0,35.6,0,10.7,NORMAL,ERA5_PUBLIC_DATASET
2023-03-20,Madhya Pradesh (Bhopal District),Wheat / Pulses,23.2,77.4,0.2,27.4,15.7,30.2,1,0.1,NORMAL,ERA5_PUBLIC_DATASET
2023-03-21,Madhya Pradesh (Bhopal District),Wheat / Pulses,23.2,77.4,0.3,28.5,15.8,34.2,2,0.1,NORMAL,ERA5_PUBLIC_DATASET
2023-03-22,Madhya Pradesh (Bhopal District),Wheat / Pulses,23.2,77.4,0.0,29.6,17.0,22.7,3,0.0,NORMAL,ERA5_PUBLIC_DATASET
2023-03-23,Madhya Pradesh (Bhopal District),Wheat / Pulses,23.2,77.4,0.0,29.2,17.6,29.2,4,0.0,NORMAL,ERA5_PUBLIC_DATASET
2023-03-24,Madhya Pradesh (Bhopal District),Wheat / Pulses,23.2,77.4,0.0,31.1,19.7,31.3,5,0.0,NORMAL,ERA5_PUBLIC_DATASET
2023-03-25,Madhya Pradesh (Bhopal District),Wheat / Pulses,23.2,77.4,0.0,31.6,20.1,29.9,6,0.0,NORMAL,ERA5_PUBLIC_DATASET
2023-03-26,Madhya Pradesh (Bhopal District),Wheat / Pulses,23.2,77.4,0.0,31.8,19.4,29.2,7,0.0,NORMAL,ERA5_PUBLIC_DATASET
2023-03-27,Madhya Pradesh (Bhopal District),Wheat / Pulses,23.2,77.4,0.0,32.4,19.0,28.8,8,0.0,NORMAL,ERA5_PUBLIC_DATASET
2023-03-28,Madhya Pradesh (Bhopal District),Wheat / Pulses,23.2,77.4,0.0,32.5,20.3,32.0,9,0.0,NORMAL,ERA5_PUBLIC_DATASET
2023-03-29,Madhya Pradesh (Bhopal District),Wheat / Pulses,23.2,77.4,0.0,34.3,19.6,29.9,10,0.0,NORMAL,ERA5_PUBLIC_DATASET
2023-03-30,Madhya Pradesh (Bhopal District),Wheat / Pulses,23.2,77.4,0.0,34.1,20.7,40.7,11,0.0,NORMAL,ERA5_PUBLIC_DATASET
2023-03-31,Madhya Pradesh (Bhopal District),Wheat / Pulses,23.2,77.4,2.2,30.3,19.8,37.4,0,1.1,NORMAL,ERA5_PUBLIC_DATASET
2023-04-01,Madhya Pradesh (Bhopal District),Wheat / Pulses,23.2,77.4,0.0,30.1,18.6,32.8,1,0.0,NORMAL,ERA5_PUBLIC_DATASET
2023-04-02,Madhya Pradesh (Bhopal District),Wheat / Pulses,23.2,77.4,0.0,32.5,20.2,33.5,2,0.0,NORMAL,ERA5_PUBLIC_DATASET
2023-04-03,Madhya Pradesh (Bhopal District),Wheat / Pulses,23.2,77.4,0.0,34.0,19.5,33.5,3,0.0,NORMAL,ERA5_PUBLIC_DATASET
2023-04-04,Madhya Pradesh (Bhopal District),Wheat / Pulses,23.2,77.4,0.0,33.6,22.2,32.8,4,0.0,NORMAL,ERA5_PUBLIC_DATASET
2023-04-05,Madhya Pradesh (Bhopal District),Wheat / Pulses,23.2,77.4,0.0,34.3,21.2,50.4,5,0.0,NORMAL,ERA5_PUBLIC_DATASET
2023-04-06,Madhya Pradesh (Bhopal District),Wheat / Pulses,23.2,77.4,0.0,34.2,21.3,25.6,6,0.0,NORMAL,ERA5_PUBLIC_DATASET
2023-04-07,Madhya Pradesh (Bhopal District),Wheat / Pulses,23.2,77.4,0.1,34.8,20.3,32.4,7,0.1,NORMAL,ERA5_PUBLIC_DATASET
2023-04-08,Madhya Pradesh (Bhopal District),Wheat / Pulses,23.2,77.4,1.5,33.4,21.2,38.9,0,0.8,NORMAL,ERA5_PUBLIC_DATASET
2023-04-09,Madhya Pradesh (Bhopal District),Wheat / Pulses,23.2,77.4,0.0,34.2,20.3,27.7,1,0.0,NORMAL,ERA5_PUBLIC_DATASET
2023-04-10,Madhya Pradesh (Bhopal District),Wheat / Pulses,23.2,77.4,0.0,34.7,21.3,21.6,2,0.0,NORMAL,ERA5_PUBLIC_DATASET
2023-04-11,Madhya Pradesh (Bhopal District),Wheat / Pulses,23.2,77.4,0.0,35.8,21.1,23.4,3,0.0,NORMAL,ERA5_PUBLIC_DATASET
2023-04-12,Madhya Pradesh (Bhopal District),Wheat / Pulses,23.2,77.4,0.0,36.9,21.4,29.5,4,0.0,NORMAL,ERA5_PUBLIC_DATASET
2023-04-13,Madhya Pradesh (Bhopal District),Wheat / Pulses,23.2,77.4,0.0,37.2,25.4,34.2,5,0.0,NORMAL,ERA5_PUBLIC_DATASET
2023-04-14,Madhya Pradesh (Bhopal District),Wheat / Pulses,23.2,77.4,0.0,37.1,25.3,32.8,6,0.0,NORMAL,ERA5_PUBLIC_DATASET
2023-04-15,Madhya Pradesh (Bhopal District),Wheat / Pulses,23.2,77.4,0.3,35.3,25.4,29.9,7,0.1,NORMAL,ERA5_PUBLIC_DATASET
2023-04-16,Madhya Pradesh (Bhopal District),Wheat / Pulses,23.2,77.4,0.0,36.9,24.3,32.4,8,0.0,NORMAL,ERA5_PUBLIC_DATASET
2023-04-17,Madhya Pradesh (Bhopal District),Wheat / Pulses,23.2,77.4,0.0,37.8,26.2,34.9,9,0.0,NORMAL,ERA5_PUBLIC_DATASET
2023-04-18,Madhya Pradesh (Bhopal District),Wheat / Pulses,23.2,77.4,0.0,38.6,25.2,34.2,10,0.0,NORMAL,ERA5_PUBLIC_DATASET
2023-04-19,Madhya Pradesh (Bhopal District),Wheat / Pulses,23.2,77.4,0.0,38.1,26.9,41.0,11,0.0,NORMAL,ERA5_PUBLIC_DATASET
2023-04-20,Madhya Pradesh (Bhopal District),Wheat / Pulses,23.2,77.4,0.0,37.4,26.8,43.9,12,0.0,NORMAL,ERA5_PUBLIC_DATASET
2023-04-21,Madhya Pradesh (Bhopal District),Wheat / Pulses,23.2,77.4,0.0,35.8,22.4,46.1,13,0.0,NORMAL,ERA5_PUBLIC_DATASET
2023-04-22,Madhya Pradesh (Bhopal District),Wheat / Pulses,23.2,77.4,0.0,34.6,24.8,27.4,14,0.0,NORMAL,ERA5_PUBLIC_DATASET
2023-04-23,Madhya Pradesh (Bhopal District),Wheat / Pulses,23.2,77.4,0.0,34.8,23.1,44.3,15,0.0,NORMAL,ERA5_PUBLIC_DATASET
2023-04-24,Madhya Pradesh (Bhopal District),Wheat / Pulses,23.2,77.4,0.0,35.4,19.5,44.3,16,0.0,NORMAL,ERA5_PUBLIC_DATASET
2023-04-25,Madhya Pradesh (Bhopal District),Wheat / Pulses,23.2,77.4,0.0,36.4,20.8,35.6,17,0.0,NORMAL,ERA5_PUBLIC_DATASET
2023-04-26,Madhya Pradesh (Bhopal District),Wheat / Pulses,23.2,77.4,1.8,32.6,22.0,44.3,0,0.9,NORMAL,ERA5_PUBLIC_DATASET
2023-04-27,Madhya Pradesh (Bhopal District),Wheat / Pulses,23.2,77.4,2.3,32.3,20.2,37.1,0,1.1,NORMAL,ERA5_PUBLIC_DATASET
2023-04-28,Madhya Pradesh (Bhopal District),Wheat / Pulses,23.2,77.4,11.9,32.7,20.8,37.1,0,6.0,NORMAL,ERA5_PUBLIC_DATASET
2023-04-29,Madhya Pradesh (Bhopal District),Wheat / Pulses,23.2,77.4,0.2,31.6,19.8,33.8,1,0.1,NORMAL,ERA5_PUBLIC_DATASET
2023-04-30,Madhya Pradesh (Bhopal District),Wheat / Pulses,23.2,77.4,6.4,28.2,19.9,41.0,0,3.2,NORMAL,ERA5_PUBLIC_DATASET
2023-05-01,Madhya Pradesh (Bhopal District),Wheat / Pulses,23.2,77.4,0.4,29.0,18.3,33.1,1,0.2,NORMAL,ERA5_PUBLIC_DATASET
2023-05-02,Madhya Pradesh (Bhopal District),Wheat / Pulses,23.2,77.4,7.4,30.3,19.6,42.5,0,3.7,NORMAL,ERA5_PUBLIC_DATASET
2023-05-03,Madhya Pradesh (Bhopal District),Wheat / Pulses,23.2,77.4,1.9,30.5,20.0,36.7,0,0.9,NORMAL,ERA5_PUBLIC_DATASET
2023-05-04,Madhya Pradesh (Bhopal District),Wheat / Pulses,23.2,77.4,0.7,31.0,21.3,24.8,1,0.3,NORMAL,ERA5_PUBLIC_DATASET
2023-05-05,Madhya Pradesh (Bhopal District),Wheat / Pulses,23.2,77.4,1.5,30.4,21.2,19.8,0,0.8,NORMAL,ERA5_PUBLIC_DATASET
2023-05-06,Madhya Pradesh (Bhopal District),Wheat / Pulses,23.2,77.4,0.0,34.7,23.1,25.6,1,0.0,NORMAL,ERA5_PUBLIC_DATASET
2023-05-07,Madhya Pradesh (Bhopal District),Wheat / Pulses,23.2,77.4,0.0,35.4,25.2,29.9,2,0.0,NORMAL,ERA5_PUBLIC_DATASET
2023-05-08,Madhya Pradesh (Bhopal District),Wheat / Pulses,23.2,77.4,0.0,36.3,23.9,32.4,3,0.0,NORMAL,ERA5_PUBLIC_DATASET
2023-05-09,Madhya Pradesh (Bhopal District),Wheat / Pulses,23.2,77.4,0.0,38.5,24.3,36.7,4,0.0,NORMAL,ERA5_PUBLIC_DATASET
2023-05-10,Madhya Pradesh (Bhopal District),Wheat / Pulses,23.2,77.4,0.0,38.4,21.6,28.4,5,0.0,NORMAL,ERA5_PUBLIC_DATASET
2023-05-11,Madhya Pradesh (Bhopal District),Wheat / Pulses,23.2,77.4,0.0,39.8,23.3,25.6,6,0.0,NORMAL,ERA5_PUBLIC_DATASET
2023-05-12,Madhya Pradesh (Bhopal District),Wheat / Pulses,23.2,77.4,0.0,40.2,23.4,29.2,7,0.0,NORMAL,ERA5_PUBLIC_DATASET
2023-05-13,Madhya Pradesh (Bhopal District),Wheat / Pulses,23.2,77.4,0.0,42.5,23.9,38.9,8,0.0,HEATWAVE,ERA5_PUBLIC_DATASET
2023-05-14,Madhya Pradesh (Bhopal District),Wheat / Pulses,23.2,77.4,0.0,41.4,28.4,40.3,9,0.0,NORMAL,ERA5_PUBLIC_DATASET
2023-05-15,Madhya Pradesh (Bhopal District),Wheat / Pulses,23.2,77.4,0.0,39.8,29.0,40.7,10,0.0,NORMAL,ERA5_PUBLIC_DATASET
2023-05-16,Madhya Pradesh (Bhopal District),Wheat / Pulses,23.2,77.4,0.0,37.6,27.9,42.8,11,0.0,NORMAL,ERA5_PUBLIC_DATASET
2023-05-17,Madhya Pradesh (Bhopal District),Wheat / Pulses,23.2,77.4,0.0,38.3,27.3,38.2,12,0.0,NORMAL,ERA5_PUBLIC_DATASET
2023-05-18,Madhya Pradesh (Bhopal District),Wheat / Pulses,23.2,77.4,0.0,39.1,26.8,38.5,13,0.0,NORMAL,ERA5_PUBLIC_DATASET
2023-05-19,Madhya Pradesh (Bhopal District),Wheat / Pulses,23.2,77.4,0.0,38.9,27.9,37.4,14,72.7,DROUGHT,ERA5_PUBLIC_DATASET
2023-05-20,Madhya Pradesh (Bhopal District),Wheat / Pulses,23.2,77.4,0.0,39.7,27.7,34.9,15,75.1,DROUGHT,ERA5_PUBLIC_DATASET
2023-05-21,Madhya Pradesh (Bhopal District),Wheat / Pulses,23.2,77.4,0.0,39.7,28.7,44.6,16,75.1,DROUGHT,ERA5_PUBLIC_DATASET
2023-05-22,Madhya Pradesh (Bhopal District),Wheat / Pulses,23.2,77.4,0.1,37.6,26.6,36.7,17,0.1,NORMAL,ERA5_PUBLIC_DATASET
2023-05-23,Madhya Pradesh (Bhopal District),Wheat / Pulses,23.2,77.4,0.0,39.3,28.4,36.4,18,73.9,DROUGHT,ERA5_PUBLIC_DATASET
2023-05-24,Madhya Pradesh (Bhopal District),Wheat / Pulses,23.2,77.4,0.0,39.3,28.3,42.5,19,73.9,DROUGHT,ERA5_PUBLIC_DATASET
2023-05-25,Madhya Pradesh (Bhopal District),Wheat / Pulses,23.2,77.4,0.0,37.9,28.0,52.9,20,0.0,NORMAL,ERA5_PUBLIC_DATASET
2023-05-26,Madhya Pradesh (Bhopal District),Wheat / Pulses,23.2,77.4,0.0,35.7,26.0,44.6,21,0.0,NORMAL,ERA5_PUBLIC_DATASET
2023-05-27,Madhya Pradesh (Bhopal District),Wheat / Pulses,23.2,77.4,0.0,37.5,26.9,43.2,22,0.0,NORMAL,ERA5_PUBLIC_DATASET
2023-05-28,Madhya Pradesh (Bhopal District),Wheat / Pulses,23.2,77.4,0.0,35.9,26.1,51.5,23,0.0,NORMAL,ERA5_PUBLIC_DATASET
2023-05-29,Madhya Pradesh (Bhopal District),Wheat / Pulses,23.2,77.4,0.0,35.3,23.0,29.2,24,0.0,NORMAL,ERA5_PUBLIC_DATASET
2023-05-30,Madhya Pradesh (Bhopal District),Wheat / Pulses,23.2,77.4,0.0,37.1,25.4,32.8,25,0.0,NORMAL,ERA5_PUBLIC_DATASET
2023-05-31,Madhya Pradesh (Bhopal District),Wheat / Pulses,23.2,77.4,0.0,36.5,24.1,45.4,26,0.0,NORMAL,ERA5_PUBLIC_DATASET
2023-06-01,Madhya Pradesh (Bhopal District),Wheat / Pulses,23.2,77.4,0.0,38.5,23.1,37.4,27,71.5,DROUGHT,ERA5_PUBLIC_DATASET
2023-06-02,Madhya Pradesh (Bhopal District),Wheat / Pulses,23.2,77.4,0.0,38.7,28.0,40.3,28,72.1,DROUGHT,ERA5_PUBLIC_DATASET
2023-06-03,Madhya Pradesh (Bhopal District),Wheat / Pulses,23.2,77.4,0.0,38.0,28.1,43.2,29,70.0,DROUGHT,ERA5_PUBLIC_DATASET
2023-06-04,Madhya Pradesh (Bhopal District),Wheat / Pulses,23.2,77.4,0.0,38.0,25.7,49.0,30,70.0,DROUGHT,ERA5_PUBLIC_DATASET
2023-06-05,Madhya Pradesh (Bhopal District),Wheat / Pulses,23.2,77.4,0.0,37.3,26.4,36.7,31,0.0,NORMAL,ERA5_PUBLIC_DATASET
2023-06-06,Madhya Pradesh (Bhopal District),Wheat / Pulses,23.2,77.4,0.0,37.9,25.7,40.0,32,0.0,NORMAL,ERA5_PUBLIC_DATASET
2023-06-07,Madhya Pradesh (Bhopal District),Wheat / Pulses,23.2,77.4,0.0,38.7,27.5,36.0,33,72.1,DROUGHT,ERA5_PUBLIC_DATASET
2023-06-08,Madhya Pradesh (Bhopal District),Wheat / Pulses,23.2,77.4,0.0,38.4,27.1,41.0,34,71.2,DROUGHT,ERA5_PUBLIC_DATASET
2023-06-09,Madhya Pradesh (Bhopal District),Wheat / Pulses,23.2,77.4,0.1,38.1,28.2,47.9,35,70.3,DROUGHT,ERA5_PUBLIC_DATASET
2023-06-10,Madhya Pradesh (Bhopal District),Wheat / Pulses,23.2,77.4,0.0,38.1,28.9,44.3,36,70.3,DROUGHT,ERA5_PUBLIC_DATASET
2023-06-11,Madhya Pradesh (Bhopal District),Wheat / Pulses,23.2,77.4,0.0,37.7,28.3,44.3,37,0.0,NORMAL,ERA5_PUBLIC_DATASET
2023-06-12,Madhya Pradesh (Bhopal District),Wheat / Pulses,23.2,77.4,0.2,38.6,29.0,42.8,38,71.8,DROUGHT,ERA5_PUBLIC_DATASET
2023-06-13,Madhya Pradesh (Bhopal District),Wheat / Pulses,23.2,77.4,0.1,37.9,29.1,37.8,39,0.1,NORMAL,ERA5_PUBLIC_DATASET
2023-06-14,Madhya Pradesh (Bhopal District),Wheat / Pulses,23.2,77.4,0.0,37.6,28.5,42.8,40,0.0,NORMAL,ERA5_PUBLIC_DATASET
2023-06-15,Madhya Pradesh (Bhopal District),Wheat / Pulses,23.2,77.4,0.0,37.9,27.3,37.1,41,0.0,NORMAL,ERA5_PUBLIC_DATASET
2023-06-16,Madhya Pradesh (Bhopal District),Wheat / Pulses,23.2,77.4,0.0,37.1,28.1,39.6,42,0.0,NORMAL,ERA5_PUBLIC_DATASET
2023-06-17,Madhya Pradesh (Bhopal District),Wheat / Pulses,23.2,77.4,0.0,36.5,27.8,43.9,43,0.0,NORMAL,ERA5_PUBLIC_DATASET
2023-06-18,Madhya Pradesh (Bhopal District),Wheat / Pulses,23.2,77.4,0.3,36.0,26.0,41.8,44,0.1,NORMAL,ERA5_PUBLIC_DATASET
2023-06-19,Madhya Pradesh (Bhopal District),Wheat / Pulses,23.2,77.4,1.9,35.4,26.8,52.6,0,0.9,NORMAL,ERA5_PUBLIC_DATASET
2023-06-20,Madhya Pradesh (Bhopal District),Wheat / Pulses,23.2,77.4,1.7,34.9,26.8,51.5,0,0.8,NORMAL,ERA5_PUBLIC_DATASET
2023-06-21,Madhya Pradesh (Bhopal District),Wheat / Pulses,23.2,77.4,1.2,36.2,27.2,47.9,0,0.6,NORMAL,ERA5_PUBLIC_DATASET
2023-06-22,Madhya Pradesh (Bhopal District),Wheat / Pulses,23.2,77.4,7.7,33.0,25.5,35.3,0,3.9,NORMAL,ERA5_PUBLIC_DATASET
2023-06-23,Madhya Pradesh (Bhopal District),Wheat / Pulses,23.2,77.4,22.4,31.2,24.7,34.2,0,11.2,NORMAL,ERA5_PUBLIC_DATASET
2023-06-24,Madhya Pradesh (Bhopal District),Wheat / Pulses,23.2,77.4,16.2,30.5,24.1,33.8,0,8.1,NORMAL,ERA5_PUBLIC_DATASET
2023-06-25,Madhya Pradesh (Bhopal District),Wheat / Pulses,23.2,77.4,11.8,32.4,23.9,33.5,0,5.9,NORMAL,ERA5_PUBLIC_DATASET
2023-06-26,Madhya Pradesh (Bhopal District),Wheat / Pulses,23.2,77.4,8.3,29.5,23.5,32.8,0,4.2,NORMAL,ERA5_PUBLIC_DATASET
2023-06-27,Madhya Pradesh (Bhopal District),Wheat / Pulses,23.2,77.4,3.1,28.8,23.5,36.7,0,1.6,NORMAL,ERA5_PUBLIC_DATASET
2023-06-28,Madhya Pradesh (Bhopal District),Wheat / Pulses,23.2,77.4,12.7,29.9,23.1,33.5,0,6.3,NORMAL,ERA5_PUBLIC_DATASET
2023-06-29,Madhya Pradesh (Bhopal District),Wheat / Pulses,23.2,77.4,14.8,28.9,22.7,34.2,0,7.4,NORMAL,ERA5_PUBLIC_DATASET
2023-06-30,Madhya Pradesh (Bhopal District),Wheat / Pulses,23.2,77.4,8.0,28.6,23.5,46.1,0,4.0,NORMAL,ERA5_PUBLIC_DATASET
2023-07-01,Madhya Pradesh (Bhopal District),Wheat / Pulses,23.2,77.4,15.7,29.1,24.0,36.0,0,7.8,NORMAL,ERA5_PUBLIC_DATASET
2023-07-02,Madhya Pradesh (Bhopal District),Wheat / Pulses,23.2,77.4,2.0,29.2,23.9,34.6,0,1.0,NORMAL,ERA5_PUBLIC_DATASET
2023-07-03,Madhya Pradesh (Bhopal District),Wheat / Pulses,23.2,77.4,0.7,32.1,24.5,29.9,1,0.3,NORMAL,ERA5_PUBLIC_DATASET
2023-07-04,Madhya Pradesh (Bhopal District),Wheat / Pulses,23.2,77.4,2.3,32.5,24.9,28.1,0,1.1,NORMAL,ERA5_PUBLIC_DATASET
2023-07-05,Madhya Pradesh (Bhopal District),Wheat / Pulses,23.2,77.4,16.6,32.3,24.4,28.8,0,8.3,NORMAL,ERA5_PUBLIC_DATASET
2023-07-06,Madhya Pradesh (Bhopal District),Wheat / Pulses,23.2,77.4,7.5,31.6,24.5,31.3,0,3.8,NORMAL,ERA5_PUBLIC_DATASET
2023-07-07,Madhya Pradesh (Bhopal District),Wheat / Pulses,23.2,77.4,5.9,28.6,24.1,25.9,0,3.0,NORMAL,ERA5_PUBLIC_DATASET
2023-07-08,Madhya Pradesh (Bhopal District),Wheat / Pulses,23.2,77.4,6.9,30.3,24.0,33.8,0,3.5,NORMAL,ERA5_PUBLIC_DATASET
2023-07-09,Madhya Pradesh (Bhopal District),Wheat / Pulses,23.2,77.4,9.6,29.0,24.1,45.7,0,4.8,NORMAL,ERA5_PUBLIC_DATASET
2023-07-10,Madhya Pradesh (Bhopal District),Wheat / Pulses,23.2,77.4,3.9,30.8,23.7,41.0,0,1.9,NORMAL,ERA5_PUBLIC_DATASET
2023-07-11,Madhya Pradesh (Bhopal District),Wheat / Pulses,23.2,77.4,13.0,27.9,23.9,35.6,0,6.5,NORMAL,ERA5_PUBLIC_DATASET
2023-07-12,Madhya Pradesh (Bhopal District),Wheat / Pulses,23.2,77.4,40.1,28.8,23.5,31.3,0,15.0,NORMAL,ERA5_PUBLIC_DATASET
2023-07-13,Madhya Pradesh (Bhopal District),Wheat / Pulses,23.2,77.4,19.8,28.8,23.0,29.9,0,9.9,NORMAL,ERA5_PUBLIC_DATASET
2023-07-14,Madhya Pradesh (Bhopal District),Wheat / Pulses,23.2,77.4,15.2,28.2,24.0,29.9,0,7.6,NORMAL,ERA5_PUBLIC_DATASET
2023-07-15,Madhya Pradesh (Bhopal District),Wheat / Pulses,23.2,77.4,31.9,27.9,23.5,29.5,0,15.0,NORMAL,ERA5_PUBLIC_DATASET
2023-07-16,Madhya Pradesh (Bhopal District),Wheat / Pulses,23.2,77.4,23.9,28.5,22.8,34.6,0,11.9,NORMAL,ERA5_PUBLIC_DATASET
2023-07-17,Madhya Pradesh (Bhopal District),Wheat / Pulses,23.2,77.4,20.6,28.6,23.2,33.5,0,10.3,NORMAL,ERA5_PUBLIC_DATASET
2023-07-18,Madhya Pradesh (Bhopal District),Wheat / Pulses,23.2,77.4,27.7,29.5,23.5,31.0,0,13.8,NORMAL,ERA5_PUBLIC_DATASET
2023-07-19,Madhya Pradesh (Bhopal District),Wheat / Pulses,23.2,77.4,11.3,30.3,23.7,28.8,0,5.7,NORMAL,ERA5_PUBLIC_DATASET
2023-07-20,Madhya Pradesh (Bhopal District),Wheat / Pulses,23.2,77.4,15.1,31.5,23.8,26.3,0,7.5,NORMAL,ERA5_PUBLIC_DATASET
2023-07-21,Madhya Pradesh (Bhopal District),Wheat / Pulses,23.2,77.4,17.4,31.4,23.7,33.8,0,8.7,NORMAL,ERA5_PUBLIC_DATASET
2023-07-22,Madhya Pradesh (Bhopal District),Wheat / Pulses,23.2,77.4,20.7,30.2,23.5,38.5,0,10.3,NORMAL,ERA5_PUBLIC_DATASET
2023-07-23,Madhya Pradesh (Bhopal District),Wheat / Pulses,23.2,77.4,12.0,30.1,23.9,29.9,0,6.0,NORMAL,ERA5_PUBLIC_DATASET
2023-07-24,Madhya Pradesh (Bhopal District),Wheat / Pulses,23.2,77.4,19.4,30.1,23.4,20.9,0,9.7,NORMAL,ERA5_PUBLIC_DATASET
2023-07-25,Madhya Pradesh (Bhopal District),Wheat / Pulses,23.2,77.4,8.3,29.6,24.1,26.3,0,4.2,NORMAL,ERA5_PUBLIC_DATASET
2023-07-26,Madhya Pradesh (Bhopal District),Wheat / Pulses,23.2,77.4,13.1,30.3,24.1,23.0,0,6.5,NORMAL,ERA5_PUBLIC_DATASET
2023-07-27,Madhya Pradesh (Bhopal District),Wheat / Pulses,23.2,77.4,5.8,30.9,24.0,29.5,0,2.9,NORMAL,ERA5_PUBLIC_DATASET
2023-07-28,Madhya Pradesh (Bhopal District),Wheat / Pulses,23.2,77.4,5.4,30.0,24.0,28.8,0,2.7,NORMAL,ERA5_PUBLIC_DATASET
2023-07-29,Madhya Pradesh (Bhopal District),Wheat / Pulses,23.2,77.4,13.7,29.2,24.3,36.7,0,6.8,NORMAL,ERA5_PUBLIC_DATASET
2023-07-30,Madhya Pradesh (Bhopal District),Wheat / Pulses,23.2,77.4,2.4,30.4,24.1,40.3,0,1.2,NORMAL,ERA5_PUBLIC_DATASET
2023-07-31,Madhya Pradesh (Bhopal District),Wheat / Pulses,23.2,77.4,1.5,30.0,23.9,37.1,0,0.8,NORMAL,ERA5_PUBLIC_DATASET
2023-08-01,Madhya Pradesh (Bhopal District),Wheat / Pulses,23.2,77.4,3.8,30.0,24.4,46.8,0,1.9,NORMAL,ERA5_PUBLIC_DATASET
2023-08-02,Madhya Pradesh (Bhopal District),Wheat / Pulses,23.2,77.4,3.9,29.7,24.5,49.0,0,1.9,NORMAL,ERA5_PUBLIC_DATASET
2023-08-03,Madhya Pradesh (Bhopal District),Wheat / Pulses,23.2,77.4,35.1,24.6,23.2,43.2,0,15.0,NORMAL,ERA5_PUBLIC_DATASET
2023-08-04,Madhya Pradesh (Bhopal District),Wheat / Pulses,23.2,77.4,13.2,25.5,23.0,40.3,0,6.6,NORMAL,ERA5_PUBLIC_DATASET
2023-08-05,Madhya Pradesh (Bhopal District),Wheat / Pulses,23.2,77.4,8.8,27.9,23.8,37.1,0,4.4,NORMAL,ERA5_PUBLIC_DATASET
2023-08-06,Madhya Pradesh (Bhopal District),Wheat / Pulses,23.2,77.4,7.0,28.7,23.6,38.2,0,3.5,NORMAL,ERA5_PUBLIC_DATASET
2023-08-07,Madhya Pradesh (Bhopal District),Wheat / Pulses,23.2,77.4,0.1,29.2,23.8,46.4,1,0.1,NORMAL,ERA5_PUBLIC_DATASET
2023-08-08,Madhya Pradesh (Bhopal District),Wheat / Pulses,23.2,77.4,0.2,29.8,23.6,45.0,2,0.1,NORMAL,ERA5_PUBLIC_DATASET
2023-08-09,Madhya Pradesh (Bhopal District),Wheat / Pulses,23.2,77.4,0.2,29.5,23.1,41.4,3,0.1,NORMAL,ERA5_PUBLIC_DATASET
2023-08-10,Madhya Pradesh (Bhopal District),Wheat / Pulses,23.2,77.4,1.5,29.6,22.7,33.5,0,0.8,NORMAL,ERA5_PUBLIC_DATASET
2023-08-11,Madhya Pradesh (Bhopal District),Wheat / Pulses,23.2,77.4,1.2,28.8,22.7,32.8,0,0.6,NORMAL,ERA5_PUBLIC_DATASET
2023-08-12,Madhya Pradesh (Bhopal District),Wheat / Pulses,23.2,77.4,2.0,29.1,23.1,39.6,0,1.0,NORMAL,ERA5_PUBLIC_DATASET
2023-08-13,Madhya Pradesh (Bhopal District),Wheat / Pulses,23.2,77.4,2.0,28.8,23.1,37.1,0,1.0,NORMAL,ERA5_PUBLIC_DATASET
2023-08-14,Madhya Pradesh (Bhopal District),Wheat / Pulses,23.2,77.4,0.5,29.0,22.8,33.1,1,0.2,NORMAL,ERA5_PUBLIC_DATASET
2023-08-15,Madhya Pradesh (Bhopal District),Wheat / Pulses,23.2,77.4,2.6,29.0,22.5,25.9,0,1.3,NORMAL,ERA5_PUBLIC_DATASET
2023-08-16,Madhya Pradesh (Bhopal District),Wheat / Pulses,23.2,77.4,1.7,29.7,23.0,29.9,0,0.8,NORMAL,ERA5_PUBLIC_DATASET
2023-08-17,Madhya Pradesh (Bhopal District),Wheat / Pulses,23.2,77.4,8.3,29.8,23.6,36.4,0,4.2,NORMAL,ERA5_PUBLIC_DATASET
2023-08-18,Madhya Pradesh (Bhopal District),Wheat / Pulses,23.2,77.4,17.8,29.4,23.3,33.8,0,8.9,NORMAL,ERA5_PUBLIC_DATASET
2023-08-19,Madhya Pradesh (Bhopal District),Wheat / Pulses,23.2,77.4,32.6,28.5,22.7,43.2,0,15.0,NORMAL,ERA5_PUBLIC_DATASET
2023-08-20,Madhya Pradesh (Bhopal District),Wheat / Pulses,23.2,77.4,21.2,30.1,23.0,25.6,0,10.6,NORMAL,ERA5_PUBLIC_DATASET
2023-08-21,Madhya Pradesh (Bhopal District),Wheat / Pulses,23.2,77.4,3.6,29.2,23.7,28.8,0,1.8,NORMAL,ERA5_PUBLIC_DATASET
2023-08-22,Madhya Pradesh (Bhopal District),Wheat / Pulses,23.2,77.4,5.1,30.6,22.6,28.8,0,2.5,NORMAL,ERA5_PUBLIC_DATASET
2023-08-23,Madhya Pradesh (Bhopal District),Wheat / Pulses,23.2,77.4,5.3,29.8,23.8,36.4,0,2.6,NORMAL,ERA5_PUBLIC_DATASET
2023-08-24,Madhya Pradesh (Bhopal District),Wheat / Pulses,23.2,77.4,1.3,28.7,22.8,42.8,0,0.7,NORMAL,ERA5_PUBLIC_DATASET
2023-08-25,Madhya Pradesh (Bhopal District),Wheat / Pulses,23.2,77.4,0.1,30.5,22.7,42.8,1,0.1,NORMAL,ERA5_PUBLIC_DATASET
2023-08-26,Madhya Pradesh (Bhopal District),Wheat / Pulses,23.2,77.4,2.0,29.8,22.7,38.2,0,1.0,NORMAL,ERA5_PUBLIC_DATASET
2023-08-27,Madhya Pradesh (Bhopal District),Wheat / Pulses,23.2,77.4,1.0,29.1,22.3,38.2,0,0.5,NORMAL,ERA5_PUBLIC_DATASET
2023-08-28,Madhya Pradesh (Bhopal District),Wheat / Pulses,23.2,77.4,0.2,29.3,21.8,40.0,1,0.1,NORMAL,ERA5_PUBLIC_DATASET
2023-08-29,Madhya Pradesh (Bhopal District),Wheat / Pulses,23.2,77.4,1.2,29.4,21.7,37.1,0,0.6,NORMAL,ERA5_PUBLIC_DATASET
2023-08-30,Madhya Pradesh (Bhopal District),Wheat / Pulses,23.2,77.4,0.5,29.9,22.2,30.2,1,0.2,NORMAL,ERA5_PUBLIC_DATASET
2023-08-31,Madhya Pradesh (Bhopal District),Wheat / Pulses,23.2,77.4,0.0,31.0,22.7,26.3,2,0.0,NORMAL,ERA5_PUBLIC_DATASET
2023-09-01,Madhya Pradesh (Bhopal District),Wheat / Pulses,23.2,77.4,0.1,31.8,23.9,28.4,3,0.1,NORMAL,ERA5_PUBLIC_DATASET
2023-09-02,Madhya Pradesh (Bhopal District),Wheat / Pulses,23.2,77.4,0.0,32.2,24.8,30.6,4,0.0,NORMAL,ERA5_PUBLIC_DATASET
2023-09-03,Madhya Pradesh (Bhopal District),Wheat / Pulses,23.2,77.4,0.0,32.3,24.5,30.2,5,0.0,NORMAL,ERA5_PUBLIC_DATASET
2023-09-04,Madhya Pradesh (Bhopal District),Wheat / Pulses,23.2,77.4,0.0,32.0,24.3,35.6,6,0.0,NORMAL,ERA5_PUBLIC_DATASET
2023-09-05,Madhya Pradesh (Bhopal District),Wheat / Pulses,23.2,77.4,4.2,31.6,23.7,47.5,0,2.1,NORMAL,ERA5_PUBLIC_DATASET
2023-09-06,Madhya Pradesh (Bhopal District),Wheat / Pulses,23.2,77.4,24.3,28.0,23.5,32.0,0,12.2,NORMAL,ERA5_PUBLIC_DATASET
2023-09-07,Madhya Pradesh (Bhopal District),Wheat / Pulses,23.2,77.4,10.0,27.9,22.9,32.0,0,5.0,NORMAL,ERA5_PUBLIC_DATASET
2023-09-08,Madhya Pradesh (Bhopal District),Wheat / Pulses,23.2,77.4,16.7,28.7,22.9,27.0,0,8.3,NORMAL,ERA5_PUBLIC_DATASET
2023-09-09,Madhya Pradesh (Bhopal District),Wheat / Pulses,23.2,77.4,10.8,28.4,23.1,36.0,0,5.4,NORMAL,ERA5_PUBLIC_DATASET
2023-09-10,Madhya Pradesh (Bhopal District),Wheat / Pulses,23.2,77.4,4.5,28.4,23.1,43.2,0,2.2,NORMAL,ERA5_PUBLIC_DATASET
2023-09-11,Madhya Pradesh (Bhopal District),Wheat / Pulses,23.2,77.4,3.0,29.8,24.0,47.9,0,1.5,NORMAL,ERA5_PUBLIC_DATASET
2023-09-12,Madhya Pradesh (Bhopal District),Wheat / Pulses,23.2,77.4,2.4,29.6,24.0,43.6,0,1.2,NORMAL,ERA5_PUBLIC_DATASET
2023-09-13,Madhya Pradesh (Bhopal District),Wheat / Pulses,23.2,77.4,4.6,28.8,23.6,39.6,0,2.3,NORMAL,ERA5_PUBLIC_DATASET
2023-09-14,Madhya Pradesh (Bhopal District),Wheat / Pulses,23.2,77.4,15.4,28.2,23.3,30.6,0,7.7,NORMAL,ERA5_PUBLIC_DATASET
2023-09-15,Madhya Pradesh (Bhopal District),Wheat / Pulses,23.2,77.4,39.6,28.2,23.0,49.7,0,15.0,NORMAL,ERA5_PUBLIC_DATASET
2023-09-16,Madhya Pradesh (Bhopal District),Wheat / Pulses,23.2,77.4,22.6,25.2,22.0,50.4,0,11.3,NORMAL,ERA5_PUBLIC_DATASET
2023-09-17,Madhya Pradesh (Bhopal District),Wheat / Pulses,23.2,77.4,29.4,26.5,21.7,69.5,0,74.2,EXTREME_WIND,ERA5_PUBLIC_DATASET
2023-09-18,Madhya Pradesh (Bhopal District),Wheat / Pulses,23.2,77.4,0.4,29.3,22.1,34.2,1,0.2,NORMAL,ERA5_PUBLIC_DATASET
2023-09-19,Madhya Pradesh (Bhopal District),Wheat / Pulses,23.2,77.4,0.1,30.4,22.2,24.5,2,0.1,NORMAL,ERA5_PUBLIC_DATASET
2023-09-20,Madhya Pradesh (Bhopal District),Wheat / Pulses,23.2,77.4,0.6,30.4,23.1,21.2,3,0.3,NORMAL,ERA5_PUBLIC_DATASET
2023-09-21,Madhya Pradesh (Bhopal District),Wheat / Pulses,23.2,77.4,7.5,29.8,24.0,27.7,0,3.8,NORMAL,ERA5_PUBLIC_DATASET
2023-09-22,Madhya Pradesh (Bhopal District),Wheat / Pulses,23.2,77.4,4.6,30.3,23.5,31.0,0,2.3,NORMAL,ERA5_PUBLIC_DATASET
2023-09-23,Madhya Pradesh (Bhopal District),Wheat / Pulses,23.2,77.4,1.8,30.0,23.0,22.0,0,0.9,NORMAL,ERA5_PUBLIC_DATASET
2023-09-24,Madhya Pradesh (Bhopal District),Wheat / Pulses,23.2,77.4,3.6,31.0,23.5,32.8,0,1.8,NORMAL,ERA5_PUBLIC_DATASET
2023-09-25,Madhya Pradesh (Bhopal District),Wheat / Pulses,23.2,77.4,2.1,29.7,22.6,27.4,0,1.1,NORMAL,ERA5_PUBLIC_DATASET
2023-09-26,Madhya Pradesh (Bhopal District),Wheat / Pulses,23.2,77.4,0.4,30.5,23.3,25.9,1,0.2,NORMAL,ERA5_PUBLIC_DATASET
2023-09-27,Madhya Pradesh (Bhopal District),Wheat / Pulses,23.2,77.4,0.4,30.9,23.1,28.1,2,0.2,NORMAL,ERA5_PUBLIC_DATASET
2023-09-28,Madhya Pradesh (Bhopal District),Wheat / Pulses,23.2,77.4,0.0,30.8,21.7,27.0,3,0.0,NORMAL,ERA5_PUBLIC_DATASET
2023-09-29,Madhya Pradesh (Bhopal District),Wheat / Pulses,23.2,77.4,0.2,30.8,23.2,25.9,4,0.1,NORMAL,ERA5_PUBLIC_DATASET
2023-09-30,Madhya Pradesh (Bhopal District),Wheat / Pulses,23.2,77.4,0.0,31.8,21.6,27.4,5,0.0,NORMAL,ERA5_PUBLIC_DATASET
2023-10-01,Madhya Pradesh (Bhopal District),Wheat / Pulses,23.2,77.4,0.0,31.5,21.7,29.9,6,0.0,NORMAL,ERA5_PUBLIC_DATASET
2023-10-02,Madhya Pradesh (Bhopal District),Wheat / Pulses,23.2,77.4,0.0,32.6,22.4,36.7,7,0.0,NORMAL,ERA5_PUBLIC_DATASET
2023-10-03,Madhya Pradesh (Bhopal District),Wheat / Pulses,23.2,77.4,0.0,32.4,21.9,33.1,8,0.0,NORMAL,ERA5_PUBLIC_DATASET
2023-10-04,Madhya Pradesh (Bhopal District),Wheat / Pulses,23.2,77.4,0.0,32.1,19.9,34.9,9,0.0,NORMAL,ERA5_PUBLIC_DATASET
2023-10-05,Madhya Pradesh (Bhopal District),Wheat / Pulses,23.2,77.4,0.0,32.1,20.9,35.3,10,0.0,NORMAL,ERA5_PUBLIC_DATASET
2023-10-06,Madhya Pradesh (Bhopal District),Wheat / Pulses,23.2,77.4,0.0,32.4,21.1,33.8,11,0.0,NORMAL,ERA5_PUBLIC_DATASET
2023-10-07,Madhya Pradesh (Bhopal District),Wheat / Pulses,23.2,77.4,0.0,33.0,22.2,31.3,12,0.0,NORMAL,ERA5_PUBLIC_DATASET
2023-10-08,Madhya Pradesh (Bhopal District),Wheat / Pulses,23.2,77.4,0.0,33.2,22.1,31.0,13,0.0,NORMAL,ERA5_PUBLIC_DATASET
2023-10-09,Madhya Pradesh (Bhopal District),Wheat / Pulses,23.2,77.4,0.0,33.4,22.9,32.4,14,0.0,NORMAL,ERA5_PUBLIC_DATASET
2023-10-10,Madhya Pradesh (Bhopal District),Wheat / Pulses,23.2,77.4,0.0,33.3,22.7,27.0,15,0.0,NORMAL,ERA5_PUBLIC_DATASET
2023-10-11,Madhya Pradesh (Bhopal District),Wheat / Pulses,23.2,77.4,0.0,33.0,22.8,30.2,16,0.0,NORMAL,ERA5_PUBLIC_DATASET
2023-10-12,Madhya Pradesh (Bhopal District),Wheat / Pulses,23.2,77.4,0.0,33.2,22.3,31.7,17,0.0,NORMAL,ERA5_PUBLIC_DATASET
2023-10-13,Madhya Pradesh (Bhopal District),Wheat / Pulses,23.2,77.4,0.0,33.3,22.3,26.6,18,0.0,NORMAL,ERA5_PUBLIC_DATASET
2023-10-14,Madhya Pradesh (Bhopal District),Wheat / Pulses,23.2,77.4,0.0,33.2,21.6,27.7,19,0.0,NORMAL,ERA5_PUBLIC_DATASET
2023-10-15,Madhya Pradesh (Bhopal District),Wheat / Pulses,23.2,77.4,0.0,33.3,22.6,23.8,20,0.0,NORMAL,ERA5_PUBLIC_DATASET
2023-10-16,Madhya Pradesh (Bhopal District),Wheat / Pulses,23.2,77.4,1.2,30.5,20.0,34.2,0,0.6,NORMAL,ERA5_PUBLIC_DATASET
2023-10-17,Madhya Pradesh (Bhopal District),Wheat / Pulses,23.2,77.4,0.0,30.6,20.8,19.8,1,0.0,NORMAL,ERA5_PUBLIC_DATASET
2023-10-18,Madhya Pradesh (Bhopal District),Wheat / Pulses,23.2,77.4,0.0,30.2,20.1,20.5,2,0.0,NORMAL,ERA5_PUBLIC_DATASET
2023-10-19,Madhya Pradesh (Bhopal District),Wheat / Pulses,23.2,77.4,0.3,29.5,20.6,24.1,3,0.1,NORMAL,ERA5_PUBLIC_DATASET
2023-10-20,Madhya Pradesh (Bhopal District),Wheat / Pulses,23.2,77.4,0.0,31.2,19.8,21.2,4,0.0,NORMAL,ERA5_PUBLIC_DATASET
2023-10-21,Madhya Pradesh (Bhopal District),Wheat / Pulses,23.2,77.4,0.0,31.5,19.8,23.8,5,0.0,NORMAL,ERA5_PUBLIC_DATASET
2023-10-22,Madhya Pradesh (Bhopal District),Wheat / Pulses,23.2,77.4,0.0,31.1,18.7,22.7,6,0.0,NORMAL,ERA5_PUBLIC_DATASET
2023-10-23,Madhya Pradesh (Bhopal District),Wheat / Pulses,23.2,77.4,0.0,30.1,18.6,30.6,7,0.0,NORMAL,ERA5_PUBLIC_DATASET
2023-10-24,Madhya Pradesh (Bhopal District),Wheat / Pulses,23.2,77.4,0.0,30.0,18.0,26.3,8,0.0,NORMAL,ERA5_PUBLIC_DATASET
2023-10-25,Madhya Pradesh (Bhopal District),Wheat / Pulses,23.2,77.4,0.0,29.9,18.1,24.5,9,0.0,NORMAL,ERA5_PUBLIC_DATASET
2023-10-26,Madhya Pradesh (Bhopal District),Wheat / Pulses,23.2,77.4,0.0,30.4,18.8,29.5,10,0.0,NORMAL,ERA5_PUBLIC_DATASET
2023-10-27,Madhya Pradesh (Bhopal District),Wheat / Pulses,23.2,77.4,0.0,30.3,17.9,26.3,11,0.0,NORMAL,ERA5_PUBLIC_DATASET
2023-10-28,Madhya Pradesh (Bhopal District),Wheat / Pulses,23.2,77.4,0.0,30.0,16.5,25.6,12,0.0,NORMAL,ERA5_PUBLIC_DATASET
2023-10-29,Madhya Pradesh (Bhopal District),Wheat / Pulses,23.2,77.4,0.0,29.9,17.1,20.9,13,0.0,NORMAL,ERA5_PUBLIC_DATASET
2023-10-30,Madhya Pradesh (Bhopal District),Wheat / Pulses,23.2,77.4,0.0,30.4,17.5,25.2,14,0.0,NORMAL,ERA5_PUBLIC_DATASET
2023-10-31,Madhya Pradesh (Bhopal District),Wheat / Pulses,23.2,77.4,0.0,30.2,17.8,27.0,15,0.0,NORMAL,ERA5_PUBLIC_DATASET
2023-11-01,Madhya Pradesh (Bhopal District),Wheat / Pulses,23.2,77.4,0.0,29.7,17.9,23.0,16,0.0,NORMAL,ERA5_PUBLIC_DATASET
2023-11-02,Madhya Pradesh (Bhopal District),Wheat / Pulses,23.2,77.4,0.0,29.8,18.9,22.3,17,0.0,NORMAL,ERA5_PUBLIC_DATASET
2023-11-03,Madhya Pradesh (Bhopal District),Wheat / Pulses,23.2,77.4,0.0,30.0,17.6,32.0,18,0.0,NORMAL,ERA5_PUBLIC_DATASET
2023-11-04,Madhya Pradesh (Bhopal District),Wheat / Pulses,23.2,77.4,0.0,30.4,17.7,25.2,19,0.0,NORMAL,ERA5_PUBLIC_DATASET
2023-11-05,Madhya Pradesh (Bhopal District),Wheat / Pulses,23.2,77.4,0.0,30.5,17.8,20.9,20,0.0,NORMAL,ERA5_PUBLIC_DATASET
2023-11-06,Madhya Pradesh (Bhopal District),Wheat / Pulses,23.2,77.4,0.0,30.6,17.6,22.0,21,0.0,NORMAL,ERA5_PUBLIC_DATASET
2023-11-07,Madhya Pradesh (Bhopal District),Wheat / Pulses,23.2,77.4,0.0,30.6,18.2,23.4,22,0.0,NORMAL,ERA5_PUBLIC_DATASET
2023-11-08,Madhya Pradesh (Bhopal District),Wheat / Pulses,23.2,77.4,0.0,31.7,17.6,22.7,23,0.0,NORMAL,ERA5_PUBLIC_DATASET
2023-11-09,Madhya Pradesh (Bhopal District),Wheat / Pulses,23.2,77.4,0.0,31.3,18.1,21.2,24,0.0,NORMAL,ERA5_PUBLIC_DATASET
2023-11-10,Madhya Pradesh (Bhopal District),Wheat / Pulses,23.2,77.4,0.0,32.0,19.1,25.2,25,0.0,NORMAL,ERA5_PUBLIC_DATASET
2023-11-11,Madhya Pradesh (Bhopal District),Wheat / Pulses,23.2,77.4,0.0,31.0,18.6,28.8,26,0.0,NORMAL,ERA5_PUBLIC_DATASET
2023-11-12,Madhya Pradesh (Bhopal District),Wheat / Pulses,23.2,77.4,0.0,28.5,17.3,24.1,27,0.0,NORMAL,ERA5_PUBLIC_DATASET
2023-11-13,Madhya Pradesh (Bhopal District),Wheat / Pulses,23.2,77.4,0.0,26.9,15.2,23.8,28,0.0,NORMAL,ERA5_PUBLIC_DATASET
2023-11-14,Madhya Pradesh (Bhopal District),Wheat / Pulses,23.2,77.4,0.0,27.9,15.1,23.4,29,0.0,NORMAL,ERA5_PUBLIC_DATASET
2023-11-15,Madhya Pradesh (Bhopal District),Wheat / Pulses,23.2,77.4,0.0,27.2,15.8,26.6,30,0.0,NORMAL,ERA5_PUBLIC_DATASET
2023-11-16,Madhya Pradesh (Bhopal District),Wheat / Pulses,23.2,77.4,0.0,27.5,16.3,27.7,31,0.0,NORMAL,ERA5_PUBLIC_DATASET
2023-11-17,Madhya Pradesh (Bhopal District),Wheat / Pulses,23.2,77.4,0.0,27.1,15.8,24.1,32,0.0,NORMAL,ERA5_PUBLIC_DATASET
2023-11-18,Madhya Pradesh (Bhopal District),Wheat / Pulses,23.2,77.4,0.0,28.1,15.7,24.8,33,0.0,NORMAL,ERA5_PUBLIC_DATASET
2023-11-19,Madhya Pradesh (Bhopal District),Wheat / Pulses,23.2,77.4,0.0,29.5,17.1,23.8,34,0.0,NORMAL,ERA5_PUBLIC_DATASET
2023-11-20,Madhya Pradesh (Bhopal District),Wheat / Pulses,23.2,77.4,0.0,29.1,17.5,20.9,35,0.0,NORMAL,ERA5_PUBLIC_DATASET
2023-11-21,Madhya Pradesh (Bhopal District),Wheat / Pulses,23.2,77.4,0.0,28.3,17.6,27.0,36,0.0,NORMAL,ERA5_PUBLIC_DATASET
2023-11-22,Madhya Pradesh (Bhopal District),Wheat / Pulses,23.2,77.4,0.0,28.1,16.5,19.4,37,0.0,NORMAL,ERA5_PUBLIC_DATASET
2023-11-23,Madhya Pradesh (Bhopal District),Wheat / Pulses,23.2,77.4,0.0,28.5,16.3,23.0,38,0.0,NORMAL,ERA5_PUBLIC_DATASET
2023-11-24,Madhya Pradesh (Bhopal District),Wheat / Pulses,23.2,77.4,0.0,27.7,16.2,31.3,39,0.0,NORMAL,ERA5_PUBLIC_DATASET
2023-11-25,Madhya Pradesh (Bhopal District),Wheat / Pulses,23.2,77.4,0.0,27.6,15.5,28.4,40,0.0,NORMAL,ERA5_PUBLIC_DATASET
2023-11-26,Madhya Pradesh (Bhopal District),Wheat / Pulses,23.2,77.4,0.0,26.7,15.6,26.6,41,0.0,NORMAL,ERA5_PUBLIC_DATASET
2023-11-27,Madhya Pradesh (Bhopal District),Wheat / Pulses,23.2,77.4,9.4,21.9,15.8,32.4,0,4.7,NORMAL,ERA5_PUBLIC_DATASET
2023-11-28,Madhya Pradesh (Bhopal District),Wheat / Pulses,23.2,77.4,0.9,23.8,15.5,25.9,1,0.5,NORMAL,ERA5_PUBLIC_DATASET
2023-11-29,Madhya Pradesh (Bhopal District),Wheat / Pulses,23.2,77.4,1.3,24.0,14.8,27.7,0,0.7,NORMAL,ERA5_PUBLIC_DATASET
2023-11-30,Madhya Pradesh (Bhopal District),Wheat / Pulses,23.2,77.4,11.4,26.2,16.1,31.3,0,5.7,NORMAL,ERA5_PUBLIC_DATASET
2023-12-01,Madhya Pradesh (Bhopal District),Wheat / Pulses,23.2,77.4,7.7,24.4,17.3,25.2,0,3.9,NORMAL,ERA5_PUBLIC_DATASET
2023-12-02,Madhya Pradesh (Bhopal District),Wheat / Pulses,23.2,77.4,0.2,24.4,17.5,28.1,1,0.1,NORMAL,ERA5_PUBLIC_DATASET
2023-12-03,Madhya Pradesh (Bhopal District),Wheat / Pulses,23.2,77.4,0.0,27.0,17.7,30.6,2,0.0,NORMAL,ERA5_PUBLIC_DATASET
2023-12-04,Madhya Pradesh (Bhopal District),Wheat / Pulses,23.2,77.4,0.3,26.7,16.9,25.2,3,0.1,NORMAL,ERA5_PUBLIC_DATASET
2023-12-05,Madhya Pradesh (Bhopal District),Wheat / Pulses,23.2,77.4,2.6,23.7,17.1,29.9,0,1.3,NORMAL,ERA5_PUBLIC_DATASET
2023-12-06,Madhya Pradesh (Bhopal District),Wheat / Pulses,23.2,77.4,0.3,23.7,16.2,38.9,1,0.1,NORMAL,ERA5_PUBLIC_DATASET
2023-12-07,Madhya Pradesh (Bhopal District),Wheat / Pulses,23.2,77.4,0.2,22.5,16.2,31.7,2,0.1,NORMAL,ERA5_PUBLIC_DATASET
2023-12-08,Madhya Pradesh (Bhopal District),Wheat / Pulses,23.2,77.4,0.0,24.0,14.7,25.2,3,0.0,NORMAL,ERA5_PUBLIC_DATASET
2023-12-09,Madhya Pradesh (Bhopal District),Wheat / Pulses,23.2,77.4,0.0,24.1,14.2,18.0,4,0.0,NORMAL,ERA5_PUBLIC_DATASET
2023-12-10,Madhya Pradesh (Bhopal District),Wheat / Pulses,23.2,77.4,0.0,24.4,13.3,16.9,5,0.0,NORMAL,ERA5_PUBLIC_DATASET
2023-12-11,Madhya Pradesh (Bhopal District),Wheat / Pulses,23.2,77.4,0.0,24.4,13.8,16.9,6,0.0,NORMAL,ERA5_PUBLIC_DATASET
2023-12-12,Madhya Pradesh (Bhopal District),Wheat / Pulses,23.2,77.4,0.0,24.5,13.2,18.4,7,0.0,NORMAL,ERA5_PUBLIC_DATASET
2023-12-13,Madhya Pradesh (Bhopal District),Wheat / Pulses,23.2,77.4,0.0,23.7,12.8,18.7,8,0.0,NORMAL,ERA5_PUBLIC_DATASET
2023-12-14,Madhya Pradesh (Bhopal District),Wheat / Pulses,23.2,77.4,0.0,23.8,11.6,22.7,9,0.0,NORMAL,ERA5_PUBLIC_DATASET
2023-12-15,Madhya Pradesh (Bhopal District),Wheat / Pulses,23.2,77.4,0.0,24.5,11.9,21.6,10,0.0,NORMAL,ERA5_PUBLIC_DATASET
2023-12-16,Madhya Pradesh (Bhopal District),Wheat / Pulses,23.2,77.4,0.0,24.6,12.5,19.4,11,0.0,NORMAL,ERA5_PUBLIC_DATASET
2023-12-17,Madhya Pradesh (Bhopal District),Wheat / Pulses,23.2,77.4,0.0,23.1,14.0,25.6,12,0.0,NORMAL,ERA5_PUBLIC_DATASET
2023-12-18,Madhya Pradesh (Bhopal District),Wheat / Pulses,23.2,77.4,0.0,22.1,11.0,29.5,13,0.0,NORMAL,ERA5_PUBLIC_DATASET
2023-12-19,Madhya Pradesh (Bhopal District),Wheat / Pulses,23.2,77.4,0.0,20.8,11.3,29.2,14,0.0,NORMAL,ERA5_PUBLIC_DATASET
2023-12-20,Madhya Pradesh (Bhopal District),Wheat / Pulses,23.2,77.4,0.0,21.9,10.2,27.7,15,0.0,NORMAL,ERA5_PUBLIC_DATASET
2023-12-21,Madhya Pradesh (Bhopal District),Wheat / Pulses,23.2,77.4,0.0,23.4,11.6,22.0,16,0.0,NORMAL,ERA5_PUBLIC_DATASET
2023-12-22,Madhya Pradesh (Bhopal District),Wheat / Pulses,23.2,77.4,0.0,22.3,13.1,21.6,17,0.0,NORMAL,ERA5_PUBLIC_DATASET
2023-12-23,Madhya Pradesh (Bhopal District),Wheat / Pulses,23.2,77.4,0.0,25.4,11.4,23.0,18,0.0,NORMAL,ERA5_PUBLIC_DATASET
2023-12-24,Madhya Pradesh (Bhopal District),Wheat / Pulses,23.2,77.4,0.0,26.0,12.6,22.0,19,0.0,NORMAL,ERA5_PUBLIC_DATASET
2023-12-25,Madhya Pradesh (Bhopal District),Wheat / Pulses,23.2,77.4,0.0,26.1,13.0,19.8,20,0.0,NORMAL,ERA5_PUBLIC_DATASET
2023-12-26,Madhya Pradesh (Bhopal District),Wheat / Pulses,23.2,77.4,0.0,26.3,11.7,19.1,21,0.0,NORMAL,ERA5_PUBLIC_DATASET
2023-12-27,Madhya Pradesh (Bhopal District),Wheat / Pulses,23.2,77.4,0.0,26.0,12.5,20.9,22,0.0,NORMAL,ERA5_PUBLIC_DATASET
2023-12-28,Madhya Pradesh (Bhopal District),Wheat / Pulses,23.2,77.4,0.0,25.1,12.6,22.0,23,0.0,NORMAL,ERA5_PUBLIC_DATASET
2023-12-29,Madhya Pradesh (Bhopal District),Wheat / Pulses,23.2,77.4,0.0,25.7,12.6,21.6,24,0.0,NORMAL,ERA5_PUBLIC_DATASET
2023-12-30,Madhya Pradesh (Bhopal District),Wheat / Pulses,23.2,77.4,0.0,26.3,13.4,19.1,25,0.0,NORMAL,ERA5_PUBLIC_DATASET
2023-12-31,Madhya Pradesh (Bhopal District),Wheat / Pulses,23.2,77.4,0.0,26.6,14.6,24.5,26,0.0,NORMAL,ERA5_PUBLIC_DATASET
2024-01-01,Madhya Pradesh (Bhopal District),Wheat / Pulses,23.2,77.4,0.2,26.6,14.7,20.9,27,0.1,NORMAL,ERA5_PUBLIC_DATASET
2024-01-02,Madhya Pradesh (Bhopal District),Wheat / Pulses,23.2,77.4,0.0,25.9,14.6,25.2,28,0.0,NORMAL,ERA5_PUBLIC_DATASET
2024-01-03,Madhya Pradesh (Bhopal District),Wheat / Pulses,23.2,77.4,1.1,24.6,14.7,26.6,0,0.6,NORMAL,ERA5_PUBLIC_DATASET
2024-01-04,Madhya Pradesh (Bhopal District),Wheat / Pulses,23.2,77.4,6.3,22.5,15.2,25.9,0,3.1,NORMAL,ERA5_PUBLIC_DATASET
2024-01-05,Madhya Pradesh (Bhopal District),Wheat / Pulses,23.2,77.4,2.1,21.6,14.5,25.2,0,1.1,NORMAL,ERA5_PUBLIC_DATASET
2024-01-06,Madhya Pradesh (Bhopal District),Wheat / Pulses,23.2,77.4,0.4,22.0,14.3,23.4,1,0.2,NORMAL,ERA5_PUBLIC_DATASET
2024-01-07,Madhya Pradesh (Bhopal District),Wheat / Pulses,23.2,77.4,0.3,18.8,12.6,24.8,2,0.1,NORMAL,ERA5_PUBLIC_DATASET
2024-01-08,Madhya Pradesh (Bhopal District),Wheat / Pulses,23.2,77.4,0.9,21.4,14.3,21.2,3,0.5,NORMAL,ERA5_PUBLIC_DATASET
2024-01-09,Madhya Pradesh (Bhopal District),Wheat / Pulses,23.2,77.4,0.0,26.2,15.2,20.2,4,0.0,NORMAL,ERA5_PUBLIC_DATASET
2024-01-10,Madhya Pradesh (Bhopal District),Wheat / Pulses,23.2,77.4,1.0,21.5,14.5,28.1,0,0.5,NORMAL,ERA5_PUBLIC_DATASET
2024-01-11,Madhya Pradesh (Bhopal District),Wheat / Pulses,23.2,77.4,0.1,23.7,13.8,19.4,1,0.1,NORMAL,ERA5_PUBLIC_DATASET
2024-01-12,Madhya Pradesh (Bhopal District),Wheat / Pulses,23.2,77.4,0.0,24.4,13.8,20.9,2,0.0,NORMAL,ERA5_PUBLIC_DATASET
2024-01-13,Madhya Pradesh (Bhopal District),Wheat / Pulses,23.2,77.4,0.0,27.3,13.7,29.2,3,0.0,NORMAL,ERA5_PUBLIC_DATASET
2024-01-14,Madhya Pradesh (Bhopal District),Wheat / Pulses,23.2,77.4,0.0,26.2,14.2,23.0,4,0.0,NORMAL,ERA5_PUBLIC_DATASET
2024-01-15,Madhya Pradesh (Bhopal District),Wheat / Pulses,23.2,77.4,0.0,22.6,13.0,22.0,5,0.0,NORMAL,ERA5_PUBLIC_DATASET
2024-01-16,Madhya Pradesh (Bhopal District),Wheat / Pulses,23.2,77.4,0.0,22.9,10.4,20.2,6,0.0,NORMAL,ERA5_PUBLIC_DATASET
2024-01-17,Madhya Pradesh (Bhopal District),Wheat / Pulses,23.2,77.4,0.0,23.8,11.1,23.0,7,0.0,NORMAL,ERA5_PUBLIC_DATASET
2024-01-18,Madhya Pradesh (Bhopal District),Wheat / Pulses,23.2,77.4,0.0,23.0,11.5,24.8,8,0.0,NORMAL,ERA5_PUBLIC_DATASET
2024-01-19,Madhya Pradesh (Bhopal District),Wheat / Pulses,23.2,77.4,0.0,21.6,10.4,26.3,9,0.0,NORMAL,ERA5_PUBLIC_DATASET
2024-01-20,Madhya Pradesh (Bhopal District),Wheat / Pulses,23.2,77.4,0.0,22.4,11.5,22.7,10,0.0,NORMAL,ERA5_PUBLIC_DATASET
2024-01-21,Madhya Pradesh (Bhopal District),Wheat / Pulses,23.2,77.4,0.0,21.2,8.4,20.9,11,0.0,NORMAL,ERA5_PUBLIC_DATASET
2024-01-22,Madhya Pradesh (Bhopal District),Wheat / Pulses,23.2,77.4,0.0,21.8,9.0,27.4,12,0.0,NORMAL,ERA5_PUBLIC_DATASET
2024-01-23,Madhya Pradesh (Bhopal District),Wheat / Pulses,23.2,77.4,0.0,21.5,9.9,27.4,13,0.0,NORMAL,ERA5_PUBLIC_DATASET
2024-01-24,Madhya Pradesh (Bhopal District),Wheat / Pulses,23.2,77.4,0.0,22.0,7.7,22.3,14,0.0,NORMAL,ERA5_PUBLIC_DATASET
2024-01-25,Madhya Pradesh (Bhopal District),Wheat / Pulses,23.2,77.4,0.0,22.4,9.2,21.2,15,0.0,NORMAL,ERA5_PUBLIC_DATASET
2024-01-26,Madhya Pradesh (Bhopal District),Wheat / Pulses,23.2,77.4,0.0,23.3,8.8,22.3,16,0.0,NORMAL,ERA5_PUBLIC_DATASET
2024-01-27,Madhya Pradesh (Bhopal District),Wheat / Pulses,23.2,77.4,0.0,24.2,9.8,20.5,17,0.0,NORMAL,ERA5_PUBLIC_DATASET
2024-01-28,Madhya Pradesh (Bhopal District),Wheat / Pulses,23.2,77.4,0.0,26.3,11.1,19.4,18,0.0,NORMAL,ERA5_PUBLIC_DATASET
2024-01-29,Madhya Pradesh (Bhopal District),Wheat / Pulses,23.2,77.4,0.0,26.7,13.9,27.7,19,0.0,NORMAL,ERA5_PUBLIC_DATASET
2024-01-30,Madhya Pradesh (Bhopal District),Wheat / Pulses,23.2,77.4,0.0,24.8,12.5,21.2,20,0.0,NORMAL,ERA5_PUBLIC_DATASET
2024-01-31,Madhya Pradesh (Bhopal District),Wheat / Pulses,23.2,77.4,0.0,26.0,12.3,20.2,21,0.0,NORMAL,ERA5_PUBLIC_DATASET
2024-02-01,Madhya Pradesh (Bhopal District),Wheat / Pulses,23.2,77.4,0.0,26.2,14.8,25.9,22,0.0,NORMAL,ERA5_PUBLIC_DATASET
2024-02-02,Madhya Pradesh (Bhopal District),Wheat / Pulses,23.2,77.4,0.0,26.6,14.0,22.7,23,0.0,NORMAL,ERA5_PUBLIC_DATASET
2024-02-03,Madhya Pradesh (Bhopal District),Wheat / Pulses,23.2,77.4,0.0,26.4,13.3,23.8,24,0.0,NORMAL,ERA5_PUBLIC_DATASET
2024-02-04,Madhya Pradesh (Bhopal District),Wheat / Pulses,23.2,77.4,0.0,28.8,15.7,28.4,25,0.0,NORMAL,ERA5_PUBLIC_DATASET
2024-02-05,Madhya Pradesh (Bhopal District),Wheat / Pulses,23.2,77.4,0.0,29.5,15.8,34.9,26,0.0,NORMAL,ERA5_PUBLIC_DATASET
2024-02-06,Madhya Pradesh (Bhopal District),Wheat / Pulses,23.2,77.4,0.0,27.6,15.6,34.9,27,0.0,NORMAL,ERA5_PUBLIC_DATASET
2024-02-07,Madhya Pradesh (Bhopal District),Wheat / Pulses,23.2,77.4,0.0,26.4,14.4,31.0,28,0.0,NORMAL,ERA5_PUBLIC_DATASET
2024-02-08,Madhya Pradesh (Bhopal District),Wheat / Pulses,23.2,77.4,0.0,22.6,12.7,25.6,29,0.0,NORMAL,ERA5_PUBLIC_DATASET
2024-02-09,Madhya Pradesh (Bhopal District),Wheat / Pulses,23.2,77.4,0.0,23.5,10.9,29.2,30,0.0,NORMAL,ERA5_PUBLIC_DATASET
2024-02-10,Madhya Pradesh (Bhopal District),Wheat / Pulses,23.2,77.4,0.0,24.8,11.9,29.9,31,0.0,NORMAL,ERA5_PUBLIC_DATASET
2024-02-11,Madhya Pradesh (Bhopal District),Wheat / Pulses,23.2,77.4,0.0,25.2,12.9,31.3,32,0.0,NORMAL,ERA5_PUBLIC_DATASET
2024-02-12,Madhya Pradesh (Bhopal District),Wheat / Pulses,23.2,77.4,0.0,27.7,14.0,24.5,33,0.0,NORMAL,ERA5_PUBLIC_DATASET
2024-02-13,Madhya Pradesh (Bhopal District),Wheat / Pulses,23.2,77.4,0.0,28.6,15.8,25.9,34,0.0,NORMAL,ERA5_PUBLIC_DATASET
2024-02-14,Madhya Pradesh (Bhopal District),Wheat / Pulses,23.2,77.4,0.1,26.4,16.0,27.4,35,0.1,NORMAL,ERA5_PUBLIC_DATASET
2024-02-15,Madhya Pradesh (Bhopal District),Wheat / Pulses,23.2,77.4,0.0,26.6,15.1,29.9,36,0.0,NORMAL,ERA5_PUBLIC_DATASET
2024-02-16,Madhya Pradesh (Bhopal District),Wheat / Pulses,23.2,77.4,0.0,27.6,15.0,27.7,37,0.0,NORMAL,ERA5_PUBLIC_DATASET
2024-02-17,Madhya Pradesh (Bhopal District),Wheat / Pulses,23.2,77.4,0.0,29.2,14.7,23.4,38,0.0,NORMAL,ERA5_PUBLIC_DATASET
2024-02-18,Madhya Pradesh (Bhopal District),Wheat / Pulses,23.2,77.4,0.0,31.2,16.6,23.0,39,0.0,NORMAL,ERA5_PUBLIC_DATASET
2024-02-19,Madhya Pradesh (Bhopal District),Wheat / Pulses,23.2,77.4,0.0,31.0,18.0,33.5,40,0.0,NORMAL,ERA5_PUBLIC_DATASET
2024-02-20,Madhya Pradesh (Bhopal District),Wheat / Pulses,23.2,77.4,0.0,30.8,18.8,30.6,41,0.0,NORMAL,ERA5_PUBLIC_DATASET
2024-02-21,Madhya Pradesh (Bhopal District),Wheat / Pulses,23.2,77.4,0.0,28.6,18.0,50.0,42,0.0,NORMAL,ERA5_PUBLIC_DATASET
2024-02-22,Madhya Pradesh (Bhopal District),Wheat / Pulses,23.2,77.4,0.0,26.9,17.3,41.8,43,0.0,NORMAL,ERA5_PUBLIC_DATASET
2024-02-23,Madhya Pradesh (Bhopal District),Wheat / Pulses,23.2,77.4,0.0,26.3,15.2,24.1,44,0.0,NORMAL,ERA5_PUBLIC_DATASET
2024-02-24,Madhya Pradesh (Bhopal District),Wheat / Pulses,23.2,77.4,0.0,27.4,13.9,27.0,45,0.0,NORMAL,ERA5_PUBLIC_DATASET
2024-02-25,Madhya Pradesh (Bhopal District),Wheat / Pulses,23.2,77.4,0.0,26.3,13.7,30.6,46,0.0,NORMAL,ERA5_PUBLIC_DATASET
2024-02-26,Madhya Pradesh (Bhopal District),Wheat / Pulses,23.2,77.4,0.0,27.6,16.2,35.6,47,0.0,NORMAL,ERA5_PUBLIC_DATASET
2024-02-27,Madhya Pradesh (Bhopal District),Wheat / Pulses,23.2,77.4,4.1,30.9,17.5,37.1,0,2.0,NORMAL,ERA5_PUBLIC_DATASET
2024-02-28,Madhya Pradesh (Bhopal District),Wheat / Pulses,23.2,77.4,0.0,27.8,14.1,23.4,1,0.0,NORMAL,ERA5_PUBLIC_DATASET
2024-02-29,Madhya Pradesh (Bhopal District),Wheat / Pulses,23.2,77.4,0.0,31.1,15.4,23.0,2,0.0,NORMAL,ERA5_PUBLIC_DATASET
2024-03-01,Madhya Pradesh (Bhopal District),Wheat / Pulses,23.2,77.4,0.0,32.5,16.6,31.7,3,0.0,NORMAL,ERA5_PUBLIC_DATASET
2024-03-02,Madhya Pradesh (Bhopal District),Wheat / Pulses,23.2,77.4,1.1,29.7,19.2,43.2,0,0.6,NORMAL,ERA5_PUBLIC_DATASET
2024-03-03,Madhya Pradesh (Bhopal District),Wheat / Pulses,23.2,77.4,0.2,27.3,16.8,37.4,1,0.1,NORMAL,ERA5_PUBLIC_DATASET
2024-03-04,Madhya Pradesh (Bhopal District),Wheat / Pulses,23.2,77.4,0.0,24.9,12.2,25.9,2,0.0,NORMAL,ERA5_PUBLIC_DATASET
2024-03-05,Madhya Pradesh (Bhopal District),Wheat / Pulses,23.2,77.4,0.0,26.3,12.9,31.0,3,0.0,NORMAL,ERA5_PUBLIC_DATASET
2024-03-06,Madhya Pradesh (Bhopal District),Wheat / Pulses,23.2,77.4,0.0,28.1,13.0,24.8,4,0.0,NORMAL,ERA5_PUBLIC_DATASET
2024-03-07,Madhya Pradesh (Bhopal District),Wheat / Pulses,23.2,77.4,0.0,28.6,14.7,25.2,5,0.0,NORMAL,ERA5_PUBLIC_DATASET
2024-03-08,Madhya Pradesh (Bhopal District),Wheat / Pulses,23.2,77.4,0.0,28.9,15.1,25.9,6,0.0,NORMAL,ERA5_PUBLIC_DATASET
2024-03-09,Madhya Pradesh (Bhopal District),Wheat / Pulses,23.2,77.4,0.0,30.0,15.3,30.2,7,0.0,NORMAL,ERA5_PUBLIC_DATASET
2024-03-10,Madhya Pradesh (Bhopal District),Wheat / Pulses,23.2,77.4,0.0,31.6,16.6,31.0,8,0.0,NORMAL,ERA5_PUBLIC_DATASET
2024-03-11,Madhya Pradesh (Bhopal District),Wheat / Pulses,23.2,77.4,0.0,32.0,17.7,29.5,9,0.0,NORMAL,ERA5_PUBLIC_DATASET
2024-03-12,Madhya Pradesh (Bhopal District),Wheat / Pulses,23.2,77.4,0.0,32.9,18.7,31.7,10,0.0,NORMAL,ERA5_PUBLIC_DATASET
2024-03-13,Madhya Pradesh (Bhopal District),Wheat / Pulses,23.2,77.4,0.0,32.2,17.5,32.4,11,0.0,NORMAL,ERA5_PUBLIC_DATASET
2024-03-14,Madhya Pradesh (Bhopal District),Wheat / Pulses,23.2,77.4,0.0,30.6,19.5,27.7,12,0.0,NORMAL,ERA5_PUBLIC_DATASET
2024-03-15,Madhya Pradesh (Bhopal District),Wheat / Pulses,23.2,77.4,0.0,31.9,18.5,24.8,13,0.0,NORMAL,ERA5_PUBLIC_DATASET
2024-03-16,Madhya Pradesh (Bhopal District),Wheat / Pulses,23.2,77.4,0.0,32.3,18.6,36.4,14,0.0,NORMAL,ERA5_PUBLIC_DATASET
2024-03-17,Madhya Pradesh (Bhopal District),Wheat / Pulses,23.2,77.4,0.0,32.0,19.4,34.2,15,0.0,NORMAL,ERA5_PUBLIC_DATASET
2024-03-18,Madhya Pradesh (Bhopal District),Wheat / Pulses,23.2,77.4,0.0,31.6,19.9,32.8,16,0.0,NORMAL,ERA5_PUBLIC_DATASET
2024-03-19,Madhya Pradesh (Bhopal District),Wheat / Pulses,23.2,77.4,0.0,31.4,19.6,33.5,17,0.0,NORMAL,ERA5_PUBLIC_DATASET
2024-03-20,Madhya Pradesh (Bhopal District),Wheat / Pulses,23.2,77.4,0.0,33.1,17.6,36.0,18,0.0,NORMAL,ERA5_PUBLIC_DATASET
2024-03-21,Madhya Pradesh (Bhopal District),Wheat / Pulses,23.2,77.4,0.0,32.4,17.9,26.6,19,0.0,NORMAL,ERA5_PUBLIC_DATASET
2024-03-22,Madhya Pradesh (Bhopal District),Wheat / Pulses,23.2,77.4,0.0,34.4,18.3,26.6,20,0.0,NORMAL,ERA5_PUBLIC_DATASET
2024-03-23,Madhya Pradesh (Bhopal District),Wheat / Pulses,23.2,77.4,0.0,35.8,21.3,30.2,21,0.0,NORMAL,ERA5_PUBLIC_DATASET
2024-03-24,Madhya Pradesh (Bhopal District),Wheat / Pulses,23.2,77.4,0.0,36.1,23.5,40.7,22,0.0,NORMAL,ERA5_PUBLIC_DATASET
2024-03-25,Madhya Pradesh (Bhopal District),Wheat / Pulses,23.2,77.4,0.0,35.7,22.0,25.6,23,0.0,NORMAL,ERA5_PUBLIC_DATASET
2024-03-26,Madhya Pradesh (Bhopal District),Wheat / Pulses,23.2,77.4,0.0,36.1,22.1,30.2,24,0.0,NORMAL,ERA5_PUBLIC_DATASET
2024-03-27,Madhya Pradesh (Bhopal District),Wheat / Pulses,23.2,77.4,0.0,38.1,22.3,27.7,25,70.3,DROUGHT,ERA5_PUBLIC_DATASET
2024-03-28,Madhya Pradesh (Bhopal District),Wheat / Pulses,23.2,77.4,0.0,39.0,23.8,30.2,26,73.0,DROUGHT,ERA5_PUBLIC_DATASET
2024-03-29,Madhya Pradesh (Bhopal District),Wheat / Pulses,23.2,77.4,0.0,38.1,24.2,42.1,27,70.3,DROUGHT,ERA5_PUBLIC_DATASET
2024-03-30,Madhya Pradesh (Bhopal District),Wheat / Pulses,23.2,77.4,0.0,37.0,24.1,34.2,28,0.0,NORMAL,ERA5_PUBLIC_DATASET
2024-03-31,Madhya Pradesh (Bhopal District),Wheat / Pulses,23.2,77.4,0.0,36.0,25.2,42.5,29,0.0,NORMAL,ERA5_PUBLIC_DATASET
2024-04-01,Madhya Pradesh (Bhopal District),Wheat / Pulses,23.2,77.4,0.0,36.1,23.1,36.0,30,0.0,NORMAL,ERA5_PUBLIC_DATASET
2024-04-02,Madhya Pradesh (Bhopal District),Wheat / Pulses,23.2,77.4,0.0,36.9,22.8,31.3,31,0.0,NORMAL,ERA5_PUBLIC_DATASET
2024-04-03,Madhya Pradesh (Bhopal District),Wheat / Pulses,23.2,77.4,0.0,37.5,23.7,31.7,32,0.0,NORMAL,ERA5_PUBLIC_DATASET
2024-04-04,Madhya Pradesh (Bhopal District),Wheat / Pulses,23.2,77.4,0.0,37.4,25.1,37.1,33,0.0,NORMAL,ERA5_PUBLIC_DATASET
2024-04-05,Madhya Pradesh (Bhopal District),Wheat / Pulses,23.2,77.4,0.0,36.8,24.4,36.4,34,0.0,NORMAL,ERA5_PUBLIC_DATASET
2024-04-06,Madhya Pradesh (Bhopal District),Wheat / Pulses,23.2,77.4,0.0,36.3,25.2,36.7,35,0.0,NORMAL,ERA5_PUBLIC_DATASET
2024-04-07,Madhya Pradesh (Bhopal District),Wheat / Pulses,23.2,77.4,2.2,34.5,22.4,40.0,0,1.1,NORMAL,ERA5_PUBLIC_DATASET
2024-04-08,Madhya Pradesh (Bhopal District),Wheat / Pulses,23.2,77.4,0.0,35.8,22.8,51.8,1,0.0,NORMAL,ERA5_PUBLIC_DATASET
2024-04-09,Madhya Pradesh (Bhopal District),Wheat / Pulses,23.2,77.4,0.1,36.0,22.1,34.9,2,0.1,NORMAL,ERA5_PUBLIC_DATASET
2024-04-10,Madhya Pradesh (Bhopal District),Wheat / Pulses,23.2,77.4,7.1,33.4,21.2,37.4,0,3.5,NORMAL,ERA5_PUBLIC_DATASET
2024-04-11,Madhya Pradesh (Bhopal District),Wheat / Pulses,23.2,77.4,0.9,33.1,20.2,39.2,1,0.5,NORMAL,ERA5_PUBLIC_DATASET
2024-04-12,Madhya Pradesh (Bhopal District),Wheat / Pulses,23.2,77.4,5.0,33.0,21.4,55.8,0,2.5,NORMAL,ERA5_PUBLIC_DATASET
2024-04-13,Madhya Pradesh (Bhopal District),Wheat / Pulses,23.2,77.4,0.0,34.3,21.6,36.0,1,0.0,NORMAL,ERA5_PUBLIC_DATASET
2024-04-14,Madhya Pradesh (Bhopal District),Wheat / Pulses,23.2,77.4,0.2,35.1,22.3,28.8,2,0.1,NORMAL,ERA5_PUBLIC_DATASET
2024-04-15,Madhya Pradesh (Bhopal District),Wheat / Pulses,23.2,77.4,0.6,36.4,22.8,35.6,3,0.3,NORMAL,ERA5_PUBLIC_DATASET
2024-04-16,Madhya Pradesh (Bhopal District),Wheat / Pulses,23.2,77.4,0.0,37.1,23.2,27.4,4,0.0,NORMAL,ERA5_PUBLIC_DATASET
2024-04-17,Madhya Pradesh (Bhopal District),Wheat / Pulses,23.2,77.4,0.0,37.3,25.1,27.7,5,0.0,NORMAL,ERA5_PUBLIC_DATASET
2024-04-18,Madhya Pradesh (Bhopal District),Wheat / Pulses,23.2,77.4,0.0,38.6,23.8,26.3,6,0.0,NORMAL,ERA5_PUBLIC_DATASET
2024-04-19,Madhya Pradesh (Bhopal District),Wheat / Pulses,23.2,77.4,0.0,38.1,25.0,38.2,7,0.0,NORMAL,ERA5_PUBLIC_DATASET
2024-04-20,Madhya Pradesh (Bhopal District),Wheat / Pulses,23.2,77.4,0.0,37.5,26.6,44.6,8,0.0,NORMAL,ERA5_PUBLIC_DATASET
2024-04-21,Madhya Pradesh (Bhopal District),Wheat / Pulses,23.2,77.4,0.0,37.1,25.2,33.8,9,0.0,NORMAL,ERA5_PUBLIC_DATASET
2024-04-22,Madhya Pradesh (Bhopal District),Wheat / Pulses,23.2,77.4,3.8,34.9,22.7,45.4,0,1.9,NORMAL,ERA5_PUBLIC_DATASET
2024-04-23,Madhya Pradesh (Bhopal District),Wheat / Pulses,23.2,77.4,0.0,37.2,24.4,43.2,1,0.0,NORMAL,ERA5_PUBLIC_DATASET
2024-04-24,Madhya Pradesh (Bhopal District),Wheat / Pulses,23.2,77.4,0.0,38.2,24.6,45.7,2,0.0,NORMAL,ERA5_PUBLIC_DATASET
2024-04-25,Madhya Pradesh (Bhopal District),Wheat / Pulses,23.2,77.4,0.0,38.3,25.1,46.4,3,0.0,NORMAL,ERA5_PUBLIC_DATASET
2024-04-26,Madhya Pradesh (Bhopal District),Wheat / Pulses,23.2,77.4,0.1,37.8,25.7,53.3,4,0.1,NORMAL,ERA5_PUBLIC_DATASET
2024-04-27,Madhya Pradesh (Bhopal District),Wheat / Pulses,23.2,77.4,0.5,37.1,23.5,28.8,5,0.2,NORMAL,ERA5_PUBLIC_DATASET
2024-04-28,Madhya Pradesh (Bhopal District),Wheat / Pulses,23.2,77.4,0.0,38.4,25.6,30.2,6,0.0,NORMAL,ERA5_PUBLIC_DATASET
2024-04-29,Madhya Pradesh (Bhopal District),Wheat / Pulses,23.2,77.4,0.0,39.1,26.4,41.0,7,0.0,NORMAL,ERA5_PUBLIC_DATASET
2024-04-30,Madhya Pradesh (Bhopal District),Wheat / Pulses,23.2,77.4,0.0,38.0,25.6,31.7,8,0.0,NORMAL,ERA5_PUBLIC_DATASET
2024-05-01,Madhya Pradesh (Bhopal District),Wheat / Pulses,23.2,77.4,0.0,37.5,25.3,38.5,9,0.0,NORMAL,ERA5_PUBLIC_DATASET
2024-05-02,Madhya Pradesh (Bhopal District),Wheat / Pulses,23.2,77.4,0.0,36.9,21.6,26.3,10,0.0,NORMAL,ERA5_PUBLIC_DATASET
2024-05-03,Madhya Pradesh (Bhopal District),Wheat / Pulses,23.2,77.4,0.0,38.5,21.2,27.7,11,0.0,NORMAL,ERA5_PUBLIC_DATASET
2024-05-04,Madhya Pradesh (Bhopal District),Wheat / Pulses,23.2,77.4,0.0,40.2,23.9,26.6,12,0.0,NORMAL,ERA5_PUBLIC_DATASET
2024-05-05,Madhya Pradesh (Bhopal District),Wheat / Pulses,23.2,77.4,0.0,39.8,28.2,41.4,13,0.0,NORMAL,ERA5_PUBLIC_DATASET
2024-05-06,Madhya Pradesh (Bhopal District),Wheat / Pulses,23.2,77.4,0.0,39.4,27.4,39.2,14,74.2,DROUGHT,ERA5_PUBLIC_DATASET
2024-05-07,Madhya Pradesh (Bhopal District),Wheat / Pulses,23.2,77.4,0.0,40.8,27.2,33.5,15,78.4,DROUGHT,ERA5_PUBLIC_DATASET
2024-05-08,Madhya Pradesh (Bhopal District),Wheat / Pulses,23.2,77.4,0.0,39.9,26.1,47.9,16,75.7,DROUGHT,ERA5_PUBLIC_DATASET
2024-05-09,Madhya Pradesh (Bhopal District),Wheat / Pulses,23.2,77.4,0.0,40.9,28.0,43.9,17,78.7,DROUGHT,ERA5_PUBLIC_DATASET
2024-05-10,Madhya Pradesh (Bhopal District),Wheat / Pulses,23.2,77.4,0.0,41.4,27.9,33.1,18,80.2,DROUGHT,ERA5_PUBLIC_DATASET
2024-05-11,Madhya Pradesh (Bhopal District),Wheat / Pulses,23.2,77.4,0.2,40.6,28.8,34.2,19,77.8,DROUGHT,ERA5_PUBLIC_DATASET
2024-05-12,Madhya Pradesh (Bhopal District),Wheat / Pulses,23.2,77.4,0.0,40.1,28.3,36.7,20,76.3,DROUGHT,ERA5_PUBLIC_DATASET
2024-05-13,Madhya Pradesh (Bhopal District),Wheat / Pulses,23.2,77.4,0.6,38.2,25.7,37.4,21,70.6,DROUGHT,ERA5_PUBLIC_DATASET
2024-05-14,Madhya Pradesh (Bhopal District),Wheat / Pulses,23.2,77.4,4.5,38.9,26.6,53.3,0,2.2,NORMAL,ERA5_PUBLIC_DATASET
2024-05-15,Madhya Pradesh (Bhopal District),Wheat / Pulses,23.2,77.4,0.0,38.9,24.7,26.6,1,0.0,NORMAL,ERA5_PUBLIC_DATASET
2024-05-16,Madhya Pradesh (Bhopal District),Wheat / Pulses,23.2,77.4,0.0,39.6,24.7,43.6,2,0.0,NORMAL,ERA5_PUBLIC_DATASET
2024-05-17,Madhya Pradesh (Bhopal District),Wheat / Pulses,23.2,77.4,0.0,37.7,27.7,37.8,3,0.0,NORMAL,ERA5_PUBLIC_DATASET
2024-05-18,Madhya Pradesh (Bhopal District),Wheat / Pulses,23.2,77.4,0.0,41.5,27.4,36.0,4,0.0,NORMAL,ERA5_PUBLIC_DATASET
2024-05-19,Madhya Pradesh (Bhopal District),Wheat / Pulses,23.2,77.4,0.0,41.6,28.5,37.4,5,0.0,NORMAL,ERA5_PUBLIC_DATASET
2024-05-20,Madhya Pradesh (Bhopal District),Wheat / Pulses,23.2,77.4,0.0,41.7,28.7,40.3,6,0.0,NORMAL,ERA5_PUBLIC_DATASET
2024-05-21,Madhya Pradesh (Bhopal District),Wheat / Pulses,23.2,77.4,0.0,43.2,30.1,29.9,7,0.0,HEATWAVE,ERA5_PUBLIC_DATASET
2024-05-22,Madhya Pradesh (Bhopal District),Wheat / Pulses,23.2,77.4,0.0,41.4,28.5,28.4,8,0.0,NORMAL,ERA5_PUBLIC_DATASET
2024-05-23,Madhya Pradesh (Bhopal District),Wheat / Pulses,23.2,77.4,0.0,42.2,28.7,32.4,9,0.0,HEATWAVE,ERA5_PUBLIC_DATASET
2024-05-24,Madhya Pradesh (Bhopal District),Wheat / Pulses,23.2,77.4,0.0,43.1,29.7,39.6,10,0.0,HEATWAVE,ERA5_PUBLIC_DATASET
2024-05-25,Madhya Pradesh (Bhopal District),Wheat / Pulses,23.2,77.4,0.0,42.8,28.9,45.7,11,0.0,HEATWAVE,ERA5_PUBLIC_DATASET
2024-05-26,Madhya Pradesh (Bhopal District),Wheat / Pulses,23.2,77.4,0.0,44.8,28.9,50.0,12,0.0,HEATWAVE,ERA5_PUBLIC_DATASET
2024-05-27,Madhya Pradesh (Bhopal District),Wheat / Pulses,23.2,77.4,0.0,45.5,32.2,46.1,13,0.0,HEATWAVE,ERA5_PUBLIC_DATASET
2024-05-28,Madhya Pradesh (Bhopal District),Wheat / Pulses,23.2,77.4,0.0,44.5,30.0,49.3,14,89.5,DROUGHT,ERA5_PUBLIC_DATASET
2024-05-29,Madhya Pradesh (Bhopal District),Wheat / Pulses,23.2,77.4,0.0,41.6,29.0,41.0,15,80.8,DROUGHT,ERA5_PUBLIC_DATASET
2024-05-30,Madhya Pradesh (Bhopal District),Wheat / Pulses,23.2,77.4,0.0,42.1,28.1,38.5,16,82.3,DROUGHT,ERA5_PUBLIC_DATASET
2024-05-31,Madhya Pradesh (Bhopal District),Wheat / Pulses,23.2,77.4,0.0,42.2,29.2,37.8,17,82.6,DROUGHT,ERA5_PUBLIC_DATASET
2024-06-01,Madhya Pradesh (Bhopal District),Wheat / Pulses,23.2,77.4,0.0,41.2,30.1,40.0,18,79.6,DROUGHT,ERA5_PUBLIC_DATASET
2024-06-02,Madhya Pradesh (Bhopal District),Wheat / Pulses,23.2,77.4,0.0,40.9,29.6,40.7,19,78.7,DROUGHT,ERA5_PUBLIC_DATASET
2024-06-03,Madhya Pradesh (Bhopal District),Wheat / Pulses,23.2,77.4,0.1,40.6,29.3,45.0,20,77.8,DROUGHT,ERA5_PUBLIC_DATASET
2024-06-04,Madhya Pradesh (Bhopal District),Wheat / Pulses,23.2,77.4,0.0,40.9,30.2,41.0,21,78.7,DROUGHT,ERA5_PUBLIC_DATASET
2024-06-05,Madhya Pradesh (Bhopal District),Wheat / Pulses,23.2,77.4,0.1,39.5,28.5,40.3,22,74.5,DROUGHT,ERA5_PUBLIC_DATASET
2024-06-06,Madhya Pradesh (Bhopal District),Wheat / Pulses,23.2,77.4,0.0,41.0,29.1,39.6,23,79.0,DROUGHT,ERA5_PUBLIC_DATASET
2024-06-07,Madhya Pradesh (Bhopal District),Wheat / Pulses,23.2,77.4,0.0,41.7,29.1,29.5,24,81.1,DROUGHT,ERA5_PUBLIC_DATASET
2024-06-08,Madhya Pradesh (Bhopal District),Wheat / Pulses,23.2,77.4,0.4,36.3,24.9,56.2,25,0.2,NORMAL,ERA5_PUBLIC_DATASET
2024-06-09,Madhya Pradesh (Bhopal District),Wheat / Pulses,23.2,77.4,7.3,40.0,24.9,53.6,0,3.6,NORMAL,ERA5_PUBLIC_DATASET
2024-06-10,Madhya Pradesh (Bhopal District),Wheat / Pulses,23.2,77.4,0.0,39.0,26.7,40.0,1,0.0,NORMAL,ERA5_PUBLIC_DATASET
2024-06-11,Madhya Pradesh (Bhopal District),Wheat / Pulses,23.2,77.4,0.8,37.6,26.7,31.3,2,0.4,NORMAL,ERA5_PUBLIC_DATASET
2024-06-12,Madhya Pradesh (Bhopal District),Wheat / Pulses,23.2,77.4,0.7,38.0,26.8,41.4,3,0.3,NORMAL,ERA5_PUBLIC_DATASET
2024-06-13,Madhya Pradesh (Bhopal District),Wheat / Pulses,23.2,77.4,0.4,36.7,27.2,41.0,4,0.2,NORMAL,ERA5_PUBLIC_DATASET
2024-06-14,Madhya Pradesh (Bhopal District),Wheat / Pulses,23.2,77.4,0.4,37.8,27.5,46.1,5,0.2,NORMAL,ERA5_PUBLIC_DATASET
2024-06-15,Madhya Pradesh (Bhopal District),Wheat / Pulses,23.2,77.4,0.4,39.0,26.3,40.0,6,0.2,NORMAL,ERA5_PUBLIC_DATASET
2024-06-16,Madhya Pradesh (Bhopal District),Wheat / Pulses,23.2,77.4,3.6,39.5,26.2,43.6,0,1.8,NORMAL,ERA5_PUBLIC_DATASET
2024-06-17,Madhya Pradesh (Bhopal District),Wheat / Pulses,23.2,77.4,1.4,37.5,26.6,42.1,0,0.7,NORMAL,ERA5_PUBLIC_DATASET
2024-06-18,Madhya Pradesh (Bhopal District),Wheat / Pulses,23.2,77.4,22.7,37.8,26.2,51.8,0,11.3,NORMAL,ERA5_PUBLIC_DATASET
2024-06-19,Madhya Pradesh (Bhopal District),Wheat / Pulses,23.2,77.4,1.0,35.7,25.3,40.0,0,0.5,NORMAL,ERA5_PUBLIC_DATASET
2024-06-20,Madhya Pradesh (Bhopal District),Wheat / Pulses,23.2,77.4,2.6,35.0,24.5,41.8,0,1.3,NORMAL,ERA5_PUBLIC_DATASET
2024-06-21,Madhya Pradesh (Bhopal District),Wheat / Pulses,23.2,77.4,10.0,33.4,22.8,42.5,0,5.0,NORMAL,ERA5_PUBLIC_DATASET
2024-06-22,Madhya Pradesh (Bhopal District),Wheat / Pulses,23.2,77.4,13.8,31.6,24.6,26.3,0,6.9,NORMAL,ERA5_PUBLIC_DATASET
2024-06-23,Madhya Pradesh (Bhopal District),Wheat / Pulses,23.2,77.4,17.3,32.3,24.6,29.5,0,8.7,NORMAL,ERA5_PUBLIC_DATASET
2024-06-24,Madhya Pradesh (Bhopal District),Wheat / Pulses,23.2,77.4,21.6,31.6,24.2,23.0,0,10.8,NORMAL,ERA5_PUBLIC_DATASET
2024-06-25,Madhya Pradesh (Bhopal District),Wheat / Pulses,23.2,77.4,4.5,32.7,23.6,26.3,0,2.2,NORMAL,ERA5_PUBLIC_DATASET
2024-06-26,Madhya Pradesh (Bhopal District),Wheat / Pulses,23.2,77.4,9.2,34.2,25.2,28.4,0,4.6,NORMAL,ERA5_PUBLIC_DATASET
2024-06-27,Madhya Pradesh (Bhopal District),Wheat / Pulses,23.2,77.4,5.4,32.7,24.9,25.6,0,2.7,NORMAL,ERA5_PUBLIC_DATASET
2024-06-28,Madhya Pradesh (Bhopal District),Wheat / Pulses,23.2,77.4,14.0,31.3,24.5,28.8,0,7.0,NORMAL,ERA5_PUBLIC_DATASET
2024-06-29,Madhya Pradesh (Bhopal District),Wheat / Pulses,23.2,77.4,18.0,29.6,24.6,33.1,0,9.0,NORMAL,ERA5_PUBLIC_DATASET
2024-06-30,Madhya Pradesh (Bhopal District),Wheat / Pulses,23.2,77.4,11.9,31.3,24.6,36.7,0,6.0,NORMAL,ERA5_PUBLIC_DATASET
2024-07-01,Madhya Pradesh (Bhopal District),Wheat / Pulses,23.2,77.4,20.1,27.9,24.0,44.3,0,10.1,NORMAL,ERA5_PUBLIC_DATASET
2024-07-02,Madhya Pradesh (Bhopal District),Wheat / Pulses,23.2,77.4,5.7,28.2,24.0,49.3,0,2.9,NORMAL,ERA5_PUBLIC_DATASET
2024-07-03,Madhya Pradesh (Bhopal District),Wheat / Pulses,23.2,77.4,49.9,30.2,23.7,34.9,0,15.0,NORMAL,ERA5_PUBLIC_DATASET
2024-07-04,Madhya Pradesh (Bhopal District),Wheat / Pulses,23.2,77.4,24.1,30.4,24.1,36.0,0,12.1,NORMAL,ERA5_PUBLIC_DATASET
2024-07-05,Madhya Pradesh (Bhopal District),Wheat / Pulses,23.2,77.4,23.1,30.0,23.8,43.6,0,11.6,NORMAL,ERA5_PUBLIC_DATASET
2024-07-06,Madhya Pradesh (Bhopal District),Wheat / Pulses,23.2,77.4,0.8,29.3,24.1,42.5,1,0.4,NORMAL,ERA5_PUBLIC_DATASET
2024-07-07,Madhya Pradesh (Bhopal District),Wheat / Pulses,23.2,77.4,1.9,30.9,24.1,28.4,0,0.9,NORMAL,ERA5_PUBLIC_DATASET
2024-07-08,Madhya Pradesh (Bhopal District),Wheat / Pulses,23.2,77.4,18.5,29.3,23.5,24.5,0,9.2,NORMAL,ERA5_PUBLIC_DATASET
2024-07-09,Madhya Pradesh (Bhopal District),Wheat / Pulses,23.2,77.4,4.9,32.2,23.6,19.8,0,2.5,NORMAL,ERA5_PUBLIC_DATASET
2024-07-10,Madhya Pradesh (Bhopal District),Wheat / Pulses,23.2,77.4,6.0,30.9,24.2,23.0,0,3.0,NORMAL,ERA5_PUBLIC_DATASET
2024-07-11,Madhya Pradesh (Bhopal District),Wheat / Pulses,23.2,77.4,3.3,30.7,24.9,33.5,0,1.6,NORMAL,ERA5_PUBLIC_DATASET
2024-07-12,Madhya Pradesh (Bhopal District),Wheat / Pulses,23.2,77.4,10.9,30.5,24.8,34.6,0,5.5,NORMAL,ERA5_PUBLIC_DATASET
2024-07-13,Madhya Pradesh (Bhopal District),Wheat / Pulses,23.2,77.4,18.1,29.3,24.2,32.0,0,9.1,NORMAL,ERA5_PUBLIC_DATASET
2024-07-14,Madhya Pradesh (Bhopal District),Wheat / Pulses,23.2,77.4,6.7,30.9,23.5,29.9,0,3.4,NORMAL,ERA5_PUBLIC_DATASET
2024-07-15,Madhya Pradesh (Bhopal District),Wheat / Pulses,23.2,77.4,11.1,30.6,24.7,27.7,0,5.5,NORMAL,ERA5_PUBLIC_DATASET
2024-07-16,Madhya Pradesh (Bhopal District),Wheat / Pulses,23.2,77.4,6.9,30.9,24.1,30.6,0,3.5,NORMAL,ERA5_PUBLIC_DATASET
2024-07-17,Madhya Pradesh (Bhopal District),Wheat / Pulses,23.2,77.4,13.1,32.2,24.3,17.6,0,6.5,NORMAL,ERA5_PUBLIC_DATASET
2024-07-18,Madhya Pradesh (Bhopal District),Wheat / Pulses,23.2,77.4,12.9,30.8,24.4,28.8,0,6.5,NORMAL,ERA5_PUBLIC_DATASET
2024-07-19,Madhya Pradesh (Bhopal District),Wheat / Pulses,23.2,77.4,3.0,31.3,24.5,22.7,0,1.5,NORMAL,ERA5_PUBLIC_DATASET
2024-07-20,Madhya Pradesh (Bhopal District),Wheat / Pulses,23.2,77.4,8.3,31.7,24.1,27.0,0,4.2,NORMAL,ERA5_PUBLIC_DATASET
2024-07-21,Madhya Pradesh (Bhopal District),Wheat / Pulses,23.2,77.4,24.3,31.2,24.5,28.8,0,12.2,NORMAL,ERA5_PUBLIC_DATASET
2024-07-22,Madhya Pradesh (Bhopal District),Wheat / Pulses,23.2,77.4,18.7,29.9,23.8,30.6,0,9.3,NORMAL,ERA5_PUBLIC_DATASET
2024-07-23,Madhya Pradesh (Bhopal District),Wheat / Pulses,23.2,77.4,15.2,27.1,23.9,37.8,0,7.6,NORMAL,ERA5_PUBLIC_DATASET
2024-07-24,Madhya Pradesh (Bhopal District),Wheat / Pulses,23.2,77.4,27.0,25.7,23.7,36.4,0,13.5,NORMAL,ERA5_PUBLIC_DATASET
2024-07-25,Madhya Pradesh (Bhopal District),Wheat / Pulses,23.2,77.4,4.2,28.9,23.6,38.2,0,2.1,NORMAL,ERA5_PUBLIC_DATASET
2024-07-26,Madhya Pradesh (Bhopal District),Wheat / Pulses,23.2,77.4,5.4,27.8,23.7,37.4,0,2.7,NORMAL,ERA5_PUBLIC_DATASET
2024-07-27,Madhya Pradesh (Bhopal District),Wheat / Pulses,23.2,77.4,18.9,27.6,23.7,38.5,0,9.4,NORMAL,ERA5_PUBLIC_DATASET
2024-07-28,Madhya Pradesh (Bhopal District),Wheat / Pulses,23.2,77.4,20.8,28.6,23.5,40.0,0,10.4,NORMAL,ERA5_PUBLIC_DATASET
2024-07-29,Madhya Pradesh (Bhopal District),Wheat / Pulses,23.2,77.4,14.4,27.7,23.6,36.7,0,7.2,NORMAL,ERA5_PUBLIC_DATASET
2024-07-30,Madhya Pradesh (Bhopal District),Wheat / Pulses,23.2,77.4,5.0,29.5,23.0,29.9,0,2.5,NORMAL,ERA5_PUBLIC_DATASET
2024-07-31,Madhya Pradesh (Bhopal District),Wheat / Pulses,23.2,77.4,6.0,29.5,24.0,34.6,0,3.0,NORMAL,ERA5_PUBLIC_DATASET
2024-08-01,Madhya Pradesh (Bhopal District),Wheat / Pulses,23.2,77.4,19.4,25.5,23.4,34.2,0,9.7,NORMAL,ERA5_PUBLIC_DATASET
2024-08-02,Madhya Pradesh (Bhopal District),Wheat / Pulses,23.2,77.4,37.7,25.0,23.1,42.1,0,15.0,NORMAL,ERA5_PUBLIC_DATASET
2024-08-03,Madhya Pradesh (Bhopal District),Wheat / Pulses,23.2,77.4,16.5,26.5,23.1,37.1,0,8.2,NORMAL,ERA5_PUBLIC_DATASET
2024-08-04,Madhya Pradesh (Bhopal District),Wheat / Pulses,23.2,77.4,32.7,25.2,23.3,49.3,0,15.0,NORMAL,ERA5_PUBLIC_DATASET
2024-08-05,Madhya Pradesh (Bhopal District),Wheat / Pulses,23.2,77.4,3.0,29.2,22.9,44.6,0,1.5,NORMAL,ERA5_PUBLIC_DATASET
2024-08-06,Madhya Pradesh (Bhopal District),Wheat / Pulses,23.2,77.4,1.3,28.8,23.3,45.0,0,0.7,NORMAL,ERA5_PUBLIC_DATASET
2024-08-07,Madhya Pradesh (Bhopal District),Wheat / Pulses,23.2,77.4,5.6,29.0,23.4,36.4,0,2.8,NORMAL,ERA5_PUBLIC_DATASET
2024-08-08,Madhya Pradesh (Bhopal District),Wheat / Pulses,23.2,77.4,20.3,25.9,23.1,28.1,0,10.2,NORMAL,ERA5_PUBLIC_DATASET
2024-08-09,Madhya Pradesh (Bhopal District),Wheat / Pulses,23.2,77.4,4.5,28.7,22.1,27.4,0,2.2,NORMAL,ERA5_PUBLIC_DATASET
2024-08-10,Madhya Pradesh (Bhopal District),Wheat / Pulses,23.2,77.4,10.2,28.8,23.3,33.1,0,5.1,NORMAL,ERA5_PUBLIC_DATASET
2024-08-11,Madhya Pradesh (Bhopal District),Wheat / Pulses,23.2,77.4,19.1,27.3,23.0,34.2,0,9.6,NORMAL,ERA5_PUBLIC_DATASET
2024-08-12,Madhya Pradesh (Bhopal District),Wheat / Pulses,23.2,77.4,2.1,28.9,23.0,31.7,0,1.1,NORMAL,ERA5_PUBLIC_DATASET
2024-08-13,Madhya Pradesh (Bhopal District),Wheat / Pulses,23.2,77.4,3.3,30.0,23.2,31.0,0,1.6,NORMAL,ERA5_PUBLIC_DATASET
2024-08-14,Madhya Pradesh (Bhopal District),Wheat / Pulses,23.2,77.4,0.8,29.9,23.9,29.5,1,0.4,NORMAL,ERA5_PUBLIC_DATASET
2024-08-15,Madhya Pradesh (Bhopal District),Wheat / Pulses,23.2,77.4,7.6,29.4,24.5,27.7,0,3.8,NORMAL,ERA5_PUBLIC_DATASET
2024-08-16,Madhya Pradesh (Bhopal District),Wheat / Pulses,23.2,77.4,2.9,29.6,24.2,26.6,0,1.4,NORMAL,ERA5_PUBLIC_DATASET
2024-08-17,Madhya Pradesh (Bhopal District),Wheat / Pulses,23.2,77.4,1.6,30.3,23.3,26.6,0,0.8,NORMAL,ERA5_PUBLIC_DATASET
2024-08-18,Madhya Pradesh (Bhopal District),Wheat / Pulses,23.2,77.4,0.6,30.5,23.7,23.8,1,0.3,NORMAL,ERA5_PUBLIC_DATASET
2024-08-19,Madhya Pradesh (Bhopal District),Wheat / Pulses,23.2,77.4,1.6,30.7,24.0,31.3,0,0.8,NORMAL,ERA5_PUBLIC_DATASET
2024-08-20,Madhya Pradesh (Bhopal District),Wheat / Pulses,23.2,77.4,13.5,29.5,23.4,22.7,0,6.8,NORMAL,ERA5_PUBLIC_DATASET
2024-08-21,Madhya Pradesh (Bhopal District),Wheat / Pulses,23.2,77.4,20.8,29.8,23.6,27.0,0,10.4,NORMAL,ERA5_PUBLIC_DATASET
2024-08-22,Madhya Pradesh (Bhopal District),Wheat / Pulses,23.2,77.4,12.1,30.3,23.9,23.4,0,6.0,NORMAL,ERA5_PUBLIC_DATASET
2024-08-23,Madhya Pradesh (Bhopal District),Wheat / Pulses,23.2,77.4,28.0,27.9,23.4,23.8,0,14.0,NORMAL,ERA5_PUBLIC_DATASET
2024-08-24,Madhya Pradesh (Bhopal District),Wheat / Pulses,23.2,77.4,28.4,27.7,23.4,25.2,0,14.2,NORMAL,ERA5_PUBLIC_DATASET
2024-08-25,Madhya Pradesh (Bhopal District),Wheat / Pulses,23.2,77.4,33.7,25.6,22.9,38.9,0,15.0,NORMAL,ERA5_PUBLIC_DATASET
2024-08-26,Madhya Pradesh (Bhopal District),Wheat / Pulses,23.2,77.4,1.8,27.3,22.6,46.4,0,0.9,NORMAL,ERA5_PUBLIC_DATASET
2024-08-27,Madhya Pradesh (Bhopal District),Wheat / Pulses,23.2,77.4,0.3,29.6,22.1,34.6,1,0.1,NORMAL,ERA5_PUBLIC_DATASET
2024-08-28,Madhya Pradesh (Bhopal District),Wheat / Pulses,23.2,77.4,1.4,29.9,22.6,40.7,0,0.7,NORMAL,ERA5_PUBLIC_DATASET
2024-08-29,Madhya Pradesh (Bhopal District),Wheat / Pulses,23.2,77.4,3.0,29.5,22.8,22.0,0,1.5,NORMAL,ERA5_PUBLIC_DATASET
2024-08-30,Madhya Pradesh (Bhopal District),Wheat / Pulses,23.2,77.4,9.6,29.3,22.8,21.6,0,4.8,NORMAL,ERA5_PUBLIC_DATASET
2024-08-31,Madhya Pradesh (Bhopal District),Wheat / Pulses,23.2,77.4,7.1,29.0,23.2,30.6,0,3.5,NORMAL,ERA5_PUBLIC_DATASET
2024-09-01,Madhya Pradesh (Bhopal District),Wheat / Pulses,23.2,77.4,20.8,30.3,24.3,36.7,0,10.4,NORMAL,ERA5_PUBLIC_DATASET
2024-09-02,Madhya Pradesh (Bhopal District),Wheat / Pulses,23.2,77.4,23.4,29.3,23.0,34.9,0,11.7,NORMAL,ERA5_PUBLIC_DATASET
2024-09-03,Madhya Pradesh (Bhopal District),Wheat / Pulses,23.2,77.4,13.2,30.0,23.1,29.9,0,6.6,NORMAL,ERA5_PUBLIC_DATASET
2024-09-04,Madhya Pradesh (Bhopal District),Wheat / Pulses,23.2,77.4,9.0,30.0,23.1,32.4,0,4.5,NORMAL,ERA5_PUBLIC_DATASET
2024-09-05,Madhya Pradesh (Bhopal District),Wheat / Pulses,23.2,77.4,6.9,29.4,23.0,34.2,0,3.5,NORMAL,ERA5_PUBLIC_DATASET
2024-09-06,Madhya Pradesh (Bhopal District),Wheat / Pulses,23.2,77.4,0.8,29.8,23.0,23.8,1,0.4,NORMAL,ERA5_PUBLIC_DATASET
2024-09-07,Madhya Pradesh (Bhopal District),Wheat / Pulses,23.2,77.4,17.4,27.8,23.4,24.1,0,8.7,NORMAL,ERA5_PUBLIC_DATASET
2024-09-08,Madhya Pradesh (Bhopal District),Wheat / Pulses,23.2,77.4,9.6,28.7,23.2,34.9,0,4.8,NORMAL,ERA5_PUBLIC_DATASET
2024-09-09,Madhya Pradesh (Bhopal District),Wheat / Pulses,23.2,77.4,14.5,28.2,23.2,27.0,0,7.2,NORMAL,ERA5_PUBLIC_DATASET
2024-09-10,Madhya Pradesh (Bhopal District),Wheat / Pulses,23.2,77.4,29.2,30.5,22.9,25.6,0,14.6,NORMAL,ERA5_PUBLIC_DATASET
2024-09-11,Madhya Pradesh (Bhopal District),Wheat / Pulses,23.2,77.4,29.4,24.7,22.6,48.6,0,14.7,NORMAL,ERA5_PUBLIC_DATASET
2024-09-12,Madhya Pradesh (Bhopal District),Wheat / Pulses,23.2,77.4,5.5,29.7,23.2,44.6,0,2.8,NORMAL,ERA5_PUBLIC_DATASET
2024-09-13,Madhya Pradesh (Bhopal District),Wheat / Pulses,23.2,77.4,3.4,27.7,22.4,35.3,0,1.7,NORMAL,ERA5_PUBLIC_DATASET
2024-09-14,Madhya Pradesh (Bhopal District),Wheat / Pulses,23.2,77.4,1.5,27.8,21.4,33.8,0,0.8,NORMAL,ERA5_PUBLIC_DATASET
2024-09-15,Madhya Pradesh (Bhopal District),Wheat / Pulses,23.2,77.4,0.4,28.9,21.3,33.8,1,0.2,NORMAL,ERA5_PUBLIC_DATASET
2024-09-16,Madhya Pradesh (Bhopal District),Wheat / Pulses,23.2,77.4,0.3,29.4,21.7,32.8,2,0.1,NORMAL,ERA5_PUBLIC_DATASET
2024-09-17,Madhya Pradesh (Bhopal District),Wheat / Pulses,23.2,77.4,0.7,28.6,22.8,45.7,3,0.3,NORMAL,ERA5_PUBLIC_DATASET
2024-09-18,Madhya Pradesh (Bhopal District),Wheat / Pulses,23.2,77.4,0.5,27.7,21.9,43.2,4,0.2,NORMAL,ERA5_PUBLIC_DATASET
2024-09-19,Madhya Pradesh (Bhopal District),Wheat / Pulses,23.2,77.4,0.0,30.1,21.7,33.5,5,0.0,NORMAL,ERA5_PUBLIC_DATASET
2024-09-20,Madhya Pradesh (Bhopal District),Wheat / Pulses,23.2,77.4,0.3,30.5,22.7,28.8,6,0.1,NORMAL,ERA5_PUBLIC_DATASET
2024-09-21,Madhya Pradesh (Bhopal District),Wheat / Pulses,23.2,77.4,0.6,30.8,23.7,23.4,7,0.3,NORMAL,ERA5_PUBLIC_DATASET
2024-09-22,Madhya Pradesh (Bhopal District),Wheat / Pulses,23.2,77.4,1.1,31.3,23.3,24.5,0,0.6,NORMAL,ERA5_PUBLIC_DATASET
2024-09-23,Madhya Pradesh (Bhopal District),Wheat / Pulses,23.2,77.4,15.5,30.0,23.7,31.0,0,7.8,NORMAL,ERA5_PUBLIC_DATASET
2024-09-24,Madhya Pradesh (Bhopal District),Wheat / Pulses,23.2,77.4,0.4,31.8,24.2,24.5,1,0.2,NORMAL,ERA5_PUBLIC_DATASET
2024-09-25,Madhya Pradesh (Bhopal District),Wheat / Pulses,23.2,77.4,3.1,30.9,23.8,28.4,0,1.6,NORMAL,ERA5_PUBLIC_DATASET
2024-09-26,Madhya Pradesh (Bhopal District),Wheat / Pulses,23.2,77.4,7.7,30.3,23.6,28.1,0,3.9,NORMAL,ERA5_PUBLIC_DATASET
2024-09-27,Madhya Pradesh (Bhopal District),Wheat / Pulses,23.2,77.4,28.3,29.0,23.4,23.0,0,14.2,NORMAL,ERA5_PUBLIC_DATASET
2024-09-28,Madhya Pradesh (Bhopal District),Wheat / Pulses,23.2,77.4,16.5,27.8,23.0,34.9,0,8.2,NORMAL,ERA5_PUBLIC_DATASET
2024-09-29,Madhya Pradesh (Bhopal District),Wheat / Pulses,23.2,77.4,1.3,28.9,22.8,29.5,0,0.7,NORMAL,ERA5_PUBLIC_DATASET
2024-09-30,Madhya Pradesh (Bhopal District),Wheat / Pulses,23.2,77.4,1.0,29.4,22.2,24.8,0,0.5,NORMAL,ERA5_PUBLIC_DATASET
2024-10-01,Madhya Pradesh (Bhopal District),Wheat / Pulses,23.2,77.4,0.0,31.1,22.3,25.9,1,0.0,NORMAL,ERA5_PUBLIC_DATASET
2024-10-02,Madhya Pradesh (Bhopal District),Wheat / Pulses,23.2,77.4,0.0,32.2,23.3,30.6,2,0.0,NORMAL,ERA5_PUBLIC_DATASET
2024-10-03,Madhya Pradesh (Bhopal District),Wheat / Pulses,23.2,77.4,0.3,32.0,23.4,27.7,3,0.1,NORMAL,ERA5_PUBLIC_DATASET
2024-10-04,Madhya Pradesh (Bhopal District),Wheat / Pulses,23.2,77.4,0.0,31.2,23.0,27.0,4,0.0,NORMAL,ERA5_PUBLIC_DATASET
2024-10-05,Madhya Pradesh (Bhopal District),Wheat / Pulses,23.2,77.4,0.0,30.6,21.8,24.5,5,0.0,NORMAL,ERA5_PUBLIC_DATASET
2024-10-06,Madhya Pradesh (Bhopal District),Wheat / Pulses,23.2,77.4,0.0,31.4,21.5,24.8,6,0.0,NORMAL,ERA5_PUBLIC_DATASET
2024-10-07,Madhya Pradesh (Bhopal District),Wheat / Pulses,23.2,77.4,0.0,30.3,21.2,26.6,7,0.0,NORMAL,ERA5_PUBLIC_DATASET
2024-10-08,Madhya Pradesh (Bhopal District),Wheat / Pulses,23.2,77.4,0.0,30.9,21.0,20.9,8,0.0,NORMAL,ERA5_PUBLIC_DATASET
2024-10-09,Madhya Pradesh (Bhopal District),Wheat / Pulses,23.2,77.4,0.1,31.4,21.9,26.6,9,0.1,NORMAL,ERA5_PUBLIC_DATASET
2024-10-10,Madhya Pradesh (Bhopal District),Wheat / Pulses,23.2,77.4,1.4,30.9,21.5,24.8,0,0.7,NORMAL,ERA5_PUBLIC_DATASET
2024-10-11,Madhya Pradesh (Bhopal District),Wheat / Pulses,23.2,77.4,0.6,30.4,23.1,29.5,1,0.3,NORMAL,ERA5_PUBLIC_DATASET
2024-10-12,Madhya Pradesh (Bhopal District),Wheat / Pulses,23.2,77.4,0.7,27.2,22.4,22.7,2,0.3,NORMAL,ERA5_PUBLIC_DATASET
2024-10-13,Madhya Pradesh (Bhopal District),Wheat / Pulses,23.2,77.4,3.4,30.5,22.3,27.0,0,1.7,NORMAL,ERA5_PUBLIC_DATASET
2024-10-14,Madhya Pradesh (Bhopal District),Wheat / Pulses,23.2,77.4,1.2,29.6,21.8,19.8,0,0.6,NORMAL,ERA5_PUBLIC_DATASET
2024-10-15,Madhya Pradesh (Bhopal District),Wheat / Pulses,23.2,77.4,0.3,30.1,21.3,19.8,1,0.1,NORMAL,ERA5_PUBLIC_DATASET
2024-10-16,Madhya Pradesh (Bhopal District),Wheat / Pulses,23.2,77.4,0.1,31.2,22.4,25.2,2,0.1,NORMAL,ERA5_PUBLIC_DATASET
2024-10-17,Madhya Pradesh (Bhopal District),Wheat / Pulses,23.2,77.4,0.0,31.0,21.0,26.3,3,0.0,NORMAL,ERA5_PUBLIC_DATASET
2024-10-18,Madhya Pradesh (Bhopal District),Wheat / Pulses,23.2,77.4,0.0,29.4,21.1,24.1,4,0.0,NORMAL,ERA5_PUBLIC_DATASET
2024-10-19,Madhya Pradesh (Bhopal District),Wheat / Pulses,23.2,77.4,0.0,31.5,21.4,25.2,5,0.0,NORMAL,ERA5_PUBLIC_DATASET
2024-10-20,Madhya Pradesh (Bhopal District),Wheat / Pulses,23.2,77.4,1.5,28.5,20.5,25.9,0,0.8,NORMAL,ERA5_PUBLIC_DATASET
2024-10-21,Madhya Pradesh (Bhopal District),Wheat / Pulses,23.2,77.4,0.0,30.6,19.2,14.0,1,0.0,NORMAL,ERA5_PUBLIC_DATASET
2024-10-22,Madhya Pradesh (Bhopal District),Wheat / Pulses,23.2,77.4,0.0,31.0,20.9,18.7,2,0.0,NORMAL,ERA5_PUBLIC_DATASET
2024-10-23,Madhya Pradesh (Bhopal District),Wheat / Pulses,23.2,77.4,0.0,30.8,20.0,27.0,3,0.0,NORMAL,ERA5_PUBLIC_DATASET
2024-10-24,Madhya Pradesh (Bhopal District),Wheat / Pulses,23.2,77.4,0.0,30.3,19.6,32.4,4,0.0,NORMAL,ERA5_PUBLIC_DATASET
2024-10-25,Madhya Pradesh (Bhopal District),Wheat / Pulses,23.2,77.4,0.0,30.9,20.4,29.5,5,0.0,NORMAL,ERA5_PUBLIC_DATASET
2024-10-26,Madhya Pradesh (Bhopal District),Wheat / Pulses,23.2,77.4,0.0,31.7,19.2,27.7,6,0.0,NORMAL,ERA5_PUBLIC_DATASET
2024-10-27,Madhya Pradesh (Bhopal District),Wheat / Pulses,23.2,77.4,0.0,31.4,19.7,25.9,7,0.0,NORMAL,ERA5_PUBLIC_DATASET
2024-10-28,Madhya Pradesh (Bhopal District),Wheat / Pulses,23.2,77.4,0.0,30.8,19.3,22.0,8,0.0,NORMAL,ERA5_PUBLIC_DATASET
2024-10-29,Madhya Pradesh (Bhopal District),Wheat / Pulses,23.2,77.4,0.0,32.2,20.7,23.0,9,0.0,NORMAL,ERA5_PUBLIC_DATASET
2024-10-30,Madhya Pradesh (Bhopal District),Wheat / Pulses,23.2,77.4,0.0,32.3,20.4,24.8,10,0.0,NORMAL,ERA5_PUBLIC_DATASET
2024-10-31,Madhya Pradesh (Bhopal District),Wheat / Pulses,23.2,77.4,0.0,32.7,19.2,23.4,11,0.0,NORMAL,ERA5_PUBLIC_DATASET
